{"timezone":"Africa/Maputo","countries":{"Mozambique":[{"city":"Maputo","state":"Maputo City","population":1254837,"lat":-25.96553,"lng":32.58322},{"city":"Matola","state":"Maputo Province","population":1198988,"lat":-25.96222,"lng":32.45889},{"city":"Nampula","state":"Nampula","population":770379,"lat":-15.11646,"lng":39.2666},{"city":"Beira","state":"Sofala","population":687764,"lat":-19.84361,"lng":34.83889},{"city":"Chimoio","state":"Manica","population":422046,"lat":-19.11639,"lng":33.48333},{"city":"Tete","state":"Tete","population":357000,"lat":-16.15639,"lng":33.58667},{"city":"Quelimane","state":"Zambezia Province","population":349842,"lat":-17.87861,"lng":36.88833},{"city":"Lichinga","state":"Niassa Province","population":281341,"lat":-13.31278,"lng":35.24056},{"city":"Nacala","state":"Nampula","population":239808,"lat":-14.56257,"lng":40.68538},{"city":"Pemba","state":"Cabo Delgado Province","population":232932,"lat":-12.97395,"lng":40.51775},{"city":"Mocuba","state":"Zambezia Province","population":196001,"lat":-16.8375,"lng":36.98556},{"city":"Gurúè","state":"Zambezia Province","population":168971,"lat":-15.46694,"lng":36.97778},{"city":"Xai-Xai","state":"Gaza Province","population":154356,"lat":-25.05194,"lng":33.64417},{"city":"Maxixe","state":"Inhambane Province","population":126408,"lat":-23.85972,"lng":35.34722},{"city":"Mandimba","state":"Niassa Province","population":118922,"lat":-14.3525,"lng":35.65056},{"city":"Ressano Garcia","state":"Maputo Province","population":110000,"lat":-25.44278,"lng":31.99528},{"city":"Angoche","state":"Nampula","population":104540,"lat":-16.2325,"lng":39.90861},{"city":"Inhambane","state":"Inhambane Province","population":95388,"lat":-23.865,"lng":35.38333},{"city":"Cuamba","state":"Niassa Province","population":91780,"lat":-14.80306,"lng":36.53722},{"city":"Montepuez","state":"Cabo Delgado Province","population":88442,"lat":-13.12556,"lng":38.99972},{"city":"Dondo","state":"Sofala","population":82260,"lat":-19.60944,"lng":34.74306},{"city":"Chibuto","state":"Gaza Province","population":73393,"lat":-24.68667,"lng":33.53056},{"city":"Manhiça","state":"Maputo Province","population":65240,"lat":-25.40222,"lng":32.80722},{"city":"Chokwé","state":"Gaza Province","population":63695,"lat":-24.53333,"lng":32.98333},{"city":"Mozambique","state":"Nampula","population":55829,"lat":-15.03466,"lng":40.73447},{"city":"Nametil","state":"Nampula","population":52457,"lat":-15.72028,"lng":39.3425},{"city":"Monapo","state":"Nampula","population":50134,"lat":-14.91694,"lng":40.30222},{"city":"Alto Molocue","state":"Zambezia Province","population":49019,"lat":-15.63556,"lng":37.68833},{"city":"Marromeu","state":"Sofala","population":45777,"lat":-18.29083,"lng":35.94528},{"city":"Mocímboa da Praia","state":"Cabo Delgado Province","population":45313,"lat":-11.35172,"lng":40.35158},{"city":"Moatize","state":"Tete","population":45213,"lat":-16.11528,"lng":33.72944},{"city":"Vilankulo","state":"Inhambane Province","population":43183,"lat":-22.0,"lng":35.31667},{"city":"Manica","state":"Manica","population":41961,"lat":-18.93444,"lng":32.87556},{"city":"Gondola","state":"Manica","population":39351,"lat":-19.08833,"lng":33.64861},{"city":"Chiúre","state":"Cabo Delgado Province","population":37871,"lat":-13.3825,"lng":39.78167},{"city":"Namialo","state":"Nampula","population":37226,"lat":-14.92056,"lng":39.98361},{"city":"Milange","state":"Zambezia Province","population":35146,"lat":-16.09861,"lng":35.77},{"city":"Mutuáli","state":"Nampula","population":32921,"lat":-14.87056,"lng":37.00444},{"city":"Macia","state":"Gaza Province","population":32286,"lat":-25.02694,"lng":33.09889},{"city":"Songo","state":"Tete","population":31101,"lat":-15.59583,"lng":32.76472},{"city":"Ribáuè","state":"Nampula","population":30241,"lat":-14.94473,"lng":38.32362},{"city":"Nhamatanda","state":"Sofala","population":30087,"lat":-19.26917,"lng":34.21278},{"city":"Micolene","state":"Nampula","population":29686,"lat":-16.73333,"lng":39.23333},{"city":"Mocímboa","state":"Cabo Delgado Province","population":27909,"lat":-11.31667,"lng":40.35},{"city":"Boane","state":"Maputo Province","population":27325,"lat":-26.04236,"lng":32.33027},{"city":"Mueda","state":"Cabo Delgado Province","population":27274,"lat":-11.66278,"lng":39.55056},{"city":"Namapa-erati","state":"Nampula","population":26383,"lat":-13.71302,"lng":39.83151},{"city":"Catandica","state":"Manica","population":25869,"lat":-18.0575,"lng":33.17361},{"city":"Massinga","state":"Inhambane Province","population":24312,"lat":-23.32917,"lng":35.38139},{"city":"Mossuril","state":"Nampula","population":24079,"lat":-14.96778,"lng":40.66389},{"city":"Morrumbala","state":"Zambezia Province","population":24076,"lat":-17.32694,"lng":35.58417},{"city":"Xilembene","state":"Gaza Province","population":23742,"lat":-24.68941,"lng":33.25844},{"city":"Malema","state":"Nampula","population":23553,"lat":-14.94747,"lng":37.41591},{"city":"Macomia","state":"Cabo Delgado Province","population":23228,"lat":-12.24667,"lng":40.12083},{"city":"Namacurra","state":"Zambezia Province","population":22647,"lat":-17.49194,"lng":37.02889},{"city":"Gorongosa","state":"Sofala","population":21792,"lat":-18.67556,"lng":34.07278},{"city":"Caia","state":"Sofala","population":21179,"lat":-17.82028,"lng":35.34417},{"city":"Iapala","state":"Nampula","population":20146,"lat":-15.025,"lng":38.0425},{"city":"Murrupula","state":"Nampula","population":19504,"lat":-15.45694,"lng":38.67722},{"city":"Maganja","state":"Zambezia Province","population":17900,"lat":-17.31197,"lng":37.50784},{"city":"Chinde","state":"Zambezia Province","population":17558,"lat":-18.58111,"lng":36.45861},{"city":"Pebane","state":"Zambezia Province","population":17167,"lat":-17.26417,"lng":38.135},{"city":"Búzi","state":"Sofala","population":16369,"lat":-19.86439,"lng":34.46735},{"city":"Machipanda","state":"Manica","population":15962,"lat":-18.98604,"lng":32.73553},{"city":"Messica","state":"Manica","population":15907,"lat":-18.99161,"lng":33.08226},{"city":"Ulongué","state":"Tete","population":15820,"lat":-14.72278,"lng":34.36083},{"city":"Moamba","state":"Maputo Province","population":14940,"lat":-25.60268,"lng":32.24607},{"city":"Metangula","state":"Niassa Province","population":14835,"lat":-12.695,"lng":34.81583},{"city":"Namaacha","state":"Maputo Province","population":14781,"lat":-25.97502,"lng":32.01897},{"city":"Inhassoro","state":"Inhambane Province","population":13122,"lat":-21.53472,"lng":35.20222},{"city":"Marracuene","state":"Maputo Province","population":13051,"lat":-25.73694,"lng":32.67639},{"city":"Morrumbene","state":"Inhambane Province","population":12532,"lat":-23.65778,"lng":35.345},{"city":"Magude","state":"Maputo Province","population":12419,"lat":-25.02306,"lng":32.64806},{"city":"Quissico","state":"Inhambane Province","population":12070,"lat":-24.72028,"lng":34.7425},{"city":"Manjacaze","state":"Gaza Province","population":11984,"lat":-24.72389,"lng":33.85639},{"city":"Inhaminga","state":"Sofala","population":11564,"lat":-18.41528,"lng":35.0225},{"city":"Xinavane","state":"Maputo Province","population":11534,"lat":-25.16047,"lng":32.80038},{"city":"Meconta","state":"Nampula","population":10891,"lat":-14.9925,"lng":39.84667},{"city":"Nhamayabué","state":"Tete","population":10088,"lat":-17.42056,"lng":35.06583},{"city":"Vila Eduardo Mondlane","state":"Gaza Province","population":9665,"lat":-22.07917,"lng":31.67861},{"city":"Marrupa","state":"Niassa Province","population":9565,"lat":-13.18877,"lng":37.50453},{"city":"Inharrime","state":"Inhambane Province","population":9415,"lat":-24.47694,"lng":35.03028},{"city":"Bilene","state":"Gaza Province","population":9235,"lat":-25.27264,"lng":33.24205},{"city":"Homoíne","state":"Inhambane Province","population":8447,"lat":-23.88444,"lng":35.15139},{"city":"Luabo","state":"Zambezia Province","population":7099,"lat":-18.39278,"lng":36.10528},{"city":"Insaca","state":"Niassa Province","population":6668,"lat":-15.19783,"lng":35.87091},{"city":"Caniçado","state":"Gaza Province","population":6608,"lat":-24.41703,"lng":32.94287},{"city":"Ibo","state":"Cabo Delgado Province","population":5701,"lat":-12.3426,"lng":40.5859},{"city":"Sanga","state":"Niassa Province","population":4184,"lat":-12.90597,"lng":35.05008},{"city":"Bela Vista","state":"Maputo Province","population":3006,"lat":-26.34065,"lng":32.66746},{"city":"Nova Mambone","state":"Inhambane Province","population":2482,"lat":-20.98806,"lng":35.02222},{"city":"Bairro 25 de Junho A","state":"Maputo City","population":0,"lat":-25.90028,"lng":32.55556},{"city":"Bairro 25 de Junho B","state":"Maputo City","population":0,"lat":-25.90111,"lng":32.5775}]}}