{"timezone":"Africa/Lubumbashi","countries":{"Democratic Republic of the Congo":[{"city":"Lubumbashi","state":"Haut-Katanga","population":2221925,"lat":-11.66089,"lng":27.47938},{"city":"Mbuji-Mayi","state":"East Kasai","population":2101332,"lat":-6.13603,"lng":23.58979},{"city":"Kananga","state":"Kasai-Central","population":1247168,"lat":-5.89624,"lng":22.41659},{"city":"Kisangani","state":"Tshopo","population":1181788,"lat":0.51528,"lng":25.19099},{"city":"Bukavu","state":"South Kivu","population":816811,"lat":-2.49077,"lng":28.84281},{"city":"Kolwezi","state":"Lualaba","population":790248,"lat":-10.71484,"lng":25.46674},{"city":"Likasi","state":"Haut-Katanga","population":635768,"lat":-10.98303,"lng":26.7384},{"city":"Tshikapa","state":"Kasai","population":634529,"lat":-6.41621,"lng":20.79995},{"city":"Goma","state":"North Kivu","population":432587,"lat":-1.67409,"lng":29.22845},{"city":"Uvira","state":"South Kivu","population":407092,"lat":-3.39534,"lng":29.13779},{"city":"Bunia","state":"Ituri","population":399282,"lat":1.55941,"lng":30.25224},{"city":"Mwene","state":"Lualaba","population":295683,"lat":-9.81697,"lng":22.87023},{"city":"Butembo","state":"North Kivu","population":286242,"lat":0.14164,"lng":29.29117},{"city":"Isiro","state":"Haut-Uele","population":255409,"lat":2.77391,"lng":27.61603},{"city":"Kindu","state":"Maniema","population":234651,"lat":-2.94373,"lng":25.92237},{"city":"Kabinda","state":"Lomami","population":219396,"lat":-6.13791,"lng":24.48179},{"city":"Gandajika","state":"Lomami","population":208051,"lat":-6.74504,"lng":23.95328},{"city":"Kamina","state":"Haut-Lomami","population":200184,"lat":-8.73508,"lng":24.99798},{"city":"Mwene-Ditu","state":"Lomami","population":189177,"lat":-7.00906,"lng":23.45278},{"city":"Kipushi","state":"Haut-Katanga","population":169635,"lat":-11.76097,"lng":27.25135},{"city":"Kalemie","state":"Tanganyika","population":160961,"lat":-5.94749,"lng":29.19471},{"city":"Beni","state":"North Kivu","population":140731,"lat":0.49113,"lng":29.47306},{"city":"Ilebo","state":"Kasai","population":117245,"lat":-4.33111,"lng":20.58638},{"city":"Tshilenge","state":"Lualaba","population":116073,"lat":-10.96667,"lng":22.9},{"city":"Bukama","state":"Haut-Lomami","population":105530,"lat":-9.20443,"lng":25.85475},{"city":"Bakwa","state":"Haut-Uele","population":100575,"lat":4.1263,"lng":27.39527},{"city":"Kambove","state":"Haut-Katanga","population":99884,"lat":-10.87352,"lng":26.59746},{"city":"Lodja","state":"Sankuru","population":91409,"lat":-3.52105,"lng":23.6005},{"city":"Katwa","state":"North Kivu","population":89352,"lat":0.08928,"lng":29.30858},{"city":"Mulongo","state":"Haut-Lomami","population":89340,"lat":-7.83486,"lng":26.99852},{"city":"Kongolo","state":"Tanganyika","population":86932,"lat":-5.38532,"lng":27.00029},{"city":"Rutshuru","state":"North Kivu","population":82680,"lat":-1.18666,"lng":29.44669},{"city":"Manono","state":"Tanganyika","population":82465,"lat":-7.29862,"lng":27.39894},{"city":"Babamba","state":"Tshopo","population":81740,"lat":0.18333,"lng":27.48333},{"city":"Kasongo","state":"Maniema","population":81629,"lat":-4.42741,"lng":26.66656},{"city":"Mweka","state":"Kasai","population":81267,"lat":-4.85187,"lng":21.5595},{"city":"Kabalo","state":"Tanganyika","population":81191,"lat":-6.05255,"lng":26.9143},{"city":"Baudhuinville","state":"Tanganyika","population":81181,"lat":-7.08408,"lng":29.73681},{"city":"Buta","state":"Bas-Uele","population":80751,"lat":2.78582,"lng":24.72997},{"city":"Kanyama","state":"Haut-Lomami","population":80043,"lat":-7.51668,"lng":24.17404},{"city":"Miabi","state":"East Kasai","population":79929,"lat":-6.22149,"lng":23.39254},{"city":"Basoko","state":"Tshopo","population":76371,"lat":1.23909,"lng":23.61598},{"city":"Hyosha","state":"North Kivu","population":74502,"lat":0.69781,"lng":29.51863},{"city":"Kalima","state":"Tanganyika","population":72327,"lat":-5.4854,"lng":28.21601},{"city":"Kituku","state":"Tanganyika","population":66378,"lat":-7.58157,"lng":30.20604},{"city":"Nyunzu","state":"Tanganyika","population":62565,"lat":-5.95609,"lng":28.01649},{"city":"Yangambi","state":"Tshopo","population":62082,"lat":0.76755,"lng":24.43973},{"city":"Aketi","state":"Bas-Uele","population":61437,"lat":2.73877,"lng":23.78326},{"city":"Mangina","state":"North Kivu","population":55439,"lat":0.60419,"lng":29.31004},{"city":"Luputa","state":"Lomami","population":54676,"lat":-7.16177,"lng":23.70057},{"city":"Kirumba","state":"North Kivu","population":52041,"lat":-1.09056,"lng":29.2925},{"city":"Kayna","state":"North Kivu","population":51103,"lat":-0.60927,"lng":29.17249},{"city":"Fungurume","state":"Lualaba","population":50100,"lat":-10.61771,"lng":26.32107},{"city":"Lusambo","state":"Sankuru","population":49376,"lat":-4.97503,"lng":23.44391},{"city":"Watsa","state":"Haut-Uele","population":47278,"lat":3.03716,"lng":29.53551},{"city":"Lukula","state":"Sankuru","population":46534,"lat":-3.86881,"lng":23.88348},{"city":"Kipamba","state":"Haut-Lomami","population":46430,"lat":-8.20591,"lng":26.42036},{"city":"Aru","state":"Ituri","population":45516,"lat":2.86218,"lng":30.84138},{"city":"Luebo","state":"Kasai","population":45443,"lat":-5.35218,"lng":21.42192},{"city":"Mangbwalu","state":"Ituri","population":45318,"lat":1.94468,"lng":30.03861},{"city":"Kanyobagonga","state":"North Kivu","population":44146,"lat":-0.69978,"lng":29.17181},{"city":"Kabeya-Kamwanga","state":"East Kasai","population":44093,"lat":-5.9988,"lng":23.25386},{"city":"Malemba","state":"Lualaba","population":44027,"lat":-10.37812,"lng":24.54516},{"city":"Katanda","state":"North Kivu","population":42105,"lat":-0.82535,"lng":29.36451},{"city":"Lubero","state":"North Kivu","population":41722,"lat":-0.15837,"lng":29.23859},{"city":"Djugu","state":"Ituri","population":41409,"lat":1.91932,"lng":30.50257},{"city":"Pweto","state":"Haut-Katanga","population":38298,"lat":-8.46604,"lng":28.90079},{"city":"Lubao","state":"Lomami","population":37818,"lat":-5.38771,"lng":25.74885},{"city":"Kampene","state":"Maniema","population":37034,"lat":-3.59678,"lng":26.66715},{"city":"Kabare","state":"South Kivu","population":37034,"lat":-2.49682,"lng":28.79081},{"city":"Mokambo","state":"Haut-Katanga","population":34762,"lat":-12.42765,"lng":28.34684},{"city":"Malemba-Nkulu","state":"Haut-Lomami","population":25430,"lat":-8.04475,"lng":26.79625},{"city":"Demba","state":"Kasai-Central","population":22263,"lat":-5.49573,"lng":22.26962},{"city":"Bondo","state":"Bas-Uele","population":17860,"lat":3.81461,"lng":23.68665},{"city":"Wamba","state":"Haut-Uele","population":17373,"lat":2.14838,"lng":27.99466},{"city":"Sake","state":"North Kivu","population":17151,"lat":-1.57386,"lng":29.04339},{"city":"Isamba","state":"Kasai","population":8723,"lat":-4.03333,"lng":21.98333}]}}