{"timezone":"Africa/Luanda","countries":{"Angola":[{"city":"Luanda","state":"Luanda","population":2776168,"lat":-8.83682,"lng":13.23432},{"city":"Lubango","state":"Huíla","population":600751,"lat":-14.91717,"lng":13.4925},{"city":"Huambo","state":"Huambo","population":595304,"lat":-12.77611,"lng":15.73917},{"city":"Benguela","state":"Benguela","population":555124,"lat":-12.57674,"lng":13.40268},{"city":"Cabinda","state":"Cabinda","population":550000,"lat":-5.56198,"lng":12.19476},{"city":"Talatona","state":"Luanda","population":500000,"lat":-8.91783,"lng":13.18562},{"city":"Malanje","state":"Malanje","population":455000,"lat":-9.54015,"lng":16.34096},{"city":"Cazenga","state":"Luanda","population":424528,"lat":-8.82488,"lng":13.31318},{"city":"Saurimo","state":"Lunda Sul","population":393000,"lat":-9.66078,"lng":20.39155},{"city":"Ingombota","state":"Luanda","population":370000,"lat":-8.81806,"lng":13.22889},{"city":"Lobito","state":"Benguela","population":357950,"lat":-12.3644,"lng":13.53601},{"city":"Cuíto","state":"Bíe","population":355423,"lat":-12.38333,"lng":16.93333},{"city":"Uíge","state":"Uíge","population":322531,"lat":-7.60874,"lng":15.06131},{"city":"Maianga","state":"Luanda","population":319000,"lat":-8.82904,"lng":13.23097},{"city":"Luena","state":"Moxico","population":273675,"lat":-11.78333,"lng":19.91667},{"city":"Rangel","state":"Luanda","population":261000,"lat":-8.82644,"lng":13.26285},{"city":"Mossamedes","state":"Namibe","population":255000,"lat":-15.19611,"lng":12.15222},{"city":"Menongue","state":"Cuando Cobango","population":251178,"lat":-14.6585,"lng":17.69099},{"city":"Chitato","state":"Luanda Norte","population":246880,"lat":-7.3,"lng":20.73333},{"city":"Sambizanga","state":"Luanda","population":244000,"lat":-8.78883,"lng":13.27506},{"city":"Sumbe","state":"Kwanza Sul","population":205832,"lat":-11.20605,"lng":13.84371},{"city":"Soyo","state":"Zaire","population":200920,"lat":-6.1349,"lng":12.36894},{"city":"Dundo","state":"Luanda Norte","population":177604,"lat":-7.36643,"lng":20.81557},{"city":"N'dalatando","state":"Cuanza Norte","population":161584,"lat":-9.29782,"lng":14.91162},{"city":"Mbanza Kongo","state":"Zaire","population":148000,"lat":-6.26667,"lng":14.23833},{"city":"Caála","state":"Huambo","population":130000,"lat":-12.8525,"lng":15.56056},{"city":"Ondjiva","state":"Cunene","population":121537,"lat":-17.06667,"lng":15.73333},{"city":"Gabela","state":"Kwanza Sul","population":116903,"lat":-10.85147,"lng":14.37993},{"city":"Lucapa","state":"Luanda Norte","population":110000,"lat":-8.41915,"lng":20.74466},{"city":"Catumbela","state":"Benguela","population":95034,"lat":-12.43002,"lng":13.54677},{"city":"Negage","state":"Uíge","population":92950,"lat":-7.75938,"lng":15.2722},{"city":"Porto Amboim","state":"Kwanza Sul","population":91605,"lat":-10.73251,"lng":13.76844},{"city":"Cubal","state":"Benguela","population":90367,"lat":-13.03865,"lng":14.2455},{"city":"Cela","state":"Kwanza Sul","population":90000,"lat":-11.42173,"lng":15.12345},{"city":"Cafunfo","state":"Luanda Norte","population":90000,"lat":-8.7672,"lng":17.99572},{"city":"Quissecula","state":"Kwanza Sul","population":90000,"lat":-11.39223,"lng":15.09201},{"city":"Matala","state":"Huíla","population":78000,"lat":-14.73272,"lng":15.03479},{"city":"Barra do Dande","state":"Bengo","population":75000,"lat":-8.47175,"lng":13.37011},{"city":"Bailundo","state":"Malanje","population":70481,"lat":-9.57499,"lng":15.99442},{"city":"Luquembo","state":"Malanje","population":69420,"lat":-10.73912,"lng":17.71766},{"city":"Gama","state":"Bengo","population":66202,"lat":-8.5675,"lng":13.47639},{"city":"Camucuio","state":"Namibe","population":66112,"lat":-14.11667,"lng":13.25},{"city":"Ganda","state":"Benguela","population":65000,"lat":-13.01592,"lng":14.63502},{"city":"Dondo","state":"Cuanza Norte","population":64643,"lat":-9.68456,"lng":14.42788},{"city":"Dondo","state":"Cuanza Norte","population":64643,"lat":-9.05,"lng":15.31667},{"city":"Nzagi","state":"Cuanza Norte","population":60000,"lat":-8.38549,"lng":15.30126},{"city":"Camacupa","state":"Bíe","population":59000,"lat":-12.01667,"lng":17.48333},{"city":"Luau","state":"Moxico","population":55432,"lat":-10.70727,"lng":22.22466},{"city":"Cuango-Luzamba","state":"Luanda Norte","population":55000,"lat":-9.14583,"lng":18.04453},{"city":"Caxito","state":"Bengo","population":55000,"lat":-8.57848,"lng":13.66425},{"city":"Samba","state":"Luanda","population":54000,"lat":-8.88001,"lng":13.19617},{"city":"Andulo","state":"Bíe","population":50000,"lat":-11.48676,"lng":16.69663},{"city":"Ucu Seles","state":"Kwanza Sul","population":47421,"lat":-11.41237,"lng":14.30663},{"city":"Tômbua","state":"Namibe","population":46573,"lat":-15.80394,"lng":11.84485},{"city":"Baía Farta","state":"Benguela","population":45000,"lat":-12.60417,"lng":13.19667},{"city":"Calulo","state":"Kwanza Sul","population":44000,"lat":-10.00055,"lng":14.89519},{"city":"Virei","state":"Namibe","population":42607,"lat":-15.727,"lng":12.94961},{"city":"Maquela do Zombo","state":"Uíge","population":42000,"lat":-6.05716,"lng":15.10971},{"city":"Cuímba","state":"Zaire","population":41878,"lat":-6.12085,"lng":14.62086},{"city":"Buco Zau","state":"Cabinda","population":40953,"lat":-4.76667,"lng":12.55},{"city":"Cacuso","state":"Malanje","population":39302,"lat":-9.42102,"lng":15.74668},{"city":"Balombo","state":"Benguela","population":36361,"lat":-12.35426,"lng":14.77232},{"city":"Humbe","state":"Cunene","population":35985,"lat":-16.6864,"lng":14.90317},{"city":"Xangongo","state":"Cunene","population":35000,"lat":-16.7444,"lng":14.97494},{"city":"Bocoio","state":"Benguela","population":35000,"lat":-12.47017,"lng":14.13688},{"city":"Cazombo","state":"Moxico","population":34000,"lat":-11.89914,"lng":22.90216},{"city":"Cazombo","state":"Cuanza Norte","population":34000,"lat":-8.73204,"lng":15.37124},{"city":"Mussende","state":"Kwanza Sul","population":33558,"lat":-10.5143,"lng":16.0199},{"city":"Songo","state":"Uíge","population":31382,"lat":-7.35207,"lng":14.84629},{"city":"Caluquembe","state":"Huíla","population":31000,"lat":-13.86667,"lng":14.43333},{"city":"Santa Clara","state":"Kwanza Sul","population":29000,"lat":-10.19156,"lng":15.43408},{"city":"N'zeto","state":"Zaire","population":28840,"lat":-7.228,"lng":12.86956},{"city":"Catabola","state":"Bíe","population":28831,"lat":-12.15,"lng":17.28333},{"city":"Quibala","state":"Kwanza Sul","population":27128,"lat":-10.73366,"lng":14.97995},{"city":"Catchiungo","state":"Huambo","population":26974,"lat":-12.56598,"lng":16.22589},{"city":"Chinguar","state":"Bíe","population":26811,"lat":-12.55708,"lng":16.33805},{"city":"Cuilo","state":"Luanda Norte","population":26577,"lat":-8.23619,"lng":19.52566},{"city":"Lubalo","state":"Luanda Norte","population":26103,"lat":-9.15445,"lng":19.28136},{"city":"Dombe Grande","state":"Benguela","population":25000,"lat":-12.95167,"lng":13.1025},{"city":"Chitembo","state":"Bíe","population":25000,"lat":-13.55,"lng":16.63333},{"city":"Belize","state":"Cabinda","population":24430,"lat":-4.65,"lng":12.76667},{"city":"Quipungo","state":"Huíla","population":23014,"lat":-14.81909,"lng":14.53504},{"city":"Sanza Pombo","state":"Uíge","population":23000,"lat":-7.31473,"lng":16.0024},{"city":"Longonjo","state":"Huambo","population":23000,"lat":-12.90795,"lng":15.24845},{"city":"Ucuma","state":"Huambo","population":21809,"lat":-12.96121,"lng":15.05958},{"city":"Camabatela","state":"Cuanza Norte","population":21767,"lat":-8.18812,"lng":15.37495},{"city":"Mungo","state":"Huambo","population":21662,"lat":-11.83268,"lng":16.23613},{"city":"Conda","state":"Kwanza Sul","population":21260,"lat":-11.10862,"lng":14.33621},{"city":"Capunda","state":"Kwanza Sul","population":21260,"lat":-11.13333,"lng":14.46667},{"city":"Tombôco","state":"Zaire","population":20358,"lat":-6.80517,"lng":13.33017},{"city":"Cassanguidi","state":"Luanda Norte","population":20000,"lat":-7.48367,"lng":21.30339},{"city":"Cuemba","state":"Bíe","population":19995,"lat":-12.15,"lng":18.08333},{"city":"Golungo Alto","state":"Cuanza Norte","population":19992,"lat":-9.13333,"lng":14.76667},{"city":"Lucala","state":"Cuanza Norte","population":19422,"lat":-9.27268,"lng":15.25206},{"city":"Lumbala","state":"Moxico","population":19000,"lat":-14.10165,"lng":21.43531},{"city":"Nharêa","state":"Bíe","population":18000,"lat":-11.47512,"lng":16.96496},{"city":"Cambundi Catembo","state":"Malanje","population":17212,"lat":-10.07531,"lng":17.55058},{"city":"Cambundi","state":"Malanje","population":17212,"lat":-7.46856,"lng":17.03769},{"city":"Cambundi","state":"Malanje","population":17212,"lat":-10.89481,"lng":17.76402},{"city":"Alto Hama","state":"Huambo","population":17000,"lat":-12.23333,"lng":15.55},{"city":"Londuimbali","state":"Huambo","population":17000,"lat":-12.23712,"lng":15.31697},{"city":"Cangandala","state":"Malanje","population":16232,"lat":-9.78333,"lng":16.43333},{"city":"Cunda diá Baze","state":"Malanje","population":15965,"lat":-8.90769,"lng":17.05339},{"city":"Cacongo","state":"Cabinda","population":15000,"lat":-5.23864,"lng":12.14428},{"city":"Cuchi","state":"Cuando Cobango","population":15000,"lat":-14.64978,"lng":16.89929},{"city":"Calucinga","state":"Bíe","population":15000,"lat":-11.32281,"lng":16.19588},{"city":"Caconda","state":"Huíla","population":15000,"lat":-13.73564,"lng":15.0618},{"city":"Calonamba","state":"Huíla","population":15000,"lat":-13.77395,"lng":15.09111},{"city":"Caimbambo","state":"Benguela","population":14544,"lat":-13.02172,"lng":14.00283},{"city":"Camboio","state":"Benguela","population":14544,"lat":-12.92651,"lng":14.09888},{"city":"Cameia","state":"Moxico","population":14138,"lat":-11.69055,"lng":20.83922},{"city":"Ecunna","state":"Huambo","population":13997,"lat":-12.67889,"lng":15.50556},{"city":"Quilenda","state":"Kwanza Sul","population":13726,"lat":-11.46667,"lng":14.13333},{"city":"Cacolo","state":"Lunda Sul","population":13498,"lat":-10.14503,"lng":19.26598},{"city":"Buco","state":"Malanje","population":13217,"lat":-9.55833,"lng":16.14639},{"city":"Camanongue","state":"Moxico","population":12930,"lat":-11.4361,"lng":20.16459},{"city":"Cahama","state":"Cunene","population":12767,"lat":-16.28556,"lng":14.30962},{"city":"Jamba","state":"Cuando Cobango","population":12000,"lat":-17.5,"lng":22.66667},{"city":"Damba","state":"Uíge","population":12000,"lat":-6.67868,"lng":15.13128},{"city":"Banza Damba","state":"Uíge","population":12000,"lat":-6.88831,"lng":15.01522},{"city":"Chongoroi","state":"Benguela","population":12000,"lat":-13.57418,"lng":13.94062},{"city":"Cunhinga","state":"Bíe","population":11812,"lat":-12.23333,"lng":16.78333},{"city":"Ambriz","state":"Bengo","population":11640,"lat":-7.84632,"lng":13.10784},{"city":"Uacu Cungo","state":"Kwanza Sul","population":10970,"lat":-11.35669,"lng":15.11719},{"city":"Bibala","state":"Namibe","population":10500,"lat":-14.7665,"lng":13.34912},{"city":"Mavinga","state":"Cuando Cobango","population":10000,"lat":-15.79347,"lng":20.36374},{"city":"Ebo","state":"Kwanza Sul","population":10000,"lat":-11.05,"lng":14.71667},{"city":"Chipindo","state":"Huíla","population":10000,"lat":-13.81419,"lng":15.79041},{"city":"Chibia","state":"Huíla","population":10000,"lat":-15.18315,"lng":13.69909},{"city":"Chicomba","state":"Huíla","population":9428,"lat":-14.13333,"lng":14.91667},{"city":"Praia Bebe","state":"Benguela","population":9082,"lat":-12.40959,"lng":13.50349},{"city":"Calandula","state":"Malanje","population":9000,"lat":-9.08981,"lng":15.95382},{"city":"Calandula","state":"Moxico","population":9000,"lat":-13.46667,"lng":19.61667},{"city":"Calai","state":"Cuando Cobango","population":8741,"lat":-17.88896,"lng":19.7706},{"city":"Quibaxe","state":"Bengo","population":8268,"lat":-8.50055,"lng":14.58589},{"city":"Muconda","state":"Lunda Sul","population":8000,"lat":-10.59236,"lng":21.31805},{"city":"Chissamba","state":"Bíe","population":7677,"lat":-12.16667,"lng":17.33333},{"city":"Puri","state":"Uíge","population":7598,"lat":-7.69468,"lng":15.65416},{"city":"Dala","state":"Lunda Sul","population":7514,"lat":-11.03333,"lng":20.2},{"city":"Dala","state":"Bíe","population":7514,"lat":-13.78333,"lng":16.71667},{"city":"Chela","state":"Huambo","population":5811,"lat":-12.30261,"lng":15.43358},{"city":"Léua","state":"Moxico","population":5168,"lat":-11.65753,"lng":20.44772},{"city":"Lumeji","state":"Moxico","population":4972,"lat":-11.55768,"lng":20.78096},{"city":"Cazaji","state":"Lunda Sul","population":4764,"lat":-11.06715,"lng":20.70148},{"city":"Chinjenje","state":"Huambo","population":0,"lat":-12.93244,"lng":14.99238},{"city":"Zone (Zona) E","state":"Benguela","population":0,"lat":-12.56734,"lng":13.41132}]}}