{"timezone":"Africa/Kinshasa","countries":{"Democratic Republic of the Congo":[{"city":"Kinshasa","state":"Kinshasa","population":16000000,"lat":-4.32758,"lng":15.31357},{"city":"Kikwit","state":"Kwilu","population":509367,"lat":-5.04098,"lng":18.81619},{"city":"Masina","state":"Kinshasa","population":485167,"lat":-4.38361,"lng":15.39139},{"city":"Mbandaka","state":"Équateur","population":455011,"lat":0.04865,"lng":18.26034},{"city":"Matadi","state":"Bas-Congo","population":425662,"lat":-5.83861,"lng":13.46306},{"city":"Boma","state":"Bas-Congo","population":297009,"lat":-5.85098,"lng":13.05364},{"city":"Bandundu Province","state":"Kwilu","population":202904,"lat":-3.31687,"lng":17.38063},{"city":"Gemena","state":"Sud-Ubangi","population":197159,"lat":3.25651,"lng":19.77234},{"city":"Bumba","state":"Mongala","population":154586,"lat":2.18771,"lng":22.46827},{"city":"Mbanza-Ngungu","state":"Bas-Congo","population":142773,"lat":-5.25837,"lng":14.85838},{"city":"Moanda","state":"Bas-Congo","population":128804,"lat":-5.92753,"lng":12.37148},{"city":"Lisala","state":"Mongala","population":117464,"lat":2.15127,"lng":21.51672},{"city":"Inkisi","state":"Bas-Congo","population":115317,"lat":-5.13122,"lng":15.0541},{"city":"Binga","state":"Mongala","population":96790,"lat":2.37351,"lng":20.49769},{"city":"Idiofa","state":"Kwilu","population":87882,"lat":-4.96589,"lng":19.59151},{"city":"Bulungu","state":"Kwilu","population":81393,"lat":-4.54437,"lng":18.60364},{"city":"Bolenge","state":"Équateur","population":79648,"lat":0.0,"lng":18.21667},{"city":"Kimpese","state":"Bas-Congo","population":79539,"lat":-5.5615,"lng":14.43159},{"city":"Gbadolite","state":"Nord-Ubangi","population":73835,"lat":4.279,"lng":21.00284},{"city":"Inongo","state":"Mai-Ndombe","population":68852,"lat":-1.9275,"lng":18.2881},{"city":"Tshela","state":"Bas-Congo","population":64210,"lat":-4.99707,"lng":12.9484},{"city":"Mangai","state":"Kwilu","population":63713,"lat":-4.02328,"lng":19.53385},{"city":"Kenge","state":"Bas-Congo","population":63317,"lat":-5.76521,"lng":13.65711},{"city":"Nioki","state":"Mai-Ndombe","population":62153,"lat":-2.72037,"lng":17.69001},{"city":"Mushie","state":"Mai-Ndombe","population":61336,"lat":-3.01728,"lng":16.92238},{"city":"Kutu","state":"Mai-Ndombe","population":56061,"lat":-2.7249,"lng":18.14756},{"city":"Dibaya-Lubwe","state":"Kwilu","population":55672,"lat":-4.15869,"lng":19.8619},{"city":"Boende","state":"Tshuapa","population":50794,"lat":-0.28163,"lng":20.88053},{"city":"Zongo","state":"Sud-Ubangi","population":48658,"lat":4.34283,"lng":18.59447},{"city":"Businga","state":"Nord-Ubangi","population":48339,"lat":3.33863,"lng":20.88577},{"city":"Bolobo","state":"Mai-Ndombe","population":47032,"lat":-2.158,"lng":16.23249},{"city":"Masi-Manimba","state":"Kwilu","population":45775,"lat":-4.77549,"lng":17.89095},{"city":"Kasangulu","state":"Bas-Congo","population":45400,"lat":-4.5833,"lng":15.16554},{"city":"Basankusu","state":"Équateur","population":41141,"lat":1.22095,"lng":19.80205},{"city":"Dungu","state":"Mai-Ndombe","population":41076,"lat":-3.62437,"lng":18.84943},{"city":"Libenge","state":"Sud-Ubangi","population":37344,"lat":3.65332,"lng":18.63566},{"city":"Kasongo-Lunda","state":"Kwango","population":20060,"lat":-6.47833,"lng":16.81735},{"city":"Lukolela","state":"Équateur","population":15000,"lat":-1.06046,"lng":17.1821},{"city":"Bosobolo","state":"Nord-Ubangi","population":14553,"lat":4.1898,"lng":19.8833},{"city":"Bongandanga","state":"Mongala","population":4105,"lat":1.50695,"lng":21.0726}]}}