{"timezone":"Africa/Bissau","countries":{"Guinea-Bissau":[{"city":"Bissau","state":"Bissau","population":439704,"lat":11.86357,"lng":-15.59767},{"city":"Gabú","state":"Gabú","population":49371,"lat":12.28,"lng":-14.22222},{"city":"Bafatá","state":"Bafatá","population":33502,"lat":12.16583,"lng":-14.66167},{"city":"Xitole","state":"Bafatá","population":19424,"lat":11.73333,"lng":-14.81667},{"city":"Canchungo","state":"Cacheu","population":13652,"lat":12.43333,"lng":-16.08333},{"city":"Bissorã","state":"Oio","population":12688,"lat":12.22306,"lng":-15.4475},{"city":"Jabicunda","state":null,"population":12395,"lat":12.31667,"lng":-14.55},{"city":"Madina do Boé","state":"Gabú","population":11750,"lat":11.74765,"lng":-14.2113},{"city":"Bolama","state":"Bolama","population":10769,"lat":11.57694,"lng":-15.47611},{"city":"Cacheu","state":"Cacheu","population":10490,"lat":12.27444,"lng":-16.16528},{"city":"Bula","state":"Cacheu","population":10213,"lat":12.10389,"lng":-15.70806},{"city":"Farim","state":"Oio","population":10207,"lat":12.48389,"lng":-15.22167},{"city":"Catió","state":"Tombali","population":9898,"lat":11.2825,"lng":-15.25472},{"city":"Mansôa","state":"Oio","population":9422,"lat":12.07333,"lng":-15.31889},{"city":"Bubaque","state":"Bolama","population":9244,"lat":11.28333,"lng":-15.83333},{"city":"Ingoré","state":"Cacheu","population":9189,"lat":12.40528,"lng":-15.7975},{"city":"Buba","state":"Quinara","population":8952,"lat":11.58889,"lng":-14.99583},{"city":"Bambadinca","state":"Bafatá","population":7620,"lat":12.02342,"lng":-14.86119},{"city":"Quebo","state":"Tombali","population":7072,"lat":11.33333,"lng":-14.93333},{"city":"Canchungo","state":"Cacheu","population":6853,"lat":12.06722,"lng":-16.03333},{"city":"Quinhámel","state":"Biombo","population":6602,"lat":11.88694,"lng":-15.85556},{"city":"São Domingos","state":"Cacheu","population":6004,"lat":12.40194,"lng":-16.20056},{"city":"Mansabá","state":"Oio","population":5964,"lat":12.29194,"lng":-15.18278},{"city":"Pitche","state":"Gabú","population":5655,"lat":12.32344,"lng":-13.95343},{"city":"Contuboel","state":"Bafatá","population":4871,"lat":12.39081,"lng":-14.57139},{"city":"Prábis","state":"Biombo","population":3223,"lat":11.8025,"lng":-15.73889},{"city":"Safim","state":"Biombo","population":3193,"lat":11.95,"lng":-15.65},{"city":"Pirada","state":"Gabú","population":2980,"lat":12.66286,"lng":-14.15427},{"city":"Sonaco","state":"Gabú","population":2753,"lat":12.4,"lng":-14.48333},{"city":"Empada","state":null,"population":2680,"lat":11.55,"lng":-15.23333},{"city":"Nhacra","state":"Oio","population":1966,"lat":11.96667,"lng":-15.55},{"city":"Fulacunda","state":"Quinara","population":1804,"lat":11.77665,"lng":-15.17177},{"city":"Caió","state":"Cacheu","population":1398,"lat":11.92858,"lng":-16.20269},{"city":"Cacine","state":"Tombali","population":1151,"lat":11.11667,"lng":-15.01667},{"city":"Tite","state":null,"population":1109,"lat":11.78333,"lng":-15.4},{"city":"Bedanda","state":null,"population":783,"lat":11.35,"lng":-15.11667},{"city":"Cumeré","state":null,"population":654,"lat":11.9,"lng":-15.53333}]}}