{"timezone":"Africa/Kigali","countries":{"Rwanda":[{"city":"Kigali","state":"Kigali","population":1132686,"lat":-1.94995,"lng":30.05885},{"city":"Gisenyi","state":"Western Province","population":172357,"lat":-1.70278,"lng":29.25639},{"city":"Musanze","state":"Northern Province","population":153368,"lat":-1.49984,"lng":29.63497},{"city":"Nyagatare","state":"Eastern Province","population":100000,"lat":-1.2952,"lng":30.3226},{"city":"Gitarama","state":"Southern Province","population":87613,"lat":-2.07444,"lng":29.75667},{"city":"Muhanga","state":"Southern Province","population":82797,"lat":-2.02269,"lng":29.70691},{"city":"Butare","state":"Southern Province","population":62823,"lat":-2.59667,"lng":29.73944},{"city":"Kibuye","state":"Western Province","population":48024,"lat":-2.06028,"lng":29.34778},{"city":"Rwamagana","state":"Eastern Province","population":47203,"lat":-1.9487,"lng":30.4347},{"city":"Kibungo","state":"Eastern Province","population":46240,"lat":-2.1597,"lng":30.5427},{"city":"Cyangugu","state":"Western Province","population":43866,"lat":-2.4846,"lng":28.9075},{"city":"Shyorongi","state":"Northern Province","population":43744,"lat":-1.85439,"lng":29.96238},{"city":"Byumba","state":"Northern Province","population":43134,"lat":-1.5763,"lng":30.0675},{"city":"Ndera","state":"Kigali","population":41764,"lat":-1.9495,"lng":30.1697},{"city":"Kirambo","state":"Western Province","population":40341,"lat":-2.3155,"lng":29.1415},{"city":"Kagano","state":"Western Province","population":39994,"lat":-2.3429,"lng":29.0912},{"city":"Ngororero","state":"Western Province","population":38823,"lat":-1.8628,"lng":29.62541},{"city":"Nzega","state":"Southern Province","population":33832,"lat":-2.479,"lng":29.5564},{"city":"Macuba","state":"Western Province","population":33319,"lat":-2.2933,"lng":29.1877},{"city":"Karengera","state":"Western Province","population":32504,"lat":-2.5169,"lng":29.0326},{"city":"Nyanza","state":"Southern Province","population":32016,"lat":-2.35187,"lng":29.75089},{"city":"Bugarama","state":"Western Province","population":31086,"lat":-2.6924,"lng":29.0077},{"city":"Gihombo","state":"Western Province","population":29843,"lat":-2.21896,"lng":29.2343},{"city":"Karambi","state":"Western Province","population":29726,"lat":-2.31695,"lng":29.24413},{"city":"Bushekeri","state":"Western Province","population":29680,"lat":-2.4195,"lng":29.0908},{"city":"Nyabitekeli","state":"Western Province","population":29293,"lat":-2.3541,"lng":29.0298},{"city":"Busogo","state":"Northern Province","population":28264,"lat":-1.5584,"lng":29.5434},{"city":"Shangi","state":"Western Province","population":28064,"lat":-2.4036,"lng":29.0059},{"city":"Kayonza","state":"Eastern Province","population":27059,"lat":-1.9509,"lng":30.5205},{"city":"Cyato","state":"Western Province","population":26996,"lat":-2.3871,"lng":29.1929},{"city":"Kirimbi","state":"Western Province","population":25647,"lat":-2.26469,"lng":29.19644},{"city":"Gitesi","state":"Western Province","population":24859,"lat":-2.1139,"lng":29.4022},{"city":"Bushenge","state":"Western Province","population":22624,"lat":-2.4421,"lng":28.9824},{"city":"Nyamata","state":"Eastern Province","population":21509,"lat":-2.20419,"lng":30.14494},{"city":"Ruhango","state":"Southern Province","population":21478,"lat":-2.2246,"lng":29.79088},{"city":"Gikongoro","state":"Southern Province","population":21029,"lat":-2.46397,"lng":29.57389},{"city":"Mahembe","state":"Western Province","population":20043,"lat":-2.2386,"lng":29.2929},{"city":"Mukamira","state":"Western Province","population":19021,"lat":-1.61112,"lng":29.49687},{"city":"Mugina","state":"Southern Province","population":18586,"lat":-2.1057,"lng":29.9417},{"city":"Umutara","state":"Eastern Province","population":18038,"lat":-1.29547,"lng":30.32297},{"city":"Rangiro","state":"Western Province","population":17967,"lat":-2.4045,"lng":29.1606},{"city":"Kamuhanda / Ruyenzi","state":"Southern Province","population":16369,"lat":-1.96571,"lng":29.98462},{"city":"Bugaragara","state":"Eastern Province","population":15732,"lat":-1.29289,"lng":30.40766},{"city":"Mukingo","state":"Northern Province","population":15695,"lat":-1.5394,"lng":29.5558},{"city":"Kora","state":"Western Province","population":15134,"lat":-1.6101,"lng":29.445},{"city":"Kinigi","state":"Northern Province","population":14523,"lat":-1.4426,"lng":29.5902},{"city":"Mabanza","state":"Western Province","population":13139,"lat":-2.0524,"lng":29.4092},{"city":"Gahini","state":"Eastern Province","population":7917,"lat":-1.8406,"lng":30.4816},{"city":"Ruhuha","state":"Eastern Province","population":5842,"lat":-2.30403,"lng":30.05134},{"city":"Eglise Catholique, Centrale GIKO","state":"Southern Province","population":3000,"lat":-1.93653,"lng":29.8061}]}}