{"timezone":"Africa/Nairobi","countries":{"Kenya":[{"city":"Nairobi","state":"Nairobi County","population":4397073,"lat":-1.28333,"lng":36.81667},{"city":"Kakamega","state":"Kakamega County","population":1867579,"lat":0.28422,"lng":34.75229},{"city":"Mombasa","state":"Mombasa County","population":1208333,"lat":-4.05466,"lng":39.66359},{"city":"Nakuru","state":"Nakuru County","population":570674,"lat":-0.30719,"lng":36.07225},{"city":"Ruiru","state":"Kiambu County","population":490120,"lat":-1.14665,"lng":36.96087},{"city":"Eldoret","state":"Uasin Gishu County","population":475716,"lat":0.52036,"lng":35.26993},{"city":"Kisumu","state":"Kisumu County","population":397957,"lat":-0.10221,"lng":34.76171},{"city":"Kikuyu","state":"Kiambu County","population":323881,"lat":-1.24627,"lng":36.66291},{"city":"Thika","state":"Nairobi County","population":251407,"lat":-1.03326,"lng":37.06933},{"city":"Naivasha","state":"Nakuru County","population":198444,"lat":-0.71383,"lng":36.43261},{"city":"Karuri","state":"Kiambu County","population":194342,"lat":-1.17641,"lng":36.7564},{"city":"Karuri","state":"Murang'A","population":194342,"lat":-0.7,"lng":37.18333},{"city":"Ongata Rongai","state":"Kajiado County","population":172569,"lat":-1.3953,"lng":36.764},{"city":"Lang'ata","state":"Nairobi County","population":172569,"lat":-1.3666,"lng":36.73324},{"city":"Garissa","state":"Garissa County","population":163399,"lat":-0.45275,"lng":39.64601},{"city":"Kitale","state":"Trans Nzoia","population":162174,"lat":1.01572,"lng":35.00622},{"city":"Limuru","state":"Kiambu County","population":159314,"lat":-1.1136,"lng":36.64205},{"city":"Juja","state":"Kiambu County","population":156041,"lat":-1.10148,"lng":37.0132},{"city":"Kitengela","state":"Kajiado County","population":154436,"lat":-1.47612,"lng":36.96144},{"city":"Kiambu","state":"Kiambu County","population":147870,"lat":-1.17139,"lng":36.83556},{"city":"Mlolongo","state":"Machakos County","population":136351,"lat":-1.39639,"lng":36.94028},{"city":"Malindi","state":"Kilifi County","population":119859,"lat":-3.21799,"lng":40.11692},{"city":"Mandera","state":"Mandera County","population":114718,"lat":3.93726,"lng":41.85688},{"city":"Khwisero","state":"Kakamega County","population":113294,"lat":0.17124,"lng":34.59466},{"city":"Kisii","state":"Kisii County","population":112417,"lat":-0.68174,"lng":34.76666},{"city":"Ngong","state":"Kajiado County","population":102323,"lat":-1.3527,"lng":36.6699},{"city":"Mtwapa","state":"Kilifi County","population":90677,"lat":-3.93938,"lng":39.74877},{"city":"Wajir","state":"Wajir County","population":90116,"lat":1.7471,"lng":40.05732},{"city":"Lodwar","state":"Turkana County","population":82970,"lat":3.11988,"lng":35.59642},{"city":"Athi River","state":"Machakos County","population":81302,"lat":-1.4563,"lng":36.97826},{"city":"Meru","state":"Meru County","population":80191,"lat":0.04626,"lng":37.65587},{"city":"Nyeri","state":"Nyeri County","population":80081,"lat":-0.42013,"lng":36.94759},{"city":"Isiolo","state":"Isiolo County","population":78650,"lat":0.35462,"lng":37.58218},{"city":"Ukunda","state":"Kwale County","population":77686,"lat":-4.2929,"lng":39.56404},{"city":"Kiserian","state":"Kajiado County","population":76903,"lat":-1.4275,"lng":36.6865},{"city":"Kilifi","state":"Kilifi County","population":74270,"lat":-3.63045,"lng":39.84992},{"city":"Nanyuki","state":"Laikipia","population":72813,"lat":0.00624,"lng":37.07398},{"city":"Busia","state":"Busia County","population":71886,"lat":0.46005,"lng":34.11169},{"city":"Migori","state":"Migori County","population":71668,"lat":-1.06343,"lng":34.47313},{"city":"Bungoma","state":"Bungoma County","population":68031,"lat":0.5635,"lng":34.56055},{"city":"Narok","state":"Narok County","population":65430,"lat":-1.08083,"lng":35.87111},{"city":"Embu","state":"Embu County","population":64979,"lat":-0.53987,"lng":37.45743},{"city":"Machakos","state":"Machakos County","population":63767,"lat":-1.52233,"lng":37.26521},{"city":"Githunguri","state":"Kiambu County","population":63319,"lat":-1.05754,"lng":36.77625},{"city":"Githunguri","state":"Machakos County","population":63319,"lat":-1.29996,"lng":36.99047},{"city":"El Wak","state":"Mandera County","population":60732,"lat":2.80922,"lng":40.92885},{"city":"Gilgil","state":"Nakuru County","population":60711,"lat":-0.50397,"lng":36.31845},{"city":"Upper Gilgil","state":"Nyandarua County","population":60711,"lat":-0.21209,"lng":36.27248},{"city":"Mbale","state":"Vihiga County","population":60000,"lat":0.08213,"lng":34.72139},{"city":"Kimilili","state":"Bungoma County","population":56050,"lat":0.78775,"lng":34.71562},{"city":"Kapenguria","state":"West Pokot County","population":56000,"lat":1.23889,"lng":35.11194},{"city":"Kericho","state":"Kericho County","population":53804,"lat":-0.36774,"lng":35.28314},{"city":"Voi","state":"Taita Taveta","population":53353,"lat":-3.39605,"lng":38.55609},{"city":"Imara Daima Estate","state":"Nairobi County","population":52837,"lat":-1.32323,"lng":36.88021},{"city":"Wanguru","state":"Kirinyaga County","population":51722,"lat":-0.68393,"lng":37.35701},{"city":"Habaswein","state":"Wajir County","population":49599,"lat":1.01659,"lng":39.49122},{"city":"Molo","state":"Nakuru County","population":48356,"lat":-0.24849,"lng":35.73194},{"city":"Moyale","state":"Marsabit County","population":47850,"lat":3.52661,"lng":39.0561},{"city":"Ol Kalou","state":"Nyandarua County","population":47795,"lat":-0.27088,"lng":36.37917},{"city":"Mumias","state":"Kakamega County","population":45485,"lat":0.33474,"lng":34.48796},{"city":"Homa Bay","state":"Homa Bay County","population":44949,"lat":-0.52731,"lng":34.45714},{"city":"Kinoi","state":"Machakos County","population":44086,"lat":-1.6558,"lng":37.37454},{"city":"Kenol","state":"Murang'A","population":44086,"lat":-0.9373,"lng":37.12275},{"city":"Masalani","state":"Tana River County","population":43642,"lat":-1.69405,"lng":40.17015},{"city":"Murang’a","state":"Murang'A","population":43314,"lat":-0.72104,"lng":37.15259},{"city":"Webuye","state":"Bungoma County","population":42642,"lat":0.6004,"lng":34.77119},{"city":"Njoro","state":"Nakuru County","population":42173,"lat":-0.33024,"lng":35.94445},{"city":"Iten","state":"Elegeyo-Marakwet","population":42000,"lat":0.67028,"lng":35.50806},{"city":"Kapsabet","state":"Nandi","population":41997,"lat":0.20387,"lng":35.105},{"city":"Lugulu","state":"Busia County","population":40894,"lat":0.39337,"lng":34.30399},{"city":"Tetu","state":"Nyeri County","population":39293,"lat":-0.43419,"lng":36.91681},{"city":"Nyahururu","state":"Laikipia","population":37650,"lat":0.03813,"lng":36.36339},{"city":"Marsabit","state":"Marsabit County","population":36289,"lat":2.33468,"lng":37.99086},{"city":"Ramu","state":"Mandera County","population":35644,"lat":3.93147,"lng":41.22295},{"city":"Siaya","state":"Siaya County","population":33153,"lat":0.0607,"lng":34.28806},{"city":"Mariakani","state":"Kilifi County","population":31715,"lat":-3.86261,"lng":39.47458},{"city":"Maralal","state":"Samburu County","population":31350,"lat":1.09667,"lng":36.69806},{"city":"Mairo Inya","state":"Nyandarua County","population":30527,"lat":0.02538,"lng":36.40865},{"city":"Rongai","state":"Nakuru County","population":30471,"lat":-0.17344,"lng":35.86313},{"city":"Kerugoya","state":"Kirinyaga County","population":30045,"lat":-0.49887,"lng":37.28031},{"city":"Pumwani","state":"Nairobi County","population":29616,"lat":-1.28316,"lng":36.84725},{"city":"Kitui","state":"Kitui County","population":29062,"lat":-1.36696,"lng":38.01055},{"city":"Makutano","state":"West Pokot County","population":28469,"lat":1.25881,"lng":35.09569},{"city":"Elburgon","state":"Nakuru County","population":28359,"lat":-0.30037,"lng":35.80935},{"city":"Watamu","state":"Kilifi County","population":27857,"lat":-3.35335,"lng":40.02095},{"city":"Lamu","state":"Lamu","population":25385,"lat":-2.27169,"lng":40.90201},{"city":"Kajiado","state":"Kajiado County","population":24678,"lat":-1.85238,"lng":36.77683},{"city":"Kabarnet","state":"Baringo","population":24661,"lat":0.49194,"lng":35.74303},{"city":"Nyamira","state":"Nyamira county","population":24483,"lat":-0.56333,"lng":34.93583},{"city":"Isebania","state":"Migori County","population":23891,"lat":-1.22511,"lng":34.46385},{"city":"Karatina","state":"Nyeri County","population":23552,"lat":-0.4841,"lng":37.12662},{"city":"Kakuma","state":"Turkana County","population":22984,"lat":3.71363,"lng":34.8572},{"city":"Lafey","state":"Mandera County","population":22882,"lat":3.15106,"lng":41.18577},{"city":"Bondo","state":"Siaya County","population":22712,"lat":-0.0962,"lng":34.27322},{"city":"Chuka","state":"Tharaka - Nithi","population":22388,"lat":-0.33316,"lng":37.64587},{"city":"Kihancha","state":"Migori County","population":22194,"lat":-1.19347,"lng":34.61967},{"city":"Maua","state":"Meru County","population":22121,"lat":0.2332,"lng":37.94086},{"city":"Taveta","state":"Taita Taveta","population":22018,"lat":-3.39879,"lng":37.68336},{"city":"Takaba","state":"Mandera County","population":21517,"lat":3.35528,"lng":40.22278},{"city":"Eldama Ravine","state":"Baringo","population":21385,"lat":0.05196,"lng":35.72734},{"city":"Hola","state":"Tana River County","population":20912,"lat":-1.48256,"lng":40.03341},{"city":"Maai Mahiu","state":"Nakuru County","population":20823,"lat":-0.98855,"lng":36.58537},{"city":"Mai","state":"Nakuru County","population":20823,"lat":-0.98169,"lng":36.58642},{"city":"Rongo","state":"Migori County","population":20688,"lat":-0.75675,"lng":34.59833},{"city":"Makueni Boma","state":"Makueni County","population":20681,"lat":-1.80388,"lng":37.62405},{"city":"Ogembo","state":"Kisii County","population":20000,"lat":-0.80116,"lng":34.72579},{"city":"Oyugis","state":"Homa Bay County","population":19947,"lat":-0.50974,"lng":34.73067},{"city":"Wote","state":"Makueni County","population":19725,"lat":-1.78079,"lng":37.62882},{"city":"Emali","state":"Makueni County","population":18325,"lat":-2.08033,"lng":37.47202},{"city":"Garba Tula","state":"Isiolo County","population":17443,"lat":0.53392,"lng":38.51878},{"city":"Mwingi","state":"Kitui County","population":17025,"lat":-0.93605,"lng":38.05955},{"city":"Awendo","state":"Migori County","population":16815,"lat":-0.90711,"lng":34.52895},{"city":"Awendo","state":"Homa Bay County","population":16815,"lat":-0.5,"lng":34.4},{"city":"Kiminini","state":"Trans Nzoia","population":16560,"lat":0.89284,"lng":34.92468},{"city":"Moi‘s Bridge","state":"Uasin Gishu County","population":16355,"lat":0.87178,"lng":35.12213},{"city":"Mazeras","state":"Kwale County","population":16254,"lat":-3.96426,"lng":39.5498},{"city":"Malaba","state":"Busia County","population":15581,"lat":0.63513,"lng":34.28165},{"city":"Muhoroni","state":"Kisumu County","population":15217,"lat":-0.15816,"lng":35.19645},{"city":"Makindu","state":"Makueni County","population":15038,"lat":-2.27808,"lng":37.81867},{"city":"Banissa","state":"Mandera County","population":14974,"lat":3.94102,"lng":40.34248},{"city":"Msambweni","state":"Kwale County","population":14951,"lat":-4.4619,"lng":39.48265},{"city":"Mbita","state":"Homa Bay County","population":14916,"lat":-0.42492,"lng":34.20736},{"city":"Magadi","state":"Kajiado County","population":14529,"lat":-1.90122,"lng":36.287},{"city":"Isinya","state":"Kajiado County","population":14429,"lat":-1.6792,"lng":36.85056},{"city":"Bute","state":"Wajir County","population":14108,"lat":3.35875,"lng":39.41968},{"city":"Kawaida","state":"Kiambu County","population":14038,"lat":-1.14639,"lng":36.7598},{"city":"Kagio","state":"Kirinyaga County","population":13961,"lat":-0.62482,"lng":37.25551},{"city":"Bura Tana","state":"Tana River County","population":13650,"lat":-1.19326,"lng":39.84049},{"city":"Nyambunwa","state":"Kisii County","population":13405,"lat":-0.67783,"lng":34.70722},{"city":"Litein","state":"Kericho County","population":13403,"lat":-0.58249,"lng":35.18969},{"city":"Mogotio","state":"Baringo","population":13366,"lat":-0.02236,"lng":35.96124},{"city":"Luanda","state":"Vihiga County","population":13319,"lat":0.02333,"lng":34.58661},{"city":"Ol Kalau South Settlement","state":"Nyandarua County","population":13234,"lat":-0.27444,"lng":36.33999},{"city":"Rumuruti","state":"Laikipia","population":13056,"lat":0.2725,"lng":36.53806},{"city":"Sagana","state":"Kirinyaga County","population":13000,"lat":-0.66806,"lng":37.20875},{"city":"Sawa Sawa","state":"Kwale County","population":12975,"lat":-4.47166,"lng":39.48463},{"city":"Lokichar","state":"Turkana County","population":12676,"lat":2.38116,"lng":35.65123},{"city":"Chavakali","state":"Vihiga County","population":12674,"lat":0.11768,"lng":34.73339},{"city":"Wundanyi","state":"Taita Taveta","population":12501,"lat":-3.39642,"lng":38.35729},{"city":"Makutano","state":"Machakos County","population":12396,"lat":-1.41187,"lng":37.47088},{"city":"Eldas","state":"Wajir County","population":12270,"lat":2.49184,"lng":39.56653},{"city":"Port Victoria","state":"Busia County","population":12194,"lat":0.09809,"lng":33.97248},{"city":"Vipingo","state":"Kilifi County","population":12183,"lat":-3.81466,"lng":39.81282},{"city":"Matuu","state":"Machakos County","population":12073,"lat":-1.1454,"lng":37.54671},{"city":"Majengo","state":"Vihiga County","population":11913,"lat":0.04944,"lng":34.72476},{"city":"Mado Gashi","state":"Garissa County","population":11814,"lat":0.73112,"lng":39.17388},{"city":"Mau Narok","state":"Nakuru County","population":11806,"lat":-0.60661,"lng":36.00836},{"city":"Ahero","state":"Kisumu County","population":11801,"lat":-0.17359,"lng":34.9189},{"city":"Ijara","state":"Garissa County","population":11792,"lat":-1.59517,"lng":40.51444},{"city":"Bomet","state":"Bomet County","population":11765,"lat":-0.78129,"lng":35.34156},{"city":"Lokichokio","state":"Turkana County","population":11626,"lat":4.20771,"lng":34.35378},{"city":"Dadaab","state":"Garissa County","population":11525,"lat":0.05244,"lng":40.30855},{"city":"Tala","state":"Machakos County","population":11446,"lat":-1.26849,"lng":37.32186},{"city":"Butere","state":"Kakamega County","population":11205,"lat":0.20694,"lng":34.49006},{"city":"Kinna","state":"Isiolo County","population":11175,"lat":0.31883,"lng":38.20499},{"city":"Gongoni","state":"Kilifi County","population":10993,"lat":-3.03668,"lng":40.13748},{"city":"Merti","state":"Isiolo County","population":10990,"lat":1.06725,"lng":38.6662},{"city":"Keroka","state":"Nyamira county","population":10881,"lat":-0.77612,"lng":34.94678},{"city":"Kilgoris","state":"Narok County","population":10845,"lat":-1.00819,"lng":34.87809},{"city":"Matunda","state":"Uasin Gishu County","population":10807,"lat":0.84443,"lng":35.13716},{"city":"Takaungu","state":"Kilifi County","population":10760,"lat":-3.6835,"lng":39.85687},{"city":"Timau","state":"Meru County","population":10571,"lat":0.0835,"lng":37.23925},{"city":"Oloitokitok","state":"Kajiado County","population":10568,"lat":-2.92724,"lng":37.5103},{"city":"Kainuk","state":"Turkana County","population":10535,"lat":1.77442,"lng":35.50641},{"city":"Subukia","state":"Nakuru County","population":10344,"lat":-0.01644,"lng":36.20927},{"city":"Sindo","state":"Homa Bay County","population":10286,"lat":-0.54061,"lng":34.16891},{"city":"Kangundo","state":"Machakos County","population":10258,"lat":-1.30342,"lng":37.34813},{"city":"Kimana","state":"Kajiado County","population":10116,"lat":-2.79884,"lng":37.53708},{"city":"Kwale","state":"Kwale County","population":10063,"lat":-4.17375,"lng":39.45206},{"city":"Luanda","state":"Busia County","population":10053,"lat":0.31354,"lng":34.07146},{"city":"Chwele","state":"Bungoma County","population":9797,"lat":0.76239,"lng":34.54852},{"city":"Mwatate","state":"Taita Taveta","population":9572,"lat":-3.505,"lng":38.37722},{"city":"Marigat","state":"Baringo","population":9395,"lat":0.47119,"lng":35.98638},{"city":"Kapsowar","state":"Elegeyo-Marakwet","population":9152,"lat":0.9789,"lng":35.55854},{"city":"Kutus","state":"Kirinyaga County","population":9143,"lat":-0.57534,"lng":37.3269},{"city":"Naro Moru","state":"Nyeri County","population":9018,"lat":-0.16357,"lng":37.01773},{"city":"Sultan Hamud","state":"Makueni County","population":8718,"lat":-2.02042,"lng":37.37212},{"city":"Bondo","state":"Siaya County","population":8683,"lat":0.23522,"lng":34.28086},{"city":"Maragua","state":"Murang'A","population":8597,"lat":-0.79602,"lng":37.13292},{"city":"Kibwezi","state":"Makueni County","population":8143,"lat":-2.40935,"lng":37.96631},{"city":"Rodi","state":"Homa Bay County","population":8122,"lat":-0.62457,"lng":34.503},{"city":"Kinango","state":"Kwale County","population":8070,"lat":-4.13723,"lng":39.31528},{"city":"Nandi Hills","state":"Nandi","population":8032,"lat":0.10366,"lng":35.18426},{"city":"Usenge","state":"Siaya County","population":7976,"lat":-0.06731,"lng":34.0566},{"city":"Gatundu","state":"Kiambu County","population":7947,"lat":-1.05,"lng":36.9},{"city":"Giriftu","state":"Wajir County","population":7935,"lat":2.00039,"lng":39.75191},{"city":"Brooke","state":"Kericho County","population":7896,"lat":-0.33408,"lng":35.32537},{"city":"Il","state":"Kajiado County","population":7812,"lat":-2.09761,"lng":36.79224},{"city":"Sololo","state":null,"population":7683,"lat":3.56392,"lng":38.64321},{"city":"Nkubu","state":"Meru County","population":7675,"lat":-0.06929,"lng":37.66618},{"city":"Baringo","state":"Baringo","population":7656,"lat":0.46667,"lng":35.96667},{"city":"Chogoria","state":"Tharaka - Nithi","population":7603,"lat":-0.22954,"lng":37.62732},{"city":"Shianda","state":"Kakamega County","population":7502,"lat":0.31943,"lng":34.57352},{"city":"Garsen","state":"Tana River County","population":7176,"lat":-2.26645,"lng":40.10975},{"city":"Marereni","state":"Kilifi County","population":7085,"lat":-2.86041,"lng":40.15057},{"city":"Kapsokwony","state":"Bungoma County","population":7077,"lat":0.85222,"lng":34.70194},{"city":"Ogunja","state":"Siaya County","population":7060,"lat":0.19019,"lng":34.29916},{"city":"Sori","state":"Migori County","population":7020,"lat":-0.8409,"lng":34.15978},{"city":"Kaloleni","state":"Kilifi County","population":7016,"lat":-3.81413,"lng":39.63144},{"city":"Sondu","state":"Kericho County","population":6869,"lat":-0.3906,"lng":35.01266},{"city":"Kimbimbi","state":"Kirinyaga County","population":6826,"lat":-0.62233,"lng":37.36482},{"city":"Maseno","state":"Kisumu County","population":6771,"lat":-0.00661,"lng":34.60004},{"city":"Othaya","state":"Nyeri County","population":6650,"lat":-0.54655,"lng":36.93178},{"city":"Mukurwe-ini","state":"Nyeri County","population":6508,"lat":-0.56092,"lng":37.04759},{"city":"Bura","state":"Garissa County","population":6496,"lat":-1.09431,"lng":39.94185},{"city":"Kangema","state":"Murang'A","population":6424,"lat":-0.68553,"lng":36.96463},{"city":"Kendu Bay","state":"Homa Bay County","population":6064,"lat":-0.3618,"lng":34.65272},{"city":"Tinganga","state":"Kiambu County","population":6059,"lat":-1.13033,"lng":36.81358},{"city":"Lolgorien","state":"Narok County","population":6053,"lat":-1.22906,"lng":34.80711},{"city":"Nyansiongo","state":"Nyamira county","population":5993,"lat":-0.7596,"lng":35.0148},{"city":"Chaka","state":"Nyeri County","population":5970,"lat":-0.35973,"lng":37.00002},{"city":"Mpeketoni","state":"Lamu","population":5957,"lat":-2.38913,"lng":40.69812},{"city":"Mtito Andei","state":"Makueni County","population":5626,"lat":-2.68987,"lng":38.16687},{"city":"Olulung’a","state":"Narok County","population":5609,"lat":-1.00268,"lng":35.66336},{"city":"Githiga A","state":"Kiambu County","population":5565,"lat":-1.08693,"lng":36.73405},{"city":"Rironi","state":"Kiambu County","population":5544,"lat":-1.15116,"lng":36.63555},{"city":"Dundori","state":"Nakuru County","population":5392,"lat":-0.2519,"lng":36.23641},{"city":"Witu","state":"Lamu","population":5380,"lat":-2.38892,"lng":40.43827},{"city":"Jebilat","state":"Nyamira county","population":5373,"lat":-0.69356,"lng":35.07132},{"city":"Lare","state":"Meru County","population":5358,"lat":0.33727,"lng":37.93749},{"city":"Engineer","state":"Nyandarua County","population":5324,"lat":-0.60538,"lng":36.57629},{"city":"Gazi","state":"Kwale County","population":5222,"lat":-4.42402,"lng":39.50588},{"city":"Loiyangalani","state":"Marsabit County","population":5193,"lat":2.74439,"lng":36.7146},{"city":"North Horr","state":"Marsabit County","population":5177,"lat":3.32205,"lng":37.07032},{"city":"Maji Mazuri","state":"Baringo","population":5138,"lat":-0.01966,"lng":35.69138},{"city":"Malava","state":"Kakamega County","population":5131,"lat":0.44714,"lng":34.85387},{"city":"Katito","state":"Kisumu County","population":5098,"lat":-0.26934,"lng":34.97197},{"city":"Awasi","state":"Kisumu County","population":5052,"lat":-0.16769,"lng":35.08239},{"city":"Laisamis","state":"Marsabit County","population":5047,"lat":1.5932,"lng":37.80595},{"city":"Nairagi Enkare","state":"Narok County","population":4954,"lat":-1.04444,"lng":36.16314},{"city":"Runyenjes","state":"Embu County","population":4943,"lat":-0.42304,"lng":37.57043},{"city":"Muhuru","state":"Migori County","population":4924,"lat":-0.99862,"lng":34.09614},{"city":"Mosoriot","state":"Nandi","population":4916,"lat":0.32059,"lng":35.17599},{"city":"Kiambur","state":"Laikipia","population":4890,"lat":0.40778,"lng":36.29533},{"city":"Keringet","state":"Nakuru County","population":4774,"lat":-0.46758,"lng":35.68185},{"city":"Ndhiwa","state":"Homa Bay County","population":4762,"lat":-0.73148,"lng":34.36785},{"city":"Londiani","state":"Kericho County","population":4758,"lat":-0.16552,"lng":35.59359},{"city":"Timboroa","state":null,"population":4744,"lat":0.0855,"lng":35.53021},{"city":"Burnt Forest","state":"Uasin Gishu County","population":4739,"lat":0.21684,"lng":35.4325},{"city":"Maungu","state":"Taita Taveta","population":4713,"lat":-3.55813,"lng":38.74908},{"city":"Kebirigo","state":"Nyamira county","population":4711,"lat":-0.60292,"lng":34.96124},{"city":"Kijabe","state":"Nakuru County","population":4679,"lat":-0.948,"lng":36.598},{"city":"Illasit","state":"Kajiado County","population":4631,"lat":-2.95887,"lng":37.57112},{"city":"Archers Post","state":"Samburu County","population":4620,"lat":0.63967,"lng":37.66596},{"city":"Wamba","state":"Samburu County","population":4580,"lat":0.98016,"lng":37.32349},{"city":"Samburu","state":"Kwale County","population":4454,"lat":-3.7947,"lng":39.26368},{"city":"Isineti","state":"Kajiado County","population":4437,"lat":-2.73555,"lng":37.50673},{"city":"Cheptai","state":"Bungoma County","population":4419,"lat":0.79975,"lng":34.4778},{"city":"Kimende","state":"Kiambu County","population":4356,"lat":-0.98294,"lng":36.63091},{"city":"Ndunyu Njeru","state":"Nyandarua County","population":4354,"lat":-0.54592,"lng":36.56182},{"city":"Malikisi","state":"Bungoma County","population":4319,"lat":0.67694,"lng":34.42167},{"city":"Siakago","state":"Embu County","population":4315,"lat":-0.57728,"lng":37.63996},{"city":"Kithii","state":"Machakos County","population":4304,"lat":-1.39897,"lng":37.31378},{"city":"Baragoi","state":"Samburu County","population":4254,"lat":1.78398,"lng":36.78597},{"city":"Mokowe","state":"Lamu","population":4249,"lat":-2.23679,"lng":40.84555},{"city":"Sotik","state":"Bomet County","population":4194,"lat":-0.69069,"lng":35.11102},{"city":"Amagoru","state":"Busia County","population":4182,"lat":0.63157,"lng":34.32773},{"city":"Sega","state":"Siaya County","population":4179,"lat":0.25365,"lng":34.22784},{"city":"Kipini","state":"Tana River County","population":4114,"lat":-2.52565,"lng":40.5262},{"city":"Kangare","state":"Murang'A","population":4096,"lat":-0.79569,"lng":36.8813},{"city":"Nyandiwa","state":"Homa Bay County","population":4033,"lat":-0.72265,"lng":34.0591},{"city":"Kiganjo","state":"Nyeri County","population":4009,"lat":-0.39626,"lng":37.00006},{"city":"Nambare","state":"Busia County","population":3993,"lat":0.45813,"lng":34.25353},{"city":"Serem","state":"Vihiga County","population":3984,"lat":0.07717,"lng":34.85473},{"city":"South Kinangop","state":"Nyandarua County","population":3929,"lat":-0.7264,"lng":36.65258},{"city":"Mackinnon Road","state":"Kwale County","population":3901,"lat":-3.72332,"lng":39.03019},{"city":"Khayega","state":"Kakamega County","population":3892,"lat":0.20888,"lng":34.77078},{"city":"Rombo","state":"Kajiado County","population":3854,"lat":-3.04631,"lng":37.69539},{"city":"Mosocho","state":"Kisii County","population":3824,"lat":-0.58864,"lng":34.73379},{"city":"Kiriaini","state":"Murang'A","population":3779,"lat":-0.87917,"lng":36.88736},{"city":"Ndori","state":"Siaya County","population":3770,"lat":-0.07892,"lng":34.36329},{"city":"Kagumo","state":"Kirinyaga County","population":3673,"lat":-0.47335,"lng":37.23737},{"city":"Masii","state":"Machakos County","population":3653,"lat":-1.46127,"lng":37.43849},{"city":"Funyula","state":"Busia County","population":3645,"lat":0.27878,"lng":34.11869},{"city":"Mogonga","state":"Kisii County","population":3628,"lat":-0.86478,"lng":34.76285},{"city":"Mweiga","state":"Nyeri County","population":3609,"lat":-0.31977,"lng":36.90194},{"city":"Nyangusu","state":"Kisii County","population":3590,"lat":-0.93263,"lng":34.84421},{"city":"Kapsoit","state":"Kericho County","population":3545,"lat":-0.31984,"lng":35.21845},{"city":"Magena Marabu","state":"Kisii County","population":3505,"lat":-0.91383,"lng":34.79623},{"city":"Ntulelei","state":"Narok County","population":3390,"lat":-1.09573,"lng":36.08559},{"city":"Ortum","state":"West Pokot County","population":3372,"lat":1.43735,"lng":35.35629},{"city":"Ol Donyo","state":"Machakos County","population":3353,"lat":-1.084,"lng":37.25274},{"city":"Mitunguu","state":"Meru County","population":3293,"lat":-0.10886,"lng":37.7826},{"city":"Kikima","state":"Makueni County","population":3269,"lat":-1.66208,"lng":37.4469},{"city":"Kapcherop","state":"Trans Nzoia","population":3240,"lat":1.04026,"lng":35.32121},{"city":"Yala","state":"Siaya County","population":3237,"lat":0.09438,"lng":34.53602},{"city":"Bahati","state":"Nakuru County","population":3180,"lat":-0.15407,"lng":36.14634},{"city":"Mulot","state":"Bomet County","population":3149,"lat":-0.93752,"lng":35.42162},{"city":"Tarbaj","state":"Wajir County","population":3146,"lat":2.2085,"lng":40.11812},{"city":"Kianyaga","state":"Kirinyaga County","population":2974,"lat":-0.49546,"lng":37.35027},{"city":"Kipkelion","state":"Kericho County","population":2952,"lat":-0.19982,"lng":35.46735},{"city":"Rabuor","state":"Kisumu County","population":2942,"lat":-0.14989,"lng":34.82584},{"city":"Kithimani","state":"Machakos County","population":2923,"lat":-1.18483,"lng":37.44685},{"city":"Tabaka","state":"Kisii County","population":2910,"lat":-0.74743,"lng":34.66682},{"city":"Faza","state":"Lamu","population":2855,"lat":-2.05604,"lng":41.11184},{"city":"Olenguruone","state":"Nakuru County","population":2787,"lat":-0.5861,"lng":35.68769},{"city":"Kampi Ya Moto","state":"Nakuru County","population":2775,"lat":-0.12429,"lng":35.93957},{"city":"Marimanti","state":"Tharaka - Nithi","population":2752,"lat":-0.15457,"lng":37.97625},{"city":"Endarasha","state":"Nyeri County","population":2743,"lat":-0.3055,"lng":36.79596},{"city":"Kiboko","state":"Makueni County","population":2708,"lat":-2.21053,"lng":37.72026},{"city":"Kenyenya","state":"Kisii County","population":2698,"lat":-0.88754,"lng":34.73204},{"city":"Kinungi","state":"Nakuru County","population":2573,"lat":-0.80415,"lng":36.53133},{"city":"Turbo","state":"Uasin Gishu County","population":2559,"lat":0.63367,"lng":35.04815},{"city":"Lunga-Lunga","state":"Kwale County","population":2536,"lat":-4.55276,"lng":39.12363},{"city":"Ikinu","state":"Kiambu County","population":2532,"lat":-1.10804,"lng":36.79161},{"city":"Simba","state":"Kajiado County","population":2504,"lat":-2.15792,"lng":37.59166},{"city":"Kapkatet","state":"Kericho County","population":2484,"lat":-0.62966,"lng":35.19441},{"city":"Ngewa","state":"Kiambu County","population":2452,"lat":-1.09196,"lng":36.8659},{"city":"Wiyumiririe","state":"Laikipia","population":2449,"lat":-0.07732,"lng":36.57959},{"city":"Saba Saba","state":"Murang'A","population":2438,"lat":-0.87592,"lng":37.14324},{"city":"Kavati","state":"Kitui County","population":2420,"lat":-1.23403,"lng":37.91571},{"city":"Shimoni","state":"Kwale County","population":2374,"lat":-4.64756,"lng":39.38175},{"city":"Suguta","state":"Samburu County","population":2328,"lat":0.82495,"lng":36.68928},{"city":"Karuga","state":"Laikipia","population":2301,"lat":0.03843,"lng":36.29279},{"city":"Kesses","state":"Uasin Gishu County","population":2293,"lat":0.30206,"lng":35.31441},{"city":"Nunguni","state":"Makueni County","population":2266,"lat":-1.79324,"lng":37.36276},{"city":"Kasuku","state":"Nyandarua County","population":2209,"lat":-0.13103,"lng":36.37886},{"city":"Wamunyu","state":"Machakos County","population":2190,"lat":-1.40983,"lng":37.56358},{"city":"Muchorwi","state":"Nakuru County","population":2162,"lat":-0.3299,"lng":35.68751},{"city":"Kiirua","state":"Meru County","population":2158,"lat":0.12079,"lng":37.55953},{"city":"Ewuaso","state":"Kajiado County","population":2144,"lat":-1.14856,"lng":36.49712},{"city":"Ol Joro Orok","state":"Nyandarua County","population":2116,"lat":-0.07473,"lng":36.36288},{"city":"Sirisia","state":"Bungoma County","population":2096,"lat":0.75471,"lng":34.50351},{"city":"Baraton","state":"Nandi","population":2043,"lat":0.25517,"lng":35.0827},{"city":"Bamba","state":"Kilifi County","population":2015,"lat":-3.54099,"lng":39.52268},{"city":"Konza","state":"Machakos County","population":2004,"lat":-1.73947,"lng":37.13195},{"city":"Chepareria","state":"West Pokot County","population":1073,"lat":1.30583,"lng":35.20365},{"city":"Sirisia","state":"Busia County","population":944,"lat":0.11667,"lng":34.0},{"city":"Kandara","state":"Murang'A","population":914,"lat":-0.89715,"lng":37.00279},{"city":"Bungoma","state":"Bungoma County","population":0,"lat":0.58333,"lng":34.58333},{"city":"Kathwana","state":"Tharaka - Nithi","population":0,"lat":-0.33139,"lng":37.86861}]}}