{"timezone":"America/Toronto","countries":{"Canada":[{"city":"Toronto","state":"Ontario","population":2794356,"lat":43.70643,"lng":-79.39864},{"city":"Montréal","state":"Quebec","population":1762949,"lat":45.50884,"lng":-73.58781},{"city":"Ottawa","state":"Ontario","population":1017449,"lat":45.41117,"lng":-75.69812},{"city":"Mississauga","state":"Ontario","population":717961,"lat":43.5789,"lng":-79.6583},{"city":"Brampton","state":"Ontario","population":656480,"lat":43.68341,"lng":-79.76633},{"city":"Hamilton","state":"Ontario","population":569353,"lat":43.25011,"lng":-79.84963},{"city":"Québec","state":"Quebec","population":531902,"lat":46.81228,"lng":-71.21454},{"city":"Laval","state":"Quebec","population":438366,"lat":45.56995,"lng":-73.692},{"city":"London","state":"Ontario","population":422324,"lat":42.98339,"lng":-81.23304},{"city":"Etobicoke","state":"Ontario","population":365000,"lat":43.64415,"lng":-79.56985},{"city":"Markham","state":"Ontario","population":338503,"lat":43.86682,"lng":-79.2663},{"city":"Vaughan","state":"Ontario","population":323103,"lat":43.8361,"lng":-79.49827},{"city":"Gatineau","state":"Quebec","population":300045,"lat":45.47723,"lng":-75.70164},{"city":"Kitchener","state":"Ontario","population":256885,"lat":43.42537,"lng":-80.5112},{"city":"Windsor","state":"Ontario","population":229660,"lat":42.30008,"lng":-83.01654},{"city":"Longueuil","state":"Quebec","population":229330,"lat":45.5152,"lng":-73.46818},{"city":"Oakville","state":"Ontario","population":213759,"lat":43.45011,"lng":-79.68292},{"city":"Richmond Hill","state":"Ontario","population":202022,"lat":43.87111,"lng":-79.43725},{"city":"Burlington","state":"Ontario","population":186948,"lat":43.38621,"lng":-79.83713},{"city":"Nepean","state":"Ontario","population":180000,"lat":45.33619,"lng":-75.7225},{"city":"Oshawa","state":"Ontario","population":175383,"lat":43.90012,"lng":-78.84957},{"city":"Greater Sudbury","state":"Ontario","population":166004,"lat":46.49,"lng":-80.99001},{"city":"Gloucester","state":"Ontario","population":150012,"lat":45.35,"lng":-75.63333},{"city":"Saguenay","state":"Quebec","population":148886,"lat":48.41675,"lng":-71.06573},{"city":"Barrie","state":"Ontario","population":147829,"lat":44.40011,"lng":-79.66634},{"city":"Rosemont–La Petite-Patrie","state":"Quebec","population":146501,"lat":45.53661,"lng":-73.60686},{"city":"Villeray–Saint-Michel–Parc-Extension","state":"Quebec","population":144814,"lat":45.55869,"lng":-73.60535},{"city":"Trois-Rivières","state":"Quebec","population":144472,"lat":46.34515,"lng":-72.5477},{"city":"Guelph","state":"Ontario","population":143740,"lat":43.54594,"lng":-80.25599},{"city":"Lévis","state":"Quebec","population":143414,"lat":46.80326,"lng":-71.17793},{"city":"Mercier–Hochelaga-Maisonneuve","state":"Quebec","population":142753,"lat":45.57194,"lng":-73.54626},{"city":"Whitby","state":"Ontario","population":138501,"lat":43.88342,"lng":-78.93287},{"city":"St. Catharines","state":"Ontario","population":136803,"lat":43.17126,"lng":-79.24267},{"city":"Ahuntsic-Cartierville","state":"Quebec","population":135336,"lat":45.56667,"lng":-73.66667},{"city":"Le Vieux-Longueuil","state":"Quebec","population":135218,"lat":45.53721,"lng":-73.50773},{"city":"Milton","state":"Ontario","population":132979,"lat":43.51681,"lng":-79.88294},{"city":"Kingston","state":"Ontario","population":132485,"lat":44.22976,"lng":-76.48098},{"city":"Cambridge","state":"Ontario","population":129920,"lat":43.3601,"lng":-80.31269},{"city":"Sherbrooke","state":"Quebec","population":129447,"lat":45.40008,"lng":-71.89908},{"city":"Orléans","state":"Ontario","population":125937,"lat":45.45732,"lng":-75.50433},{"city":"Ottawa South","state":"Ontario","population":125090,"lat":45.3921,"lng":-75.68725},{"city":"Ajax","state":"Ontario","population":119677,"lat":43.85012,"lng":-79.03288},{"city":"Rivière-des-Prairies–Pointe-aux-Trembles","state":"Quebec","population":113868,"lat":45.64064,"lng":-73.58463},{"city":"Terrebonne","state":"Quebec","population":111575,"lat":45.70004,"lng":-73.64732},{"city":"Thunder Bay","state":"Ontario","population":108843,"lat":48.38202,"lng":-89.25018},{"city":"Le Plateau-Mont-Royal","state":"Quebec","population":105813,"lat":45.52833,"lng":-73.58081},{"city":"Waterloo","state":"Ontario","population":104986,"lat":43.4668,"lng":-80.51639},{"city":"Ville-Marie","state":"Quebec","population":104944,"lat":45.49899,"lng":-73.57046},{"city":"Brantford","state":"Ontario","population":104688,"lat":43.1334,"lng":-80.26636},{"city":"Niagara Falls","state":"Ontario","population":99818,"lat":43.10012,"lng":-79.06627},{"city":"Saint-Laurent","state":"Quebec","population":98828,"lat":45.50008,"lng":-73.66585},{"city":"Saint-Jean-sur-Richelieu","state":"Quebec","population":98036,"lat":45.30713,"lng":-73.26259},{"city":"Pickering","state":"Ontario","population":91771,"lat":43.90012,"lng":-79.13289},{"city":"Newmarket","state":"Ontario","population":91034,"lat":44.05011,"lng":-79.46631},{"city":"Kanata","state":"Ontario","population":90000,"lat":45.3001,"lng":-75.91606},{"city":"Montréal-Nord","state":"Quebec","population":86857,"lat":45.6016,"lng":-73.63063},{"city":"Le Sud-Ouest","state":"Quebec","population":86347,"lat":45.47187,"lng":-73.58986},{"city":"Peterborough","state":"Ontario","population":85807,"lat":44.30012,"lng":-78.31623},{"city":"Repentigny","state":"Quebec","population":84965,"lat":45.74222,"lng":-73.45008},{"city":"Saint-Hubert","state":"Quebec","population":82548,"lat":45.50008,"lng":-73.41583},{"city":"Saint-Léonard","state":"Quebec","population":79495,"lat":45.58773,"lng":-73.59501},{"city":"Willowdale","state":"Ontario","population":79440,"lat":43.76672,"lng":-79.39909},{"city":"Caledon","state":"Ontario","population":76581,"lat":43.86544,"lng":-79.99322},{"city":"Stoney Creek","state":"Ontario","population":76382,"lat":43.21681,"lng":-79.76633},{"city":"La Haute-Saint-Charles","state":"Quebec","population":74070,"lat":46.89028,"lng":-71.37222},{"city":"Pierrefonds-Roxboro","state":"Quebec","population":73194,"lat":45.5019,"lng":-73.8417},{"city":"Sarnia","state":"Ontario","population":72125,"lat":42.97866,"lng":-82.40407},{"city":"Sault Ste. Marie","state":"Ontario","population":72051,"lat":46.51677,"lng":-84.33325},{"city":"Brossard","state":"Quebec","population":69575,"lat":45.45008,"lng":-73.46583},{"city":"Verdun","state":"Quebec","population":69229,"lat":45.46005,"lng":-73.57058},{"city":"Notre-Dame-de-Grâce","state":"Quebec","population":68152,"lat":45.47675,"lng":-73.61432},{"city":"Granby","state":"Quebec","population":66222,"lat":45.40008,"lng":-72.73243},{"city":"Waterfront Communities-The Island","state":"Ontario","population":65913,"lat":43.63388,"lng":-79.3772},{"city":"Hull","state":"Quebec","population":63702,"lat":45.42761,"lng":-75.71056},{"city":"Halton Hills","state":"Ontario","population":62951,"lat":43.6403,"lng":-79.93146},{"city":"Norfolk County","state":"Ontario","population":60847,"lat":42.8334,"lng":-80.38297},{"city":"Drummondville","state":"Quebec","population":59489,"lat":45.88336,"lng":-72.48241},{"city":"Pierrefonds","state":"Quebec","population":59093,"lat":45.45989,"lng":-73.89284},{"city":"Aylmer","state":"Quebec","population":56542,"lat":45.4002,"lng":-75.80644},{"city":"Saint-Michel","state":"Quebec","population":56420,"lat":45.56758,"lng":-73.62168},{"city":"Aurora","state":"Ontario","population":55445,"lat":44.00011,"lng":-79.46632},{"city":"Saint-Jérôme","state":"Quebec","population":54948,"lat":45.78036,"lng":-74.00365},{"city":"Jonquière","state":"Quebec","population":54842,"lat":48.41648,"lng":-71.24884},{"city":"Woburn","state":"Ontario","population":53485,"lat":43.76657,"lng":-79.22773},{"city":"Welland","state":"Ontario","population":52293,"lat":42.98342,"lng":-79.24958},{"city":"Belleville","state":"Ontario","population":50716,"lat":44.16682,"lng":-77.38277},{"city":"Willowdale East","state":"Ontario","population":50434,"lat":43.7706,"lng":-79.40148},{"city":"North Bay","state":"Ontario","population":50396,"lat":46.3168,"lng":-79.46633},{"city":"Saint-Hyacinthe","state":"Quebec","population":50326,"lat":45.63076,"lng":-72.95699},{"city":"Whitchurch-Stouffville","state":"Ontario","population":49864,"lat":44.00012,"lng":-79.3163},{"city":"Dollard-Des Ormeaux","state":"Quebec","population":48930,"lat":45.49452,"lng":-73.82419},{"city":"Cornwall","state":"Ontario","population":48821,"lat":45.01809,"lng":-74.72815},{"city":"Rouge","state":"Ontario","population":46496,"lat":43.80406,"lng":-79.16571},{"city":"Blainville","state":"Quebec","population":46493,"lat":45.66678,"lng":-73.88249},{"city":"Georgetown","state":"Ontario","population":44058,"lat":43.65011,"lng":-79.91634},{"city":"L'Amoreaux","state":"Ontario","population":43993,"lat":43.79572,"lng":-79.31408},{"city":"Islington-City Centre West","state":"Ontario","population":43965,"lat":43.63347,"lng":-79.54332},{"city":"Malvern","state":"Ontario","population":43794,"lat":43.80938,"lng":-79.22344},{"city":"Quinte West","state":"Ontario","population":43577,"lat":44.18342,"lng":-77.56618},{"city":"Chatham","state":"Ontario","population":43550,"lat":42.41224,"lng":-82.18494},{"city":"Innisfil","state":"Ontario","population":43326,"lat":44.30011,"lng":-79.64964},{"city":"Salaberry-de-Valleyfield","state":"Quebec","population":42787,"lat":45.25008,"lng":-74.13253},{"city":"Châteauguay","state":"Quebec","population":42786,"lat":45.38338,"lng":-73.74919},{"city":"Rimouski","state":"Quebec","population":42240,"lat":48.44879,"lng":-68.52396},{"city":"Saint-Eustache","state":"Quebec","population":42062,"lat":45.565,"lng":-73.90554},{"city":"Timmins","state":"Ontario","population":41788,"lat":48.46686,"lng":-81.33312},{"city":"Sorel-Tracy","state":"Quebec","population":41629,"lat":46.04178,"lng":-73.11358},{"city":"Stittsville","state":"Ontario","population":40889,"lat":45.2501,"lng":-75.91606},{"city":"Ancaster","state":"Ontario","population":40557,"lat":43.21806,"lng":-79.98716},{"city":"Woodstock","state":"Ontario","population":40404,"lat":43.13339,"lng":-80.7497},{"city":"Bowmanville","state":"Ontario","population":39371,"lat":43.91682,"lng":-78.68286},{"city":"Boucherville","state":"Quebec","population":39062,"lat":45.59104,"lng":-73.43605},{"city":"St. Thomas","state":"Ontario","population":38909,"lat":42.77361,"lng":-81.18038},{"city":"Shawinigan","state":"Quebec","population":38211,"lat":46.56675,"lng":-72.74913},{"city":"Neufchâtel-Est–Lebourgneuf","state":"Quebec","population":37540,"lat":46.85436,"lng":-71.34191},{"city":"Stouffville","state":"Ontario","population":36753,"lat":43.96682,"lng":-79.2496},{"city":"Dovercourt-Wallace Emerson-Junction","state":"Ontario","population":36625,"lat":43.66568,"lng":-79.43854},{"city":"Rock Forest","state":"Quebec","population":35500,"lat":45.35699,"lng":-71.99676},{"city":"Downsview-Roding-CFB","state":"Ontario","population":35052,"lat":43.73329,"lng":-79.49049},{"city":"Parkwoods-Donalda","state":"Ontario","population":34805,"lat":43.75503,"lng":-79.33018},{"city":"Joliette","state":"Quebec","population":34772,"lat":46.0164,"lng":-73.4236},{"city":"Cartierville","state":"Quebec","population":34667,"lat":45.53118,"lng":-73.70358},{"city":"Mascouche","state":"Quebec","population":34626,"lat":45.74965,"lng":-73.59956},{"city":"Mirabel","state":"Quebec","population":34626,"lat":45.65008,"lng":-74.08251},{"city":"Victoriaville","state":"Quebec","population":34426,"lat":46.05007,"lng":-71.96579},{"city":"Brant","state":"Ontario","population":34415,"lat":43.1334,"lng":-80.34967},{"city":"Mimico","state":"Ontario","population":33964,"lat":43.61616,"lng":-79.51269},{"city":"Parc-Extension","state":"Quebec","population":33800,"lat":45.52951,"lng":-73.63176},{"city":"West Humber-Clairville","state":"Ontario","population":33312,"lat":43.71619,"lng":-79.59636},{"city":"Leamington","state":"Ontario","population":32991,"lat":42.05009,"lng":-82.59981},{"city":"Mount Olive-Silverstone-Jamestown","state":"Ontario","population":32954,"lat":43.74687,"lng":-79.58726},{"city":"LaSalle","state":"Ontario","population":32721,"lat":42.24481,"lng":-83.06095},{"city":"Snowdon","state":"Quebec","population":32160,"lat":45.4859,"lng":-73.63103},{"city":"Stratford","state":"Ontario","population":31465,"lat":43.36679,"lng":-80.94972},{"city":"Côte-Saint-Luc","state":"Quebec","population":31395,"lat":45.46536,"lng":-73.66585},{"city":"Church-Yonge Corridor","state":"Ontario","population":31340,"lat":43.65965,"lng":-79.37902},{"city":"Niagara","state":"Ontario","population":31180,"lat":43.64455,"lng":-79.40712},{"city":"Saint-Georges","state":"Quebec","population":31173,"lat":46.11353,"lng":-70.66526},{"city":"Orillia","state":"Ontario","population":31166,"lat":44.60868,"lng":-79.42068},{"city":"Orangeville","state":"Ontario","population":30734,"lat":43.9168,"lng":-80.09967},{"city":"Fort Erie","state":"Ontario","population":30710,"lat":42.90012,"lng":-78.93286},{"city":"Annex","state":"Ontario","population":30526,"lat":43.67159,"lng":-79.404},{"city":"Glenfield-Jane Heights","state":"Ontario","population":30491,"lat":43.74564,"lng":-79.51347},{"city":"Ville-Émard","state":"Quebec","population":30440,"lat":45.44979,"lng":-73.6015},{"city":"Pointe-Claire","state":"Quebec","population":30161,"lat":45.44868,"lng":-73.81669},{"city":"Bendale","state":"Ontario","population":29960,"lat":43.76681,"lng":-79.25326},{"city":"Desmarchais-Crawford","state":"Quebec","population":29688,"lat":45.44554,"lng":-73.58163},{"city":"Mount Pleasant West","state":"Ontario","population":29658,"lat":43.70444,"lng":-79.39336},{"city":"Alma","state":"Quebec","population":29526,"lat":48.55009,"lng":-71.6491},{"city":"Agincourt North","state":"Ontario","population":29113,"lat":43.80418,"lng":-79.27528},{"city":"Sainte-Julie","state":"Quebec","population":29019,"lat":45.58338,"lng":-73.33246},{"city":"Sept-Îles","state":"Quebec","population":28534,"lat":50.20011,"lng":-66.38208},{"city":"Wexford/Maryvale","state":"Ontario","population":27917,"lat":43.74857,"lng":-79.29864},{"city":"South Riverdale","state":"Ontario","population":27876,"lat":43.64929,"lng":-79.33565},{"city":"Banbury-Don Mills","state":"Ontario","population":27695,"lat":43.73766,"lng":-79.34972},{"city":"York University Heights","state":"Ontario","population":27593,"lat":43.76574,"lng":-79.48888},{"city":"Tam O'Shanter-Sullivan","state":"Ontario","population":27446,"lat":43.77977,"lng":-79.29502},{"city":"West Hill","state":"Ontario","population":27392,"lat":43.76737,"lng":-79.1795},{"city":"Saint-Constant","state":"Quebec","population":27359,"lat":45.36678,"lng":-73.56588},{"city":"Grimsby","state":"Ontario","population":27314,"lat":43.20011,"lng":-79.56631},{"city":"Don Valley Village","state":"Ontario","population":27051,"lat":43.78329,"lng":-79.35364},{"city":"Clairlea-Birchmount","state":"Ontario","population":26984,"lat":43.71359,"lng":-79.28138},{"city":"Bolton","state":"Ontario","population":26795,"lat":43.87952,"lng":-79.73791},{"city":"Milliken","state":"Ontario","population":26572,"lat":43.82499,"lng":-79.29872},{"city":"Boisbriand","state":"Quebec","population":26483,"lat":45.61678,"lng":-73.83249},{"city":"Westminster-Branson","state":"Ontario","population":26274,"lat":43.77881,"lng":-79.45242},{"city":"Bay Street Corridor","state":"Ontario","population":25797,"lat":43.65751,"lng":-79.38572},{"city":"Vaudreuil-Dorion","state":"Quebec","population":25789,"lat":45.40008,"lng":-74.03251},{"city":"Thetford-Mines","state":"Quebec","population":25704,"lat":46.09371,"lng":-71.30539},{"city":"Centretown","state":"Ontario","population":25687,"lat":45.41534,"lng":-75.69639},{"city":"Val-d'Or","state":"Quebec","population":25541,"lat":48.0974,"lng":-77.79737},{"city":"Prince Edward","state":"Ontario","population":25496,"lat":44.00012,"lng":-77.24946},{"city":"Sainte-Thérèse","state":"Quebec","population":25224,"lat":45.63922,"lng":-73.82757},{"city":"Stonegate-Queensway","state":"Ontario","population":25051,"lat":43.63552,"lng":-79.50113},{"city":"Dorset Park","state":"Ontario","population":25003,"lat":43.75386,"lng":-79.28215},{"city":"Brooklin","state":"Ontario","population":25000,"lat":43.95833,"lng":-78.95972},{"city":"Fallingbrook","state":"Ontario","population":25000,"lat":45.47558,"lng":-75.48401},{"city":"Alta Vista","state":"Ontario","population":24726,"lat":45.38639,"lng":-75.65806},{"city":"Steeles","state":"Ontario","population":24623,"lat":43.81205,"lng":-79.33082},{"city":"Waterdown","state":"Ontario","population":24400,"lat":43.33341,"lng":-79.88293},{"city":"Saint-Bruno-de-Montarville","state":"Quebec","population":24388,"lat":45.53341,"lng":-73.34916},{"city":"Midland","state":"Ontario","population":24353,"lat":44.7501,"lng":-79.88296},{"city":"East Gwillimbury","state":"Ontario","population":23991,"lat":44.10087,"lng":-79.43785},{"city":"Mile End","state":"Quebec","population":23977,"lat":45.5237,"lng":-73.59631},{"city":"Outremont","state":"Quebec","population":23954,"lat":45.51564,"lng":-73.60865},{"city":"High Park-Swansea","state":"Ontario","population":23925,"lat":43.64506,"lng":-79.46787},{"city":"Brockville","state":"Ontario","population":23886,"lat":44.59132,"lng":-75.68705},{"city":"Strathroy","state":"Ontario","population":23871,"lat":42.9551,"lng":-81.62232},{"city":"Newtonbrook West","state":"Ontario","population":23831,"lat":43.78583,"lng":-79.43142},{"city":"Agincourt South-Malvern West","state":"Ontario","population":23757,"lat":43.78866,"lng":-79.26561},{"city":"Rouyn-Noranda","state":"Quebec","population":23504,"lat":48.23656,"lng":-79.02311},{"city":"La Prairie","state":"Quebec","population":23357,"lat":45.41678,"lng":-73.49917},{"city":"Bedford Park-Nortown","state":"Ontario","population":23236,"lat":43.73149,"lng":-79.42023},{"city":"Tecumseh","state":"Ontario","population":23229,"lat":42.316,"lng":-82.884},{"city":"Eglinton East","state":"Ontario","population":22776,"lat":43.73917,"lng":-79.24576},{"city":"Chambly","state":"Quebec","population":22608,"lat":45.45008,"lng":-73.28246},{"city":"Englemount-Lawrence","state":"Ontario","population":22372,"lat":43.72035,"lng":-79.43741},{"city":"Birchcliffe-Cliffside","state":"Ontario","population":22291,"lat":43.69468,"lng":-79.26509},{"city":"Rockcliffe-Smythe","state":"Ontario","population":22246,"lat":43.67479,"lng":-79.49442},{"city":"High Park North","state":"Ontario","population":22162,"lat":43.65626,"lng":-79.47454},{"city":"Willowridge-Martingrove-Richview","state":"Ontario","population":22156,"lat":43.68364,"lng":-79.55422},{"city":"Kingsville","state":"Ontario","population":22119,"lat":42.10009,"lng":-82.73312},{"city":"Kingsview Village-The Westway","state":"Ontario","population":22000,"lat":43.69899,"lng":-79.54786},{"city":"Flemingdon Park","state":"Ontario","population":21933,"lat":43.71806,"lng":-79.33222},{"city":"South Parkdale","state":"Ontario","population":21849,"lat":43.6367,"lng":-79.43934},{"city":"Collingwood","state":"Ontario","population":21793,"lat":44.4834,"lng":-80.21638},{"city":"Black Creek","state":"Ontario","population":21737,"lat":43.76489,"lng":-79.52198},{"city":"The Beaches","state":"Ontario","population":21567,"lat":43.67372,"lng":-79.29539},{"city":"Baie-Comeau","state":"Quebec","population":21536,"lat":49.21679,"lng":-68.14894},{"city":"Bayview Village","state":"Ontario","population":21396,"lat":43.77639,"lng":-79.38028},{"city":"East End-Danforth","state":"Ontario","population":21381,"lat":43.68417,"lng":-79.29936},{"city":"Owen Sound","state":"Ontario","population":21341,"lat":44.56717,"lng":-80.94349},{"city":"Oakwood Village","state":"Ontario","population":21210,"lat":43.68278,"lng":-79.43833},{"city":"Uxbridge","state":"Ontario","population":21176,"lat":44.10012,"lng":-79.11628},{"city":"Thorncliffe Park","state":"Ontario","population":21108,"lat":43.70775,"lng":-79.34998},{"city":"Keswick","state":"Ontario","population":21000,"lat":44.25011,"lng":-79.46632},{"city":"Varennes","state":"Quebec","population":20994,"lat":45.68338,"lng":-73.43246},{"city":"Rosedale-Moore Park","state":"Ontario","population":20923,"lat":43.68282,"lng":-79.37967},{"city":"Clarence-Rockland","state":"Ontario","population":20790,"lat":45.5501,"lng":-75.29101},{"city":"Fergus","state":"Ontario","population":20767,"lat":43.70604,"lng":-80.37761},{"city":"Wasaga Beach","state":"Ontario","population":20675,"lat":44.5168,"lng":-80.01637},{"city":"Moss Park","state":"Ontario","population":20506,"lat":43.65498,"lng":-79.37153},{"city":"Westmount","state":"Quebec","population":20494,"lat":45.48341,"lng":-73.59918},{"city":"Kirkland","state":"Quebec","population":20491,"lat":45.45008,"lng":-73.86586},{"city":"Ile-des-Soeurs","state":"Quebec","population":20461,"lat":45.46033,"lng":-73.54817},{"city":"Lindsay","state":"Ontario","population":20354,"lat":44.35012,"lng":-78.73286},{"city":"Templeton-Est","state":"Quebec","population":20000,"lat":45.49389,"lng":-75.58833},{"city":"Saint-Lazare","state":"Quebec","population":19889,"lat":45.40008,"lng":-74.13256},{"city":"L'Île-Bizard–Sainte-Geneviève","state":"Quebec","population":19857,"lat":45.49391,"lng":-73.8956},{"city":"Huntsville","state":"Ontario","population":19816,"lat":45.33341,"lng":-79.21632},{"city":"Beaconsfield","state":"Quebec","population":19194,"lat":45.43341,"lng":-73.86586},{"city":"Dorval","state":"Quebec","population":18980,"lat":45.4473,"lng":-73.75335},{"city":"Mont-Royal","state":"Quebec","population":18933,"lat":45.51675,"lng":-73.64918},{"city":"Beloeil","state":"Quebec","population":18927,"lat":45.56839,"lng":-73.20568},{"city":"Alliston","state":"Ontario","population":18809,"lat":44.15011,"lng":-79.86635},{"city":"Thorold","state":"Ontario","population":18801,"lat":43.11682,"lng":-79.19958},{"city":"O'Connor-Parkview","state":"Ontario","population":18675,"lat":43.7068,"lng":-79.31223},{"city":"Tillsonburg","state":"Ontario","population":18615,"lat":42.85986,"lng":-80.72617},{"city":"North St.James Town","state":"Ontario","population":18615,"lat":43.66962,"lng":-79.37525},{"city":"Eringate-Centennial-West Deane","state":"Ontario","population":18588,"lat":43.65802,"lng":-79.58044},{"city":"Rivière-du-Loup","state":"Quebec","population":18586,"lat":47.82699,"lng":-69.54243},{"city":"Port Colborne","state":"Ontario","population":18306,"lat":42.90012,"lng":-79.23288},{"city":"Cobourg","state":"Ontario","population":18099,"lat":43.95977,"lng":-78.16515},{"city":"Weston","state":"Ontario","population":17992,"lat":43.70359,"lng":-79.51513},{"city":"Kensington-Chinatown","state":"Ontario","population":17945,"lat":43.65355,"lng":-79.39724},{"city":"Amos","state":"Quebec","population":17918,"lat":48.56688,"lng":-78.11624},{"city":"St. Andrew-Windfields","state":"Ontario","population":17812,"lat":43.75625,"lng":-79.37904},{"city":"Brookhaven-Amesbury","state":"Ontario","population":17757,"lat":43.70133,"lng":-79.48559},{"city":"Niagara-on-the-Lake","state":"Ontario","population":17511,"lat":43.25655,"lng":-79.08527},{"city":"Victoria Village","state":"Ontario","population":17510,"lat":43.72849,"lng":-79.31487},{"city":"Laflèche","state":"Quebec","population":17499,"lat":45.50008,"lng":-73.46587},{"city":"Saint-Lin-Laurentides","state":"Quebec","population":17463,"lat":45.85008,"lng":-73.76588},{"city":"Morningside","state":"Ontario","population":17455,"lat":43.78727,"lng":-79.20636},{"city":"Valley East","state":"Ontario","population":17451,"lat":46.64499,"lng":-80.9973},{"city":"Deux-Montagnes","state":"Quebec","population":17402,"lat":45.53455,"lng":-73.90168},{"city":"Les Coteaux","state":"Quebec","population":17396,"lat":45.28338,"lng":-74.23254},{"city":"Saint-Augustin-de-Desmaures","state":"Quebec","population":17281,"lat":46.74064,"lng":-71.45131},{"city":"Petawawa","state":"Ontario","population":17187,"lat":45.89452,"lng":-77.28007},{"city":"Danforth East York","state":"Ontario","population":17180,"lat":43.68947,"lng":-79.3314},{"city":"Kennedy Park","state":"Ontario","population":17123,"lat":43.72267,"lng":-79.26052},{"city":"Vanier","state":"Ontario","population":17000,"lat":45.4399,"lng":-75.66498},{"city":"Willowdale West","state":"Ontario","population":16936,"lat":43.77121,"lng":-79.42756},{"city":"Hillcrest Village","state":"Ontario","population":16934,"lat":43.80486,"lng":-79.35442},{"city":"Leaside-Bennington","state":"Ontario","population":16828,"lat":43.7038,"lng":-79.36607},{"city":"Mount Pleasant East","state":"Ontario","population":16775,"lat":43.70485,"lng":-79.38492},{"city":"Sainte-Catherine","state":"Quebec","population":16762,"lat":45.40008,"lng":-73.58248},{"city":"Greenfield Park","state":"Quebec","population":16733,"lat":45.48649,"lng":-73.46223},{"city":"Scarborough Village","state":"Ontario","population":16724,"lat":43.73899,"lng":-79.22124},{"city":"Buckingham","state":"Quebec","population":16685,"lat":45.58563,"lng":-75.4208},{"city":"Trinity-Bellwoods","state":"Ontario","population":16556,"lat":43.64791,"lng":-79.40849},{"city":"L'Ancienne-Lorette","state":"Quebec","population":16516,"lat":46.79392,"lng":-71.35191},{"city":"Clanton Park","state":"Ontario","population":16472,"lat":43.74198,"lng":-79.4463},{"city":"Sainte-Catherine","state":"Quebec","population":16211,"lat":46.31836,"lng":-72.56632},{"city":"Lansing-Westgate","state":"Ontario","population":16164,"lat":43.75427,"lng":-79.42475},{"city":"Newtonbrook East","state":"Ontario","population":16097,"lat":43.79154,"lng":-79.40594},{"city":"Bracebridge","state":"Ontario","population":16010,"lat":45.03341,"lng":-79.31633},{"city":"Candiac","state":"Quebec","population":15947,"lat":45.38338,"lng":-73.51587},{"city":"Cliffcrest","state":"Ontario","population":15935,"lat":43.72192,"lng":-79.23091},{"city":"L'Assomption","state":"Quebec","population":15906,"lat":45.82318,"lng":-73.4294},{"city":"Greater Napanee","state":"Ontario","population":15892,"lat":44.25012,"lng":-76.94944},{"city":"Bathurst Manor","state":"Ontario","population":15873,"lat":43.76481,"lng":-79.45606},{"city":"Pleasant View","state":"Ontario","population":15818,"lat":43.78609,"lng":-79.33502},{"city":"Saint-Henri","state":"Quebec","population":15800,"lat":45.46761,"lng":-73.60064},{"city":"Henry Farm","state":"Ontario","population":15723,"lat":43.76952,"lng":-79.3524},{"city":"Mont-Saint-Hilaire","state":"Quebec","population":15720,"lat":45.56515,"lng":-73.1868},{"city":"Taylor-Massey","state":"Ontario","population":15683,"lat":43.695,"lng":-79.2959},{"city":"Saint-Basile-le-Grand","state":"Quebec","population":15605,"lat":45.53338,"lng":-73.28246},{"city":"Little Portugal","state":"Ontario","population":15559,"lat":43.64663,"lng":-79.42956},{"city":"Magog","state":"Quebec","population":15550,"lat":45.26678,"lng":-72.14909},{"city":"Humbermede","state":"Ontario","population":15545,"lat":43.7525,"lng":-79.54417},{"city":"Edenbridge-Humber Valley","state":"Ontario","population":15535,"lat":43.67089,"lng":-79.52246},{"city":"Saint-Charles-Borromée","state":"Quebec","population":15285,"lat":46.05007,"lng":-73.46586},{"city":"Lawrence Park South","state":"Ontario","population":15179,"lat":43.71721,"lng":-79.40604},{"city":"le Plateau","state":"Quebec","population":15000,"lat":45.43514,"lng":-75.7803},{"city":"Roncesvalles","state":"Ontario","population":14974,"lat":43.64887,"lng":-79.45016},{"city":"Gaspé","state":"Quebec","population":14819,"lat":48.83341,"lng":-64.48194},{"city":"Matane","state":"Quebec","population":14812,"lat":48.82857,"lng":-67.52197},{"city":"Yorkdale-Glen Park","state":"Ontario","population":14804,"lat":43.71467,"lng":-79.45711},{"city":"Mississippi Mills","state":"Ontario","population":14740,"lat":45.23341,"lng":-76.19939},{"city":"Lawrence Park North","state":"Ontario","population":14607,"lat":43.73006,"lng":-79.40398},{"city":"West Nipissing","state":"Ontario","population":14583,"lat":46.37157,"lng":-79.92451},{"city":"Rayside-Balfour","state":"Ontario","population":14557,"lat":46.60873,"lng":-81.20763},{"city":"Greenwood-Coxwell","state":"Ontario","population":14417,"lat":43.68035,"lng":-79.32661},{"city":"Junction Area","state":"Ontario","population":14366,"lat":43.66789,"lng":-79.47144},{"city":"Humewood-Cedarvale","state":"Ontario","population":14365,"lat":43.69137,"lng":-79.42768},{"city":"Wychwood","state":"Ontario","population":14349,"lat":43.67757,"lng":-79.4218},{"city":"Briar Hill-Belgravia","state":"Ontario","population":14257,"lat":43.69902,"lng":-79.45285},{"city":"Blossom Park","state":"Ontario","population":14190,"lat":45.34889,"lng":-75.62667},{"city":"Rosemère","state":"Quebec","population":14173,"lat":45.63338,"lng":-73.79919},{"city":"Sainte-Monique","state":"Quebec","population":14150,"lat":48.73339,"lng":-71.84911},{"city":"Corso Italia-Davenport","state":"Ontario","population":14133,"lat":43.67766,"lng":-79.44747},{"city":"Simcoe","state":"Ontario","population":13922,"lat":42.8334,"lng":-80.29967},{"city":"Amherstburg","state":"Ontario","population":13910,"lat":42.10009,"lng":-83.09985},{"city":"Pembroke","state":"Ontario","population":13882,"lat":45.81681,"lng":-77.11616},{"city":"Oakridge","state":"Ontario","population":13845,"lat":43.69686,"lng":-79.28028},{"city":"Palmerston-Little Italy","state":"Ontario","population":13826,"lat":43.65916,"lng":-79.41841},{"city":"Pointe-Saint-Charles","state":"Quebec","population":13731,"lat":45.48072,"lng":-73.55485},{"city":"Ingersoll","state":"Ontario","population":13693,"lat":43.03339,"lng":-80.88302},{"city":"Ionview","state":"Ontario","population":13641,"lat":43.73694,"lng":-79.27333},{"city":"New Hamburg","state":"Ontario","population":13595,"lat":43.38339,"lng":-80.6997},{"city":"Mount Dennis","state":"Ontario","population":13593,"lat":43.68694,"lng":-79.48917},{"city":"Sainte-Marie","state":"Quebec","population":13565,"lat":46.43401,"lng":-71.01168},{"city":"Mont-Laurier","state":"Quebec","population":13405,"lat":46.55011,"lng":-75.4993},{"city":"Centennial Scarborough","state":"Ontario","population":13362,"lat":43.78238,"lng":-79.15084},{"city":"Bayview Woods-Steeles","state":"Ontario","population":13154,"lat":43.7968,"lng":-79.38212},{"city":"North Perth","state":"Ontario","population":13130,"lat":43.7251,"lng":-80.96723},{"city":"The Glebe","state":"Ontario","population":13055,"lat":45.40393,"lng":-75.69005},{"city":"Dolbeau-Mistassini","state":"Quebec","population":12916,"lat":48.8786,"lng":-72.23142},{"city":"Lowertown","state":"Ontario","population":12824,"lat":45.43193,"lng":-75.69319},{"city":"Forest Hill North","state":"Ontario","population":12806,"lat":43.70422,"lng":-79.42814},{"city":"Laurentides","state":"Quebec","population":12710,"lat":47.13336,"lng":-72.28239},{"city":"Port Hope","state":"Ontario","population":12587,"lat":44.01682,"lng":-78.39953},{"city":"Woodbine Corridor","state":"Ontario","population":12541,"lat":43.67836,"lng":-79.31571},{"city":"Yonge-St.Clair","state":"Ontario","population":12528,"lat":43.68786,"lng":-79.39787},{"city":"Elliot Lake","state":"Ontario","population":12508,"lat":46.38336,"lng":-82.63315},{"city":"Highland Creek","state":"Ontario","population":12494,"lat":43.79068,"lng":-79.17555},{"city":"Humber Summit","state":"Ontario","population":12416,"lat":43.7579,"lng":-79.57501},{"city":"Gravenhurst","state":"Ontario","population":12312,"lat":44.91681,"lng":-79.36633},{"city":"Paris","state":"Ontario","population":12310,"lat":43.2,"lng":-80.38333},{"city":"Alderwood","state":"Ontario","population":12054,"lat":43.60348,"lng":-79.54604},{"city":"Queenswood Heights","state":"Ontario","population":12000,"lat":45.47083,"lng":-75.50556},{"city":"Erin","state":"Ontario","population":11981,"lat":43.7729,"lng":-80.06436},{"city":"Beauharnois","state":"Quebec","population":11918,"lat":45.31341,"lng":-73.8725},{"city":"North Riverdale","state":"Ontario","population":11916,"lat":43.672,"lng":-79.35126},{"city":"Carleton Place","state":"Ontario","population":11901,"lat":45.13341,"lng":-76.14938},{"city":"Etobicoke West Mall","state":"Ontario","population":11848,"lat":43.64639,"lng":-79.56985},{"city":"Yonge-Eglinton","state":"Ontario","population":11817,"lat":43.70469,"lng":-79.40359},{"city":"Dufferin Grove","state":"Ontario","population":11785,"lat":43.65766,"lng":-79.42793},{"city":"Montmagny","state":"Quebec","population":11724,"lat":46.98043,"lng":-70.55493},{"city":"Cabbagetown-South St.James Town","state":"Ontario","population":11669,"lat":43.66765,"lng":-79.36611},{"city":"Hauterive","state":"Quebec","population":11549,"lat":49.19572,"lng":-68.25813},{"city":"Broadview North","state":"Ontario","population":11499,"lat":43.68883,"lng":-79.35563},{"city":"New Toronto","state":"Ontario","population":11463,"lat":43.60019,"lng":-79.50527},{"city":"Sainte-Marthe-sur-le-Lac","state":"Quebec","population":11311,"lat":45.53338,"lng":-73.9325},{"city":"Farnham","state":"Quebec","population":11228,"lat":45.28338,"lng":-72.98244},{"city":"Pincourt","state":"Quebec","population":11197,"lat":45.38338,"lng":-73.9825},{"city":"Bécancour","state":"Quebec","population":11134,"lat":46.34106,"lng":-72.43224},{"city":"Weston-Pellam Park","state":"Ontario","population":11098,"lat":43.67396,"lng":-79.46024},{"city":"Keelesdale-Eglinton West","state":"Ontario","population":11058,"lat":43.68573,"lng":-79.47144},{"city":"Princess-Rosethorn","state":"Ontario","population":11051,"lat":43.66605,"lng":-79.54456},{"city":"La Tuque","state":"Quebec","population":11001,"lat":47.43337,"lng":-72.7824},{"city":"Casa Loma","state":"Ontario","population":10968,"lat":43.68345,"lng":-79.41248},{"city":"Milton-Parc","state":"Quebec","population":10961,"lat":45.51004,"lng":-73.57455},{"city":"Humber Heights-Westmount","state":"Ontario","population":10948,"lat":43.69223,"lng":-79.52242},{"city":"Cowansville","state":"Quebec","population":10887,"lat":45.20008,"lng":-72.74913},{"city":"Regent Park","state":"Ontario","population":10803,"lat":43.66041,"lng":-79.3615},{"city":"Elmira","state":"Ontario","population":10790,"lat":43.60009,"lng":-80.5497},{"city":"Forest Hill South","state":"Ontario","population":10732,"lat":43.69453,"lng":-79.41432},{"city":"Pelmo Park-Humberlea","state":"Ontario","population":10722,"lat":43.71752,"lng":-79.52828},{"city":"Sainte-Anne-des-Plaines","state":"Quebec","population":10680,"lat":45.76468,"lng":-73.81156},{"city":"Saint-Canut","state":"Quebec","population":10643,"lat":45.71502,"lng":-74.08376},{"city":"Sainte-Adèle","state":"Quebec","population":10634,"lat":45.95008,"lng":-74.13251},{"city":"Lambton Shores","state":"Ontario","population":10631,"lat":43.16678,"lng":-81.93309},{"city":"Markland Wood","state":"Ontario","population":10554,"lat":43.63347,"lng":-79.57569},{"city":"Rexdale-Kipling","state":"Ontario","population":10529,"lat":43.72373,"lng":-79.56623},{"city":"Temiskaming Shores","state":"Ontario","population":10442,"lat":47.49376,"lng":-79.71529},{"city":"Cantley","state":"Quebec","population":10412,"lat":45.5668,"lng":-75.78265},{"city":"Thistletown-Beaumond Heights","state":"Ontario","population":10360,"lat":43.73799,"lng":-79.56349},{"city":"Saint-Félicien","state":"Quebec","population":10278,"lat":48.65007,"lng":-72.44906},{"city":"Angus","state":"Ontario","population":10269,"lat":44.31681,"lng":-79.88295},{"city":"Hawkesbury","state":"Ontario","population":10263,"lat":45.60009,"lng":-74.61595},{"city":"Roberval","state":"Quebec","population":10227,"lat":48.5168,"lng":-72.23244},{"city":"Sainte-Agathe-des-Monts","state":"Quebec","population":10223,"lat":46.05009,"lng":-74.28252},{"city":"Prévost","state":"Quebec","population":10132,"lat":45.86678,"lng":-74.08251},{"city":"Mercier","state":"Quebec","population":10121,"lat":45.3105,"lng":-73.73976},{"city":"Maple Leaf","state":"Ontario","population":10111,"lat":43.71557,"lng":-79.48076},{"city":"Long Branch","state":"Ontario","population":10084,"lat":43.5914,"lng":-79.53252},{"city":"Penetanguishene","state":"Ontario","population":10077,"lat":44.7834,"lng":-79.91637},{"city":"Runnymede-Bloor West Village","state":"Ontario","population":10070,"lat":43.65927,"lng":-79.48571},{"city":"Petite-Bourgogne","state":"Quebec","population":10000,"lat":45.48867,"lng":-73.56812},{"city":"South Huron","state":"Ontario","population":9982,"lat":43.31679,"lng":-81.51647},{"city":"Caledonia-Fairbank","state":"Ontario","population":9955,"lat":43.68857,"lng":-79.45521},{"city":"Rustic","state":"Ontario","population":9941,"lat":43.71161,"lng":-79.49809},{"city":"L'Île-Perrot","state":"Quebec","population":9927,"lat":45.38338,"lng":-73.9492},{"city":"Guildwood","state":"Ontario","population":9917,"lat":43.75262,"lng":-79.19486},{"city":"Notre-Dame-de-l'Île-Perrot","state":"Quebec","population":9885,"lat":45.36678,"lng":-73.9325},{"city":"Plantagenet","state":"Ontario","population":9680,"lat":45.5326,"lng":-74.99369},{"city":"Danforth","state":"Ontario","population":9666,"lat":43.68403,"lng":-79.32982},{"city":"Lorraine","state":"Quebec","population":9613,"lat":45.68338,"lng":-73.78249},{"city":"Lachute","state":"Quebec","population":9562,"lat":45.65008,"lng":-74.33253},{"city":"Port Perry","state":"Ontario","population":9553,"lat":44.10676,"lng":-78.94441},{"city":"Val-des-Monts","state":"Quebec","population":9539,"lat":45.6501,"lng":-75.66604},{"city":"Saint-Amable","state":"Quebec","population":9486,"lat":45.65008,"lng":-73.29916},{"city":"Elms-Old Rexdale","state":"Ontario","population":9456,"lat":43.72152,"lng":-79.54898},{"city":"Acton","state":"Ontario","population":9377,"lat":43.62969,"lng":-80.04149},{"city":"Dorchester","state":"Ontario","population":9329,"lat":42.98339,"lng":-81.06643},{"city":"Bells Corners","state":"Ontario","population":9272,"lat":45.31588,"lng":-75.83012},{"city":"Kingsway South","state":"Ontario","population":9271,"lat":43.65352,"lng":-79.51058},{"city":"Bridle Path-Sunnybrook-York Mills","state":"Ontario","population":9266,"lat":43.73101,"lng":-79.37891},{"city":"Huron East","state":"Ontario","population":9264,"lat":43.61679,"lng":-81.29975},{"city":"Old East York","state":"Ontario","population":9233,"lat":43.69678,"lng":-79.33549},{"city":"Saint-Sauveur","state":"Quebec","population":9191,"lat":45.88686,"lng":-74.17943},{"city":"Greely","state":"Ontario","population":9049,"lat":45.26139,"lng":-75.56111},{"city":"La Malbaie","state":"Quebec","population":8959,"lat":47.654,"lng":-70.15268},{"city":"Mont-Tremblant","state":"Quebec","population":8892,"lat":46.21274,"lng":-74.58438},{"city":"Smiths Falls","state":"Ontario","population":8885,"lat":44.90452,"lng":-76.02333},{"city":"Binbrook","state":"Ontario","population":8796,"lat":43.12135,"lng":-79.81104},{"city":"Arnprior","state":"Ontario","population":8795,"lat":45.43341,"lng":-76.34939},{"city":"Lavaltrie","state":"Quebec","population":8762,"lat":45.88338,"lng":-73.28245},{"city":"Pont-Rouge","state":"Quebec","population":8723,"lat":46.75468,"lng":-71.69566},{"city":"Embrun","state":"Ontario","population":8680,"lat":45.27573,"lng":-75.27266},{"city":"Otterburn Park","state":"Quebec","population":8464,"lat":45.53338,"lng":-73.21585},{"city":"King City","state":"Ontario","population":8396,"lat":43.92856,"lng":-79.52694},{"city":"Bois-des-Filion","state":"Quebec","population":8383,"lat":45.66678,"lng":-73.74918},{"city":"Kapuskasing","state":"Ontario","population":8292,"lat":49.41694,"lng":-82.43308},{"city":"Concord","state":"Ontario","population":8255,"lat":43.80011,"lng":-79.48291},{"city":"Notre-Dame-des-Prairies","state":"Quebec","population":8230,"lat":46.05007,"lng":-73.43245},{"city":"Renfrew","state":"Ontario","population":8223,"lat":45.46681,"lng":-76.68272},{"city":"Blackburn Hamlet","state":"Ontario","population":8173,"lat":45.43671,"lng":-75.56462},{"city":"Shelburne","state":"Ontario","population":8126,"lat":44.0787,"lng":-80.20408},{"city":"Saint-Hippolyte","state":"Quebec","population":8083,"lat":45.93338,"lng":-74.0159},{"city":"Chelsea","state":"Quebec","population":8000,"lat":45.5001,"lng":-75.78265},{"city":"Lambton Baby Point","state":"Ontario","population":7985,"lat":43.65742,"lng":-79.49605},{"city":"Saint-Apollinaire","state":"Quebec","population":7968,"lat":46.61289,"lng":-71.51258},{"city":"Kahnawake","state":"Quebec","population":7965,"lat":45.41076,"lng":-73.68139},{"city":"Chandler","state":"Quebec","population":7914,"lat":48.34935,"lng":-64.67926},{"city":"Woodbine-Lumsden","state":"Ontario","population":7865,"lat":43.69214,"lng":-79.3097},{"city":"Saint-Sauveur-des-Monts","state":"Quebec","population":7849,"lat":45.90008,"lng":-74.16591},{"city":"Hintonburg","state":"Ontario","population":7844,"lat":45.40379,"lng":-75.7283},{"city":"Playter Estates-Danforth","state":"Ontario","population":7804,"lat":43.6797,"lng":-79.35489},{"city":"Elora","state":"Ontario","population":7800,"lat":43.6834,"lng":-80.43299},{"city":"Kirkland Lake","state":"Ontario","population":7775,"lat":48.14461,"lng":-80.03767},{"city":"Blake-Jones","state":"Ontario","population":7727,"lat":43.67617,"lng":-79.33739},{"city":"La Sarre","state":"Quebec","population":7719,"lat":48.80019,"lng":-79.19964},{"city":"Hanover","state":"Ontario","population":7688,"lat":44.15009,"lng":-81.03303},{"city":"Acton Vale","state":"Quebec","population":7656,"lat":45.65007,"lng":-72.56582},{"city":"Goderich","state":"Ontario","population":7628,"lat":43.74171,"lng":-81.71339},{"city":"University","state":"Ontario","population":7607,"lat":43.66251,"lng":-79.40118},{"city":"Saint-Philippe","state":"Quebec","population":7597,"lat":45.37597,"lng":-73.48111},{"city":"Chibougamau","state":"Quebec","population":7563,"lat":49.91684,"lng":-74.36586},{"city":"Ct 0014","state":"Quebec","population":7550,"lat":45.55754,"lng":-73.54319},{"city":"Listowel","state":"Ontario","population":7530,"lat":43.7334,"lng":-80.94973},{"city":"Pont Rouge","state":"Quebec","population":7518,"lat":48.88332,"lng":-72.08247},{"city":"Camlachie","state":"Ontario","population":7506,"lat":43.03596,"lng":-82.1616},{"city":"Aylmer","state":"Ontario","population":7492,"lat":42.76679,"lng":-80.98302},{"city":"Essex","state":"Ontario","population":7446,"lat":42.17509,"lng":-82.82483},{"city":"Napanee","state":"Ontario","population":7439,"lat":44.25012,"lng":-76.94944},{"city":"Carignan","state":"Quebec","population":7426,"lat":45.45008,"lng":-73.29916},{"city":"St. Marys","state":"Ontario","population":7386,"lat":43.25009,"lng":-81.13304},{"city":"Delson","state":"Quebec","population":7322,"lat":45.36678,"lng":-73.54917},{"city":"Donnacona","state":"Quebec","population":7200,"lat":46.68042,"lng":-71.7239},{"city":"Baie-Saint-Paul","state":"Quebec","population":7146,"lat":47.44109,"lng":-70.49858},{"city":"Pointe-du-Lac","state":"Quebec","population":7104,"lat":48.50009,"lng":-71.78241},{"city":"Val-des-Sources","state":"Quebec","population":7088,"lat":45.76678,"lng":-71.9324},{"city":"Bluewater","state":"Ontario","population":7044,"lat":43.46679,"lng":-81.59977},{"city":"Coteau-du-Lac","state":"Quebec","population":7044,"lat":45.30008,"lng":-74.18253},{"city":"Coaticook","state":"Quebec","population":7021,"lat":45.13339,"lng":-71.79907},{"city":"Hampstead","state":"Quebec","population":6996,"lat":45.48075,"lng":-73.6467},{"city":"King","state":"Ontario","population":6970,"lat":43.96514,"lng":-79.59011},{"city":"Sturgeon Falls","state":"Ontario","population":6939,"lat":46.36679,"lng":-79.91636},{"city":"Saint-Rémi","state":"Quebec","population":6891,"lat":45.26678,"lng":-73.61588},{"city":"Saint-Zotique","state":"Quebec","population":6773,"lat":45.25009,"lng":-74.24924},{"city":"Kincardine","state":"Ontario","population":6725,"lat":44.18339,"lng":-81.63307},{"city":"Ct 0012","state":"Quebec","population":6710,"lat":45.57861,"lng":-73.53771},{"city":"Plessisville","state":"Quebec","population":6677,"lat":46.21856,"lng":-71.76201},{"city":"Brownsburg-Chatham","state":"Quebec","population":6664,"lat":45.68342,"lng":-74.4159},{"city":"Ct 0003","state":"Quebec","population":6600,"lat":45.60562,"lng":-73.52713},{"city":"Beechborough-Greenbrook","state":"Ontario","population":6577,"lat":43.69322,"lng":-79.47947},{"city":"Mont-Joli","state":"Quebec","population":6568,"lat":48.58388,"lng":-68.19214},{"city":"Port-Cartier","state":"Quebec","population":6516,"lat":50.03339,"lng":-66.86545},{"city":"Ct 0011","state":"Quebec","population":6439,"lat":45.58357,"lng":-73.53525},{"city":"Pointe-Calumet","state":"Quebec","population":6396,"lat":45.50008,"lng":-73.9659},{"city":"Saint-Honoré","state":"Quebec","population":6376,"lat":48.53338,"lng":-71.08236},{"city":"Beauceville","state":"Quebec","population":6354,"lat":46.21785,"lng":-70.77873},{"city":"Parry Sound","state":"Ontario","population":6321,"lat":45.34732,"lng":-80.03527},{"city":"Amqui","state":"Quebec","population":6261,"lat":48.46382,"lng":-67.43134},{"city":"Saint-Joseph-du-Lac","state":"Quebec","population":6195,"lat":45.53338,"lng":-73.9992},{"city":"Russell","state":"Ontario","population":6135,"lat":45.2501,"lng":-75.36602},{"city":"Saint-Félix-de-Valois","state":"Quebec","population":6029,"lat":46.16977,"lng":-73.42525},{"city":"Petrolia","state":"Ontario","population":6013,"lat":42.882,"lng":-82.152},{"city":"Saint-Césaire","state":"Quebec","population":5972,"lat":45.41678,"lng":-72.99914},{"city":"Roxboro","state":"Quebec","population":5948,"lat":45.50841,"lng":-73.80752},{"city":"McMasterville","state":"Quebec","population":5936,"lat":45.55008,"lng":-73.26585},{"city":"Dunnville","state":"Ontario","population":5907,"lat":42.90011,"lng":-79.61631},{"city":"Louiseville","state":"Quebec","population":5819,"lat":46.25594,"lng":-72.94145},{"city":"Lac-Mégantic","state":"Quebec","population":5747,"lat":45.58338,"lng":-70.88234},{"city":"Ct 0013","state":"Quebec","population":5694,"lat":45.56922,"lng":-73.54416},{"city":"Princeville","state":"Quebec","population":5693,"lat":46.17163,"lng":-71.87462},{"city":"Corunna","state":"Ontario","population":5686,"lat":42.88338,"lng":-82.43313},{"city":"Nicolet","state":"Quebec","population":5669,"lat":46.23085,"lng":-72.61292},{"city":"Ct 0007","state":"Quebec","population":5655,"lat":45.59465,"lng":-73.52896},{"city":"Lac-Brome","state":"Quebec","population":5629,"lat":45.21678,"lng":-72.51581},{"city":"Lively","state":"Ontario","population":5608,"lat":46.43338,"lng":-81.14975},{"city":"Sainte-Anne-des-Monts","state":"Quebec","population":5602,"lat":49.12402,"lng":-66.49243},{"city":"Marieville","state":"Quebec","population":5600,"lat":45.43338,"lng":-73.16585},{"city":"Charlemagne","state":"Quebec","population":5594,"lat":45.71678,"lng":-73.48247},{"city":"Perth","state":"Ontario","population":5573,"lat":44.90011,"lng":-76.24939},{"city":"Vieux-Montréal","state":"Quebec","population":5549,"lat":45.50621,"lng":-73.54164},{"city":"Gananoque","state":"Ontario","population":5458,"lat":44.33342,"lng":-76.16607},{"city":"Saint-Roch-de-l'Achigan","state":"Quebec","population":5453,"lat":45.85921,"lng":-73.58959},{"city":"Saint-Pie","state":"Quebec","population":5438,"lat":45.50277,"lng":-72.9089},{"city":"Windsor","state":"Quebec","population":5408,"lat":45.56678,"lng":-71.99909},{"city":"Cochrane","state":"Ontario","population":5390,"lat":49.06689,"lng":-81.03307},{"city":"Ayr","state":"Ontario","population":5383,"lat":43.2834,"lng":-80.44968},{"city":"Cookshire-Eaton","state":"Quebec","population":5344,"lat":45.41675,"lng":-71.6324},{"city":"Delhi","state":"Ontario","population":5344,"lat":42.8501,"lng":-80.49968},{"city":"Val-David","state":"Quebec","population":5209,"lat":46.03338,"lng":-74.21592},{"city":"Richelieu","state":"Quebec","population":5208,"lat":45.44336,"lng":-73.24602},{"city":"Sainte-Anne-de-Bellevue","state":"Quebec","population":5197,"lat":45.40618,"lng":-73.9456},{"city":"Rawdon","state":"Quebec","population":5188,"lat":46.05007,"lng":-73.71587},{"city":"Montréal-Ouest","state":"Quebec","population":5184,"lat":45.45286,"lng":-73.64918},{"city":"Tottenham","state":"Ontario","population":5143,"lat":44.02437,"lng":-79.80553},{"city":"Hudson","state":"Quebec","population":5088,"lat":45.45008,"lng":-74.14922},{"city":"Shannon","state":"Quebec","population":5086,"lat":46.88026,"lng":-71.51464},{"city":"Almonte","state":"Ontario","population":5039,"lat":45.22993,"lng":-76.19585},{"city":"Saint-Henri","state":"Quebec","population":5023,"lat":46.69314,"lng":-71.06927},{"city":"Sainte Catherine de la Jacques Cartier","state":"Quebec","population":5021,"lat":46.85244,"lng":-71.62056},{"city":"Saint-Joseph-de-Beauce","state":"Quebec","population":5014,"lat":46.3,"lng":-70.86667},{"city":"Breakeyville","state":"Quebec","population":5000,"lat":46.68037,"lng":-71.22327},{"city":"Baden","state":"Ontario","population":4940,"lat":43.4001,"lng":-80.6497},{"city":"Mount Albert","state":"Ontario","population":4925,"lat":44.13341,"lng":-79.3163},{"city":"Meaford","state":"Ontario","population":4910,"lat":44.60725,"lng":-80.61081},{"city":"Chertsey","state":"Quebec","population":4836,"lat":46.07109,"lng":-73.89095},{"city":"Warwick","state":"Quebec","population":4766,"lat":45.95007,"lng":-71.9824},{"city":"Hearst","state":"Ontario","population":4746,"lat":49.68351,"lng":-83.66654},{"city":"Walkerton","state":"Ontario","population":4724,"lat":44.13023,"lng":-81.15309},{"city":"Picton","state":"Ontario","population":4702,"lat":44.00176,"lng":-77.14637},{"city":"Espanola","state":"Ontario","population":4682,"lat":46.25837,"lng":-81.76649},{"city":"Azilda","state":"Ontario","population":4663,"lat":46.55008,"lng":-81.09975},{"city":"Mississauga Beach","state":"Ontario","population":4662,"lat":43.25876,"lng":-79.08625},{"city":"Rivière-Rouge","state":"Quebec","population":4645,"lat":46.41679,"lng":-74.86596},{"city":"Greenstone","state":"Ontario","population":4636,"lat":49.73343,"lng":-87.16668},{"city":"Rockwood","state":"Ontario","population":4629,"lat":43.61899,"lng":-80.14441},{"city":"Ct 0006","state":"Quebec","population":4611,"lat":45.60083,"lng":-73.51189},{"city":"L'Épiphanie","state":"Quebec","population":4606,"lat":45.85008,"lng":-73.48246},{"city":"La Pocatière","state":"Quebec","population":4575,"lat":47.36733,"lng":-70.03484},{"city":"Saint-Agapit","state":"Quebec","population":4526,"lat":46.55674,"lng":-71.44186},{"city":"Lac-Alouette","state":"Quebec","population":4473,"lat":45.81698,"lng":-73.9592},{"city":"Prescott","state":"Ontario","population":4466,"lat":44.71681,"lng":-75.51604},{"city":"Lanoraie","state":"Quebec","population":4447,"lat":45.96677,"lng":-73.21585},{"city":"Berthierville","state":"Quebec","population":4411,"lat":46.08336,"lng":-73.18245},{"city":"Waterloo","state":"Quebec","population":4410,"lat":45.35008,"lng":-72.51582},{"city":"Deep River","state":"Ontario","population":4296,"lat":46.10012,"lng":-77.49949},{"city":"Terrasse-des-Pins","state":"Quebec","population":4268,"lat":45.86449,"lng":-74.06627},{"city":"Maniwaki","state":"Quebec","population":4236,"lat":46.38341,"lng":-75.96605},{"city":"Iroquois Falls","state":"Ontario","population":4232,"lat":48.76688,"lng":-80.68307},{"city":"Roxton Pond","state":"Quebec","population":4224,"lat":45.48338,"lng":-72.66582},{"city":"Beeton","state":"Ontario","population":4151,"lat":44.07988,"lng":-79.7816},{"city":"Ct 0015","state":"Quebec","population":4089,"lat":45.55381,"lng":-73.53732},{"city":"Metabetchouan-Lac-a-la-Croix","state":"Quebec","population":4084,"lat":48.41,"lng":-71.78},{"city":"Carleton-sur-Mer","state":"Quebec","population":4077,"lat":48.10749,"lng":-66.128},{"city":"Vineland","state":"Ontario","population":4074,"lat":43.15132,"lng":-79.39449},{"city":"Bancroft","state":"Ontario","population":4065,"lat":45.05752,"lng":-77.85702},{"city":"Richmond","state":"Ontario","population":4055,"lat":45.1834,"lng":-75.83266},{"city":"Verchères","state":"Quebec","population":4030,"lat":45.78338,"lng":-73.34916},{"city":"Ct 0029","state":"Quebec","population":4027,"lat":45.54719,"lng":-73.55127},{"city":"Callander","state":"Ontario","population":3964,"lat":46.2168,"lng":-79.36632},{"city":"Morin-Heights","state":"Quebec","population":3925,"lat":45.90009,"lng":-74.24922},{"city":"Sutton","state":"Quebec","population":3906,"lat":45.10008,"lng":-72.61582},{"city":"Baie-D'Urfé","state":"Quebec","population":3902,"lat":45.41397,"lng":-73.91586},{"city":"Bromont","state":"Quebec","population":3895,"lat":45.31678,"lng":-72.64912},{"city":"Saint-Tite","state":"Quebec","population":3880,"lat":46.73336,"lng":-72.56581},{"city":"Montréal-Est","state":"Quebec","population":3850,"lat":45.63202,"lng":-73.5075},{"city":"L'Islet-sur-Mer","state":"Quebec","population":3803,"lat":47.12868,"lng":-70.3707},{"city":"Ct 0002","state":"Quebec","population":3780,"lat":45.60412,"lng":-73.51716},{"city":"New-Richmond","state":"Quebec","population":3748,"lat":48.16059,"lng":-65.85823},{"city":"Malartic","state":"Quebec","population":3710,"lat":48.13633,"lng":-78.12533},{"city":"Saint-Adolphe-d'Howard","state":"Quebec","population":3702,"lat":45.96679,"lng":-74.33253},{"city":"Neuville","state":"Quebec","population":3638,"lat":46.69823,"lng":-71.58275},{"city":"East Angus","state":"Quebec","population":3634,"lat":45.48338,"lng":-71.66577},{"city":"L'Ange-Gardien","state":"Quebec","population":3634,"lat":46.91976,"lng":-71.08253},{"city":"Rigaud","state":"Quebec","population":3613,"lat":45.47927,"lng":-74.30238},{"city":"Contrecoeur","state":"Quebec","population":3587,"lat":45.85008,"lng":-73.23245},{"city":"Bobcaygeon","state":"Ontario","population":3576,"lat":44.5462,"lng":-78.54203},{"city":"Château-Richer","state":"Quebec","population":3563,"lat":46.96031,"lng":-71.03219},{"city":"Saint-André-Avellin","state":"Quebec","population":3562,"lat":45.7168,"lng":-75.06599},{"city":"Ct 0009","state":"Quebec","population":3554,"lat":45.58018,"lng":-73.51637},{"city":"New Edinburgh","state":"Ontario","population":3539,"lat":45.44139,"lng":-75.68778},{"city":"Ct 0030","state":"Quebec","population":3506,"lat":45.54852,"lng":-73.55302},{"city":"Saint-Pascal","state":"Quebec","population":3490,"lat":47.51813,"lng":-69.80301},{"city":"Saint-Germain-de-Grantham","state":"Quebec","population":3485,"lat":45.83337,"lng":-72.56582},{"city":"Dunham","state":"Quebec","population":3471,"lat":45.13338,"lng":-72.79913},{"city":"Havre-Saint-Pierre","state":"Quebec","population":3460,"lat":50.24342,"lng":-63.60264},{"city":"Blind River","state":"Ontario","population":3422,"lat":46.18336,"lng":-82.95817},{"city":"Campbellford","state":"Ontario","population":3372,"lat":44.30842,"lng":-77.79949},{"city":"Sainte-Marguerite-du-Lac-Masson","state":"Quebec","population":3367,"lat":46.03338,"lng":-74.0659},{"city":"Ct 0004","state":"Quebec","population":3355,"lat":45.60854,"lng":-73.51919},{"city":"St-Jean-Port-Joli","state":"Quebec","population":3304,"lat":47.21418,"lng":-70.26969},{"city":"Lebel-sur-Quévillon","state":"Quebec","population":3289,"lat":49.05018,"lng":-76.98273},{"city":"Sainte-Julienne","state":"Quebec","population":3263,"lat":45.96677,"lng":-73.71587},{"city":"Capreol","state":"Ontario","population":3260,"lat":46.70626,"lng":-80.92109},{"city":"St. George","state":"Ontario","population":3255,"lat":43.24495,"lng":-80.25144},{"city":"Sydenham","state":"Ontario","population":3249,"lat":44.56679,"lng":-80.79972},{"city":"Haileybury","state":"Ontario","population":3247,"lat":47.44904,"lng":-79.63732},{"city":"Shuniah Township","state":"Ontario","population":3247,"lat":48.5242,"lng":-89.1147},{"city":"Wellesley","state":"Ontario","population":3246,"lat":43.47691,"lng":-80.76209},{"city":"Richmond","state":"Quebec","population":3232,"lat":45.66677,"lng":-72.1491},{"city":"Saint-Raymond","state":"Quebec","population":3227,"lat":45.46698,"lng":-73.60948},{"city":"Ballantrae","state":"Ontario","population":3223,"lat":44.03342,"lng":-79.2996},{"city":"Cabano","state":"Quebec","population":3199,"lat":47.68065,"lng":-68.8781},{"city":"Saint-Thomas","state":"Quebec","population":3193,"lat":46.01677,"lng":-73.34915},{"city":"Ct 0005","state":"Quebec","population":3175,"lat":45.60626,"lng":-73.51106},{"city":"Waterford","state":"Ontario","population":3132,"lat":42.9334,"lng":-80.28296},{"city":"Napierville","state":"Quebec","population":3124,"lat":45.18648,"lng":-73.40468},{"city":"Trois Pistoles","state":"Quebec","population":3115,"lat":48.11667,"lng":-69.16667},{"city":"Portneuf","state":"Quebec","population":3107,"lat":46.69058,"lng":-71.89011},{"city":"Ct 0008","state":"Quebec","population":3104,"lat":45.58698,"lng":-73.51049},{"city":"Perce","state":"Quebec","population":3095,"lat":48.48794,"lng":-64.29852},{"city":"Mont-Saint-Grégoire","state":"Quebec","population":3086,"lat":45.33338,"lng":-73.16585},{"city":"Casselman","state":"Ontario","population":3074,"lat":45.3168,"lng":-75.0826},{"city":"ByWard Market","state":"Ontario","population":3063,"lat":45.4271,"lng":-75.69234},{"city":"Ct 0021","state":"Quebec","population":3028,"lat":45.54565,"lng":-73.53883},{"city":"Ct 0025","state":"Quebec","population":3018,"lat":45.54274,"lng":-73.5465},{"city":"Morrisburg","state":"Ontario","population":3014,"lat":44.9001,"lng":-75.18261},{"city":"Ridgetown","state":"Ontario","population":3002,"lat":42.43536,"lng":-81.88733},{"city":"Fermont","state":"Quebec","population":2966,"lat":52.79445,"lng":-67.08378},{"city":"Tavistock","state":"Ontario","population":2955,"lat":43.31679,"lng":-80.83302},{"city":"Virgil","state":"Ontario","population":2937,"lat":43.21682,"lng":-79.13288},{"city":"Wingham","state":"Ontario","population":2934,"lat":43.88793,"lng":-81.31145},{"city":"Fort-Coulonge","state":"Quebec","population":2911,"lat":45.85011,"lng":-76.73272},{"city":"Alexandria","state":"Ontario","population":2906,"lat":45.31317,"lng":-74.63665},{"city":"Wawa","state":"Ontario","population":2905,"lat":47.98877,"lng":-84.77411},{"city":"Saint-Gabriel","state":"Quebec","population":2901,"lat":46.30007,"lng":-73.38245},{"city":"Mistissini","state":"Quebec","population":2869,"lat":50.41832,"lng":-73.86895},{"city":"Huntingdon","state":"Quebec","population":2865,"lat":45.08339,"lng":-74.16593},{"city":"Ville-Marie","state":"Quebec","population":2831,"lat":47.33345,"lng":-79.43297},{"city":"Beaupré","state":"Quebec","population":2803,"lat":47.04428,"lng":-70.89529},{"city":"Val-Morin","state":"Quebec","population":2772,"lat":46.00008,"lng":-74.18251},{"city":"Pohénégamook","state":"Quebec","population":2770,"lat":47.46315,"lng":-69.22666},{"city":"Lakefield","state":"Ontario","population":2753,"lat":44.43342,"lng":-78.26623},{"city":"Macamic","state":"Quebec","population":2734,"lat":48.75018,"lng":-78.99962},{"city":"Normandin","state":"Quebec","population":2728,"lat":48.83328,"lng":-72.53209},{"city":"Piedmont","state":"Quebec","population":2721,"lat":45.90008,"lng":-74.13251},{"city":"Markstay-Warren","state":"Ontario","population":2708,"lat":46.46678,"lng":-80.483},{"city":"Bedford","state":"Quebec","population":2684,"lat":45.11678,"lng":-72.98244},{"city":"Ct 0001","state":"Quebec","population":2684,"lat":45.59833,"lng":-73.51006},{"city":"Seaforth","state":"Ontario","population":2680,"lat":43.55009,"lng":-81.39976},{"city":"Bonaventure","state":"Quebec","population":2673,"lat":48.04573,"lng":-65.49259},{"city":"Kuujjuaq","state":"Quebec","population":2668,"lat":58.10732,"lng":-68.39968},{"city":"Cap-Santé","state":"Quebec","population":2666,"lat":46.67159,"lng":-71.78812},{"city":"Adstock","state":"Quebec","population":2643,"lat":46.05007,"lng":-71.08235},{"city":"Saint-Bruno","state":"Quebec","population":2636,"lat":48.46679,"lng":-71.6491},{"city":"Thamesford","state":"Ontario","population":2622,"lat":43.0571,"lng":-80.99876},{"city":"Melocheville","state":"Quebec","population":2621,"lat":45.31726,"lng":-73.9371},{"city":"Osgoode","state":"Ontario","population":2578,"lat":45.14887,"lng":-75.59778},{"city":"Saint-Joseph","state":"Quebec","population":2576,"lat":45.95817,"lng":-73.22025},{"city":"Ct 0024","state":"Quebec","population":2544,"lat":45.54023,"lng":-73.54802},{"city":"Lucan","state":"Ontario","population":2541,"lat":43.18339,"lng":-81.39976},{"city":"Saint-Anselme","state":"Quebec","population":2541,"lat":46.62922,"lng":-70.9734},{"city":"Sainte-Martine","state":"Quebec","population":2535,"lat":45.25008,"lng":-73.79919},{"city":"Delaware","state":"Ontario","population":2521,"lat":42.91679,"lng":-81.41646},{"city":"Ct 0026","state":"Quebec","population":2519,"lat":45.54791,"lng":-73.54621},{"city":"Lac-Lapierre","state":"Quebec","population":2480,"lat":45.89837,"lng":-73.77308},{"city":"Thurso","state":"Quebec","population":2476,"lat":45.6001,"lng":-75.24931},{"city":"Ct 0016","state":"Quebec","population":2470,"lat":45.55205,"lng":-73.53082},{"city":"Valcourt","state":"Quebec","population":2451,"lat":45.50008,"lng":-72.31581},{"city":"Saint-Lambert-de-Lauzon","state":"Quebec","population":2443,"lat":46.58624,"lng":-71.20892},{"city":"Betsiamites","state":"Quebec","population":2428,"lat":48.94133,"lng":-68.64601},{"city":"Ange-Gardien","state":"Quebec","population":2420,"lat":45.35008,"lng":-72.93244},{"city":"Ct 0019","state":"Quebec","population":2398,"lat":45.54932,"lng":-73.53772},{"city":"Winchester","state":"Ontario","population":2394,"lat":45.0834,"lng":-75.34933},{"city":"Saint-Marc-des-Carrières","state":"Quebec","population":2358,"lat":46.68335,"lng":-72.0491},{"city":"Forestville","state":"Quebec","population":2333,"lat":48.73808,"lng":-69.08478},{"city":"Constance Bay","state":"Ontario","population":2314,"lat":45.50011,"lng":-76.08267},{"city":"Elmvale","state":"Ontario","population":2314,"lat":44.5834,"lng":-79.86636},{"city":"Saint-Pamphile","state":"Quebec","population":2274,"lat":46.9578,"lng":-69.7806},{"city":"Crabtree","state":"Quebec","population":2248,"lat":45.96677,"lng":-73.46586},{"city":"Senneterre","state":"Quebec","population":2239,"lat":48.39302,"lng":-77.23951},{"city":"Disraeli","state":"Quebec","population":2212,"lat":45.90007,"lng":-71.34907},{"city":"Wendake","state":"Quebec","population":2200,"lat":46.86136,"lng":-71.35727},{"city":"Saint-Côme--Linière","state":"Quebec","population":2167,"lat":46.06677,"lng":-70.51573},{"city":"Little Current","state":"Ontario","population":2156,"lat":45.97927,"lng":-81.9248},{"city":"Port Stanley","state":"Ontario","population":2148,"lat":42.66679,"lng":-81.21644},{"city":"Causapscal","state":"Quebec","population":2147,"lat":48.36401,"lng":-67.23255},{"city":"Ct 0017","state":"Quebec","population":2131,"lat":45.55338,"lng":-73.534},{"city":"Glencoe","state":"Ontario","population":2126,"lat":42.75009,"lng":-81.71648},{"city":"Métabetchouan","state":"Quebec","population":2123,"lat":48.36679,"lng":-72.01583},{"city":"Ferme-Neuve","state":"Quebec","population":2115,"lat":46.70011,"lng":-75.44929},{"city":"Ct 0028","state":"Quebec","population":2058,"lat":45.54469,"lng":-73.54788},{"city":"Limoges","state":"Ontario","population":2048,"lat":45.3334,"lng":-75.24931},{"city":"Mandeville","state":"Quebec","population":2043,"lat":46.36677,"lng":-73.34915},{"city":"Sainte-Anne-de-la-Pérade","state":"Quebec","population":2031,"lat":46.58335,"lng":-72.1991},{"city":"Stirling","state":"Ontario","population":2030,"lat":44.30012,"lng":-77.54948},{"city":"Ct 0018","state":"Quebec","population":2013,"lat":45.5518,"lng":-73.53568},{"city":"Chute-aux-Outardes","state":"Quebec","population":2000,"lat":49.11679,"lng":-68.39896},{"city":"Wakefield","state":"Quebec","population":2000,"lat":45.6668,"lng":-75.83265},{"city":"Fossambault-sur-le-Lac","state":"Quebec","population":2000,"lat":46.87662,"lng":-71.61541},{"city":"Mattawa","state":"Ontario","population":1993,"lat":46.31681,"lng":-78.69957},{"city":"Neebing","state":"Ontario","population":1986,"lat":48.1668,"lng":-89.41683},{"city":"Matagami","state":"Quebec","population":1966,"lat":49.76326,"lng":-77.62735},{"city":"Sainte-Madeleine","state":"Quebec","population":1959,"lat":45.60008,"lng":-73.09914},{"city":"Chapleau","state":"Ontario","population":1942,"lat":47.84053,"lng":-83.4034},{"city":"Vallée-Jonction","state":"Quebec","population":1940,"lat":46.37441,"lng":-70.91881},{"city":"Cacouna","state":"Quebec","population":1939,"lat":47.91657,"lng":-69.50054},{"city":"Saint-Élie-de-Caxton","state":"Quebec","population":1934,"lat":46.48336,"lng":-72.96584},{"city":"Fenelon Falls","state":"Ontario","population":1915,"lat":44.53342,"lng":-78.74957},{"city":"Deseronto","state":"Ontario","population":1897,"lat":44.20012,"lng":-77.04944},{"city":"Rockcliffe Park","state":"Ontario","population":1888,"lat":45.4501,"lng":-75.68264},{"city":"Sacré-Coeur","state":"Quebec","population":1881,"lat":48.2297,"lng":-69.80061},{"city":"Saint-Mathieu","state":"Quebec","population":1879,"lat":45.31678,"lng":-73.51587},{"city":"Saint-Gédéon","state":"Quebec","population":1859,"lat":48.50009,"lng":-71.76581},{"city":"Témiscaming","state":"Quebec","population":1854,"lat":46.72122,"lng":-79.09712},{"city":"Sainte-Béatrix","state":"Quebec","population":1849,"lat":46.20007,"lng":-73.61587},{"city":"Mount Brydges","state":"Ontario","population":1842,"lat":42.90009,"lng":-81.48306},{"city":"Waskaganish","state":"Quebec","population":1839,"lat":51.48333,"lng":-78.75},{"city":"East Broughton","state":"Quebec","population":1832,"lat":46.21358,"lng":-71.07674},{"city":"Chapais","state":"Quebec","population":1824,"lat":49.78344,"lng":-74.84919},{"city":"Inukjuak","state":"Quebec","population":1821,"lat":58.45468,"lng":-78.10139},{"city":"Moose Factory","state":"Ontario","population":1807,"lat":51.26689,"lng":-80.61624},{"city":"Saint-Narcisse","state":"Quebec","population":1801,"lat":46.56395,"lng":-72.47051},{"city":"Harriston","state":"Ontario","population":1797,"lat":43.91199,"lng":-80.87199},{"city":"Saint-Placide","state":"Quebec","population":1784,"lat":45.53338,"lng":-74.19923},{"city":"Metcalfe","state":"Ontario","population":1776,"lat":45.2334,"lng":-75.46603},{"city":"Saint-Liboire","state":"Quebec","population":1775,"lat":45.65068,"lng":-72.76348},{"city":"Chambord","state":"Quebec","population":1773,"lat":48.43339,"lng":-72.06583},{"city":"Danville","state":"Quebec","population":1761,"lat":45.78337,"lng":-72.0158},{"city":"Parkhill","state":"Ontario","population":1737,"lat":43.15993,"lng":-81.68464},{"city":"Ripon","state":"Quebec","population":1735,"lat":45.7834,"lng":-75.09929},{"city":"Ormstown","state":"Quebec","population":1730,"lat":45.13338,"lng":-73.99922},{"city":"Sainte-Perpétue","state":"Quebec","population":1715,"lat":47.06416,"lng":-69.92935},{"city":"Manitouwadge","state":"Ontario","population":1708,"lat":49.12152,"lng":-85.8403},{"city":"Saint-Jean-Baptiste","state":"Quebec","population":1703,"lat":45.3806,"lng":-74.0121},{"city":"Tweed","state":"Ontario","population":1701,"lat":44.47512,"lng":-77.31616},{"city":"Millbrook","state":"Ontario","population":1695,"lat":44.15012,"lng":-78.44954},{"city":"Franklin","state":"Quebec","population":1688,"lat":45.03338,"lng":-73.91591},{"city":"Saint-Ambroise","state":"Quebec","population":1678,"lat":48.55447,"lng":-71.32148},{"city":"Saint-Édouard","state":"Quebec","population":1672,"lat":45.23338,"lng":-73.51588},{"city":"Saint-Jacques-le-Mineur","state":"Quebec","population":1672,"lat":45.28338,"lng":-73.41587},{"city":"Saint-Ambroise","state":"Quebec","population":1655,"lat":46.07647,"lng":-73.55636},{"city":"Manawan","state":"Quebec","population":1648,"lat":47.22029,"lng":-74.38606},{"city":"Sainte-Sophie","state":"Quebec","population":1634,"lat":45.81678,"lng":-73.89919},{"city":"Ct 0027","state":"Quebec","population":1629,"lat":45.54608,"lng":-73.54731},{"city":"Burford","state":"Ontario","population":1615,"lat":43.10292,"lng":-80.42869},{"city":"Papineauville","state":"Quebec","population":1600,"lat":45.6168,"lng":-75.01599},{"city":"Saint-Ulric","state":"Quebec","population":1567,"lat":48.78698,"lng":-67.70226},{"city":"Sainte-Clotilde-de-Horton","state":"Quebec","population":1563,"lat":45.98336,"lng":-72.2324},{"city":"Sainte-Élisabeth","state":"Quebec","population":1559,"lat":46.09502,"lng":-73.35176},{"city":"Venise-en-Québec","state":"Quebec","population":1547,"lat":45.08338,"lng":-73.13245},{"city":"Amigo Beach","state":"Ontario","population":1545,"lat":44.6919,"lng":-79.39317},{"city":"Watford","state":"Ontario","population":1536,"lat":42.95008,"lng":-81.88309},{"city":"Madoc","state":"Ontario","population":1535,"lat":44.50842,"lng":-77.47448},{"city":"Lacolle","state":"Quebec","population":1528,"lat":45.08338,"lng":-73.36585},{"city":"Ct 0022","state":"Quebec","population":1527,"lat":45.54234,"lng":-73.54246},{"city":"Leblanc","state":"Quebec","population":1513,"lat":48.26683,"lng":-74.34914},{"city":"Attawapiskat","state":"Ontario","population":1501,"lat":52.92774,"lng":-82.41669},{"city":"Ohsweken","state":"Ontario","population":1500,"lat":43.06681,"lng":-80.11635},{"city":"Napanee Downtown","state":"Ontario","population":1500,"lat":44.24832,"lng":-76.95069},{"city":"Skatepark","state":"Ontario","population":1500,"lat":44.25122,"lng":-76.94424},{"city":"Marmora","state":"Ontario","population":1499,"lat":44.48342,"lng":-77.68279},{"city":"Ct 0010","state":"Quebec","population":1494,"lat":45.58185,"lng":-73.52858},{"city":"Tingwick","state":"Quebec","population":1484,"lat":45.88007,"lng":-71.94221},{"city":"Saint-Charles","state":"Quebec","population":1482,"lat":45.70288,"lng":-73.55417},{"city":"Rougemont","state":"Quebec","population":1481,"lat":45.43338,"lng":-73.04914},{"city":"Kingsey Falls","state":"Quebec","population":1480,"lat":45.85007,"lng":-72.0658},{"city":"Englehart","state":"Ontario","population":1479,"lat":47.82397,"lng":-79.87386},{"city":"Carp","state":"Ontario","population":1477,"lat":45.3501,"lng":-76.03267},{"city":"Nipigon","state":"Ontario","population":1473,"lat":49.01681,"lng":-88.26673},{"city":"Waswanipi","state":"Quebec","population":1473,"lat":49.73346,"lng":-76.16604},{"city":"Cap-Chat","state":"Quebec","population":1466,"lat":49.09736,"lng":-66.68514},{"city":"Dowling","state":"Ontario","population":1466,"lat":46.59111,"lng":-81.33917},{"city":"Saint-Antoine-de-Tilly","state":"Quebec","population":1462,"lat":46.66346,"lng":-71.57335},{"city":"Saint-Ubalde","state":"Quebec","population":1456,"lat":46.75006,"lng":-72.2658},{"city":"L'Orignal","state":"Ontario","population":1450,"lat":45.6198,"lng":-74.6915},{"city":"Lappe","state":"Ontario","population":1436,"lat":48.5668,"lng":-89.35013},{"city":"Les Cèdres","state":"Quebec","population":1434,"lat":45.31009,"lng":-74.05926},{"city":"Tobermory","state":"Ontario","population":1427,"lat":45.25007,"lng":-81.66647},{"city":"Noyan","state":"Quebec","population":1418,"lat":45.06678,"lng":-73.29915},{"city":"Godefroy","state":"Quebec","population":1410,"lat":51.75012,"lng":-68.08213},{"city":"Moosonee","state":"Ontario","population":1405,"lat":51.27931,"lng":-80.6345},{"city":"Sainte-Croix","state":"Quebec","population":1401,"lat":45.13368,"lng":-72.80083},{"city":"Sharbot Lake","state":"Ontario","population":1400,"lat":44.77389,"lng":-76.68722},{"city":"Saint-Barnabé-Sud","state":"Quebec","population":1387,"lat":45.72977,"lng":-72.92244},{"city":"Linière","state":"Quebec","population":1385,"lat":46.00007,"lng":-70.41572},{"city":"Saint-Éphrem-de-Beauce","state":"Quebec","population":1385,"lat":46.06677,"lng":-70.94905},{"city":"Norwood","state":"Ontario","population":1380,"lat":44.38342,"lng":-77.98281},{"city":"Plattsville","state":"Ontario","population":1366,"lat":43.30794,"lng":-80.61618},{"city":"New Carlisle","state":"Quebec","population":1358,"lat":48.00956,"lng":-65.33621},{"city":"Saint-Damase","state":"Quebec","population":1349,"lat":45.53341,"lng":-72.99914},{"city":"Hérouxville","state":"Quebec","population":1340,"lat":46.66617,"lng":-72.62512},{"city":"Les Escoumins","state":"Quebec","population":1339,"lat":48.35191,"lng":-69.40724},{"city":"West Lorne","state":"Ontario","population":1337,"lat":42.60009,"lng":-81.59976},{"city":"Saint-Léonard-d'Aston","state":"Quebec","population":1336,"lat":46.10723,"lng":-72.3735},{"city":"Sainte-Thècle","state":"Quebec","population":1333,"lat":46.81676,"lng":-72.49911},{"city":"Smooth Rock Falls","state":"Ontario","population":1330,"lat":49.28349,"lng":-81.63307},{"city":"Labrecque","state":"Quebec","population":1328,"lat":48.66679,"lng":-71.53239},{"city":"Omemee","state":"Ontario","population":1323,"lat":44.29897,"lng":-78.55989},{"city":"Saint-Joseph-de-Coleraine","state":"Quebec","population":1319,"lat":45.96677,"lng":-71.36577},{"city":"Daveluyville","state":"Quebec","population":1318,"lat":46.20006,"lng":-72.13239},{"city":"Maliotenam","state":"Quebec","population":1316,"lat":50.21119,"lng":-66.18164},{"city":"Longlac","state":"Ontario","population":1316,"lat":49.78169,"lng":-86.5348},{"city":"Saint-Louis-du-Ha Ha","state":"Quebec","population":1311,"lat":47.66602,"lng":-68.97638},{"city":"Saint-Alexandre","state":"Quebec","population":1304,"lat":45.5001,"lng":-75.74935},{"city":"Wendover","state":"Ontario","population":1302,"lat":45.57275,"lng":-75.12757},{"city":"Saint-Siméon","state":"Quebec","population":1300,"lat":47.84431,"lng":-69.87837},{"city":"La Conception","state":"Quebec","population":1287,"lat":46.15009,"lng":-74.69925},{"city":"Saint-Cyrille-de-Wendover","state":"Quebec","population":1279,"lat":45.93336,"lng":-72.43241},{"city":"Oka","state":"Quebec","population":1254,"lat":45.46489,"lng":-74.08892},{"city":"Lac-Simon","state":"Quebec","population":1243,"lat":46.15699,"lng":-74.74129},{"city":"Powassan","state":"Ontario","population":1243,"lat":46.0334,"lng":-79.34961},{"city":"Yamachiche","state":"Quebec","population":1240,"lat":46.28175,"lng":-72.82873},{"city":"Labelle","state":"Quebec","population":1239,"lat":46.28339,"lng":-74.73255},{"city":"Ct 0023","state":"Quebec","population":1238,"lat":45.53961,"lng":-73.54532},{"city":"La Minerve","state":"Quebec","population":1234,"lat":46.25009,"lng":-74.93257},{"city":"Saint-Victor","state":"Quebec","population":1233,"lat":45.61118,"lng":-73.51527},{"city":"Mildmay","state":"Ontario","population":1219,"lat":44.043,"lng":-81.11889},{"city":"Markdale","state":"Ontario","population":1216,"lat":44.3168,"lng":-80.64971},{"city":"Cookstown","state":"Ontario","population":1214,"lat":44.18341,"lng":-79.69964},{"city":"Saint-Donat-de-Montcalm","state":"Quebec","population":1213,"lat":46.31868,"lng":-74.22171},{"city":"Lac-Connelly","state":"Quebec","population":1212,"lat":45.89788,"lng":-73.9723},{"city":"Shawville","state":"Quebec","population":1203,"lat":45.60011,"lng":-76.4827},{"city":"Mont-Carmel","state":"Quebec","population":1200,"lat":47.44084,"lng":-69.85657},{"city":"Notre-Dame-du-Lac","state":"Quebec","population":1184,"lat":46.75012,"lng":-79.04961},{"city":"Ayer's Cliff","state":"Quebec","population":1180,"lat":45.16773,"lng":-72.04001},{"city":"Barraute","state":"Quebec","population":1180,"lat":48.43349,"lng":-77.63279},{"city":"Bath","state":"Ontario","population":1180,"lat":44.18342,"lng":-76.78273},{"city":"Thessalon","state":"Ontario","population":1175,"lat":46.25006,"lng":-83.5666},{"city":"Bourget","state":"Ontario","population":1169,"lat":45.43475,"lng":-75.16028},{"city":"Brussels","state":"Ontario","population":1158,"lat":43.74316,"lng":-81.24998},{"city":"Eganville","state":"Ontario","population":1149,"lat":45.53341,"lng":-77.09945},{"city":"Haliburton Village","state":"Ontario","population":1149,"lat":45.04921,"lng":-78.50854},{"city":"Munster","state":"Ontario","population":1145,"lat":45.16476,"lng":-75.9396},{"city":"Belmont","state":"Ontario","population":1140,"lat":42.88339,"lng":-81.08303},{"city":"L'Ascension-de-Notre-Seigneur","state":"Quebec","population":1134,"lat":48.68339,"lng":-71.6658},{"city":"Saint-Michel-des-Saints","state":"Quebec","population":1131,"lat":46.67702,"lng":-73.91881},{"city":"Parc-Boutin","state":"Quebec","population":1127,"lat":45.29209,"lng":-73.26154},{"city":"Maria","state":"Quebec","population":1124,"lat":48.1749,"lng":-65.98595},{"city":"Saint-Isidore","state":"Quebec","population":1122,"lat":47.43345,"lng":-79.29965},{"city":"Pierreville","state":"Quebec","population":1119,"lat":46.07034,"lng":-72.81125},{"city":"Saint-Valère","state":"Quebec","population":1118,"lat":46.06676,"lng":-72.09909},{"city":"Le Bic","state":"Quebec","population":1115,"lat":48.37549,"lng":-68.69415},{"city":"South River","state":"Ontario","population":1114,"lat":45.8334,"lng":-79.38293},{"city":"Saint-Raphaël","state":"Quebec","population":1113,"lat":46.25011,"lng":-76.01605},{"city":"Luceville","state":"Quebec","population":1112,"lat":48.54498,"lng":-68.39658},{"city":"Maskinongé","state":"Quebec","population":1105,"lat":46.2286,"lng":-73.01917},{"city":"Port Rowan","state":"Ontario","population":1102,"lat":42.6168,"lng":-80.46638},{"city":"Carleton","state":"Quebec","population":1101,"lat":48.10252,"lng":-66.11962},{"city":"Saint-Bruno-de-Guigues","state":"Quebec","population":1100,"lat":47.46685,"lng":-79.43296},{"city":"Saint-Alexandre","state":"Quebec","population":1093,"lat":50.02539,"lng":-66.86155},{"city":"Notre-Dame-du-Mont-Carmel","state":"Quebec","population":1091,"lat":46.0168,"lng":-75.08259},{"city":"Albanel","state":"Quebec","population":1087,"lat":48.88324,"lng":-72.44867},{"city":"Stoney Point","state":"Ontario","population":1087,"lat":44.26681,"lng":-79.53292},{"city":"Saint-Pacôme","state":"Quebec","population":1087,"lat":47.40457,"lng":-69.95025},{"city":"Salluit","state":"Quebec","population":1075,"lat":62.20411,"lng":-75.64344},{"city":"Cobden","state":"Ontario","population":1071,"lat":45.63341,"lng":-76.88273},{"city":"Saint-Denis-sur-Richelieu","state":"Quebec","population":1067,"lat":45.78338,"lng":-73.14915},{"city":"Saint-Norbert","state":"Quebec","population":1059,"lat":46.16949,"lng":-73.31494},{"city":"Weedon Centre","state":"Quebec","population":1059,"lat":45.70802,"lng":-71.45986},{"city":"Saint-Elzéar","state":"Quebec","population":1057,"lat":45.60338,"lng":-73.72698},{"city":"Hornepayne","state":"Ontario","population":1050,"lat":49.21451,"lng":-84.77617},{"city":"Paisley","state":"Ontario","population":1045,"lat":44.30641,"lng":-81.27265},{"city":"Schreiber","state":"Ontario","population":1039,"lat":48.81252,"lng":-87.26458},{"city":"Weymontachie","state":"Quebec","population":1038,"lat":47.8994,"lng":-73.7772},{"city":"Jarvis","state":"Ontario","population":1037,"lat":42.88559,"lng":-80.1122},{"city":"Saint-Boniface","state":"Quebec","population":1035,"lat":46.50011,"lng":-75.98264},{"city":"Sainte-Geneviève-de-Batiscan","state":"Quebec","population":1028,"lat":46.53005,"lng":-72.33881},{"city":"Chalk River","state":"Ontario","population":1025,"lat":46.01682,"lng":-77.44948},{"city":"Cookshire","state":"Quebec","population":1021,"lat":45.41536,"lng":-71.62962},{"city":"Saint-Prime","state":"Quebec","population":1021,"lat":48.59242,"lng":-72.33555},{"city":"Patrick Fogarty Catholic Secondary School","state":"Ontario","population":1000,"lat":44.62552,"lng":-79.43095},{"city":"Saint-Roch-des-Aulnaies","state":"Quebec","population":1000,"lat":47.31078,"lng":-70.17719},{"city":"Rivière-Ouelle","state":"Quebec","population":995,"lat":47.43267,"lng":-70.01703},{"city":"Athens","state":"Ontario","population":982,"lat":44.63341,"lng":-75.94936},{"city":"Montebello","state":"Quebec","population":978,"lat":45.6501,"lng":-74.93258},{"city":"Saint-Faustin","state":"Quebec","population":976,"lat":46.11679,"lng":-74.48253},{"city":"Saint-Flavien","state":"Quebec","population":975,"lat":46.51187,"lng":-71.59648},{"city":"Batiscan","state":"Quebec","population":958,"lat":46.4947,"lng":-72.2515},{"city":"Sundridge","state":"Ontario","population":938,"lat":45.7668,"lng":-79.39964},{"city":"Saint-Rosaire","state":"Quebec","population":932,"lat":46.16424,"lng":-72.02542},{"city":"Lefebvre","state":"Quebec","population":925,"lat":45.71677,"lng":-72.41581},{"city":"Fort Albany","state":"Ontario","population":900,"lat":52.21,"lng":-81.678},{"city":"Rock Island","state":"Quebec","population":897,"lat":45.00699,"lng":-72.09628},{"city":"Sainte-Hélène-de-Kamouraska","state":"Quebec","population":891,"lat":47.5904,"lng":-69.73011},{"city":"Lotbinière","state":"Quebec","population":887,"lat":46.61675,"lng":-71.93239},{"city":"Shenley","state":"Quebec","population":882,"lat":46.00007,"lng":-70.83234},{"city":"Huberdeau","state":"Quebec","population":863,"lat":45.97513,"lng":-74.63384},{"city":"Très-Saint-Rédempteur","state":"Quebec","population":863,"lat":45.43339,"lng":-74.38254},{"city":"Tadoussac","state":"Quebec","population":858,"lat":48.15001,"lng":-69.71667},{"city":"Bothwell","state":"Ontario","population":856,"lat":42.63339,"lng":-81.86648},{"city":"Kazabazua","state":"Quebec","population":847,"lat":45.95011,"lng":-76.01606},{"city":"Caesarea","state":"Ontario","population":823,"lat":44.15012,"lng":-78.83286},{"city":"St. Clements","state":"Ontario","population":820,"lat":43.5168,"lng":-80.6497},{"city":"Scott","state":"Quebec","population":813,"lat":49.81684,"lng":-74.58248},{"city":"Gore Bay","state":"Ontario","population":808,"lat":45.91271,"lng":-82.46166},{"city":"Hemmingford","state":"Quebec","population":808,"lat":45.05008,"lng":-73.58248},{"city":"Anten Mills","state":"Ontario","population":800,"lat":44.4815,"lng":-79.81722},{"city":"Courcelles","state":"Quebec","population":800,"lat":45.87492,"lng":-70.98378},{"city":"Blackstock","state":"Ontario","population":781,"lat":44.10012,"lng":-78.81626},{"city":"Normétal","state":"Quebec","population":778,"lat":49.00019,"lng":-79.36635},{"city":"Murdochville","state":"Quebec","population":764,"lat":48.9583,"lng":-65.5006},{"city":"Linwood","state":"Ontario","population":759,"lat":43.58171,"lng":-80.72815},{"city":"Maxville","state":"Ontario","population":748,"lat":45.28808,"lng":-74.85533},{"city":"Saint-Théophile","state":"Quebec","population":743,"lat":45.93338,"lng":-70.48233},{"city":"Labrieville","state":"Quebec","population":718,"lat":49.30009,"lng":-69.56294},{"city":"Bouchette","state":"Quebec","population":695,"lat":46.21681,"lng":-75.96605},{"city":"Saint-Charles-de-Bourget","state":"Quebec","population":690,"lat":48.56679,"lng":-71.36578},{"city":"Saint-Herménégilde","state":"Quebec","population":690,"lat":45.10009,"lng":-71.66577},{"city":"Saint-André","state":"Quebec","population":690,"lat":47.67833,"lng":-69.72229},{"city":"Kuujjuarapik","state":"Quebec","population":686,"lat":55.2759,"lng":-77.76243},{"city":"Saint-Mathieu-de-Rioux","state":"Quebec","population":672,"lat":48.18317,"lng":-68.98693},{"city":"Goodwood","state":"Ontario","population":663,"lat":44.03342,"lng":-79.19959},{"city":"Saint-Gabriel-Lalemant","state":"Quebec","population":660,"lat":47.38254,"lng":-69.92955},{"city":"Oil Springs","state":"Ontario","population":647,"lat":42.78338,"lng":-82.11651},{"city":"Cache Bay","state":"Ontario","population":641,"lat":46.36679,"lng":-79.98297},{"city":"Kawawachikamach","state":"Quebec","population":641,"lat":54.86693,"lng":-66.76522},{"city":"Spanish","state":"Ontario","population":639,"lat":46.20007,"lng":-82.34984},{"city":"Namur","state":"Quebec","population":633,"lat":45.9001,"lng":-74.93258},{"city":"Lac-des-Aigles","state":"Quebec","population":629,"lat":47.99038,"lng":-68.67777},{"city":"Lebreton Flats","state":"Ontario","population":620,"lat":45.41814,"lng":-75.71243},{"city":"Kamouraska","state":"Quebec","population":589,"lat":47.56593,"lng":-69.86631},{"city":"Dubreuilville","state":"Ontario","population":576,"lat":48.37165,"lng":-84.52555},{"city":"Saint-Bernard-de-l'Île-aux-Coudres","state":"Quebec","population":576,"lat":47.0686,"lng":-70.5417},{"city":"Saint-Émile-de-Suffolk","state":"Quebec","population":566,"lat":45.9334,"lng":-74.91597},{"city":"White River","state":"Ontario","population":557,"lat":48.5916,"lng":-85.27768},{"city":"Greenbank","state":"Ontario","population":554,"lat":44.15012,"lng":-79.01628},{"city":"Calumet","state":"Quebec","population":550,"lat":45.65148,"lng":-74.63536},{"city":"Saint-Pierre-de-Véronne-à-Pike-River","state":"Quebec","population":525,"lat":45.11678,"lng":-73.06585},{"city":"Saint-Onésime-d'Ixworth","state":"Quebec","population":522,"lat":47.32664,"lng":-69.98231},{"city":"Neustadt","state":"Ontario","population":517,"lat":44.08339,"lng":-80.99973},{"city":"St-Bruno","state":"Quebec","population":515,"lat":47.45693,"lng":-69.75424},{"city":"Zephyr","state":"Ontario","population":505,"lat":44.20011,"lng":-79.2663},{"city":"La Guadeloupe","state":"Quebec","population":0,"lat":45.96108,"lng":-70.93975},{"city":"Saint-Colomban","state":"Quebec","population":0,"lat":45.73338,"lng":-74.13251},{"city":"Saint-Isidore-de-Laprairie","state":"Quebec","population":0,"lat":45.30008,"lng":-73.67998},{"city":"Saint-Jacques","state":"Quebec","population":0,"lat":45.94867,"lng":-73.57026},{"city":"Saint-Nazaire","state":"Quebec","population":0,"lat":48.58944,"lng":-71.55247},{"city":"Saint-Philippe-de-La Prairie","state":"Quebec","population":0,"lat":45.35723,"lng":-73.47706},{"city":"Saint-Pie-V","state":"Quebec","population":0,"lat":46.00351,"lng":-72.74689},{"city":"Saint-Pierre-les-Becquets","state":"Quebec","population":0,"lat":46.50005,"lng":-72.1991},{"city":"Saint-Polycarpe","state":"Quebec","population":0,"lat":45.30009,"lng":-74.29924},{"city":"Saint-Rémi-de-Tingwick","state":"Quebec","population":0,"lat":45.86677,"lng":-71.81581},{"city":"Saint-Lazare-de-Bellechasse","state":"Quebec","population":0,"lat":46.65306,"lng":-70.80701},{"city":"Saint-Antonin","state":"Quebec","population":0,"lat":47.7607,"lng":-69.47745}]}}