{"timezone":"America/Santo_Domingo","countries":{"Dominican Republic":[{"city":"Santo Domingo","state":"Nacional","population":2201941,"lat":18.47186,"lng":-69.89232},{"city":"Santiago de los Caballeros","state":"Santiago Province","population":1200000,"lat":19.45036,"lng":-70.69085},{"city":"Santo Domingo Oeste","state":"Santo Domingo Province","population":701269,"lat":18.5,"lng":-70.0},{"city":"Santo Domingo Este","state":"Santo Domingo Province","population":700000,"lat":18.48511,"lng":-69.84757},{"city":"San Pedro de Macorís","state":"San Pedro de Macorís","population":217899,"lat":18.4539,"lng":-69.30864},{"city":"La Romana","state":"La Romana","population":208437,"lat":18.42332,"lng":-68.96635},{"city":"Bella Vista","state":"Nacional","population":175683,"lat":18.45539,"lng":-69.9454},{"city":"San Cristóbal","state":"San Cristóbal","population":154040,"lat":18.41713,"lng":-70.10682},{"city":"Puerto Plata","state":"Puerto Plata","population":146000,"lat":19.79344,"lng":-70.6884},{"city":"San Francisco de Macorís","state":"Duarte Province","population":124763,"lat":19.29377,"lng":-70.25285},{"city":"Salvaleón de Higüey","state":"La Altagracia Province","population":123787,"lat":18.61501,"lng":-68.70798},{"city":"La Vega","state":"La Vega","population":102426,"lat":19.22031,"lng":-70.53101},{"city":"Punta Cana","state":"La Altagracia Province","population":100023,"lat":18.58182,"lng":-68.40431},{"city":"Santa Cruz de Barahona","state":"Barahona Province","population":77160,"lat":18.20861,"lng":-71.10068},{"city":"Bonao","state":"Monseñor Nouel","population":73269,"lat":18.94154,"lng":-70.41111},{"city":"San Juan de la Maguana","state":"San Juan Province","population":72950,"lat":18.8064,"lng":-71.22626},{"city":"Bajos de Haina","state":"San Cristóbal","population":66784,"lat":18.41538,"lng":-70.03317},{"city":"Baní","state":"Peravia","population":66709,"lat":18.27971,"lng":-70.33181},{"city":"Moca","state":"Espaillat Province","population":61834,"lat":19.39289,"lng":-70.52347},{"city":"Azua","state":"Azua Province","population":59139,"lat":18.45319,"lng":-70.7349},{"city":"Cristo Rey","state":"Nacional","population":57084,"lat":18.5,"lng":-69.93333},{"city":"Villa Francisca","state":"Nacional","population":50185,"lat":18.48278,"lng":-69.88914},{"city":"Mao","state":"Valverde Province","population":48297,"lat":19.54908,"lng":-71.07808},{"city":"Boca Chica","state":"Santo Domingo Province","population":46300,"lat":18.45,"lng":-69.6},{"city":"Salcedo","state":"Hermanas Mirabal","population":45299,"lat":19.37766,"lng":-70.41719},{"city":"Esperanza","state":"Valverde Province","population":42169,"lat":19.58469,"lng":-70.98489},{"city":"Cotuí","state":"Sánchez Ramírez","population":41641,"lat":19.05385,"lng":-70.15116},{"city":"Villa Altagracia","state":"San Cristóbal","population":40027,"lat":18.67297,"lng":-70.17095},{"city":"Hato Mayor del Rey","state":"Hato Mayor Province","population":35999,"lat":18.76575,"lng":-69.25579},{"city":"Nagua","state":"María Trinidad Sánchez","population":33862,"lat":19.3832,"lng":-69.8474},{"city":"Villa Bisonó","state":"Santiago Province","population":33137,"lat":19.56378,"lng":-70.87582},{"city":"Jarabacoa","state":"La Vega","population":29983,"lat":19.11683,"lng":-70.63595},{"city":"Constanza","state":"La Vega","population":29481,"lat":18.90919,"lng":-70.74499},{"city":"Villa Consuelo","state":"Nacional","population":28621,"lat":18.48333,"lng":-69.9},{"city":"Santa Cruz de El Seibo","state":"El Seíbo","population":23547,"lat":18.76484,"lng":-69.03991},{"city":"Tamboril","state":"Santiago Province","population":23304,"lat":19.48538,"lng":-70.61104},{"city":"Las Matas de Farfán","state":"San Juan Province","population":21802,"lat":18.87309,"lng":-71.51656},{"city":"San José de Ocoa","state":"San José de Ocoa","population":21148,"lat":18.54685,"lng":-70.50692},{"city":"Bayaguana","state":"Monte Plata Province","population":21055,"lat":18.75031,"lng":-69.63525},{"city":"Río Grande","state":"Puerto Plata","population":20154,"lat":19.66667,"lng":-70.76667},{"city":"Monte Llano","state":"Puerto Plata","population":19029,"lat":19.7346,"lng":-70.59915},{"city":"Ciudad Nueva","state":"Nacional","population":18756,"lat":18.46707,"lng":-69.89339},{"city":"Neiba","state":"Baoruco Province","population":18670,"lat":18.4898,"lng":-71.41894},{"city":"Quisqueya","state":"San Pedro de Macorís","population":17694,"lat":18.55542,"lng":-69.40814},{"city":"San Fernando de Monte Cristi","state":"Monte Cristi Province","population":17001,"lat":19.84799,"lng":-71.64604},{"city":"Sabana Grande de Boyá","state":"Monte Plata Province","population":16834,"lat":18.94498,"lng":-69.79331},{"city":"Dajabón","state":"Dajabón","population":16398,"lat":19.54811,"lng":-71.70821},{"city":"San Ignacio de Sabaneta","state":"Santiago Rodríguez","population":16380,"lat":19.47837,"lng":-71.33932},{"city":"Monte Plata","state":"Monte Plata Province","population":15532,"lat":18.80748,"lng":-69.78431},{"city":"Sabana de la Mar","state":"Hato Mayor Province","population":13977,"lat":19.05934,"lng":-69.38843},{"city":"San Carlos","state":"Nacional","population":13456,"lat":18.47674,"lng":-69.89409},{"city":"Duvergé","state":"Independencia","population":13405,"lat":18.37839,"lng":-71.52469},{"city":"Cambita Garabitos","state":"San Cristóbal","population":13382,"lat":18.45458,"lng":-70.19907},{"city":"La Julia","state":"Nacional","population":12575,"lat":18.46667,"lng":-69.93333},{"city":"Cabral","state":"Barahona Province","population":12303,"lat":18.25,"lng":-71.21667},{"city":"Comendador","state":"Elías Piña","population":12070,"lat":18.87755,"lng":-71.70321},{"city":"Salsipuedes","state":"Hermanas Mirabal","population":11675,"lat":19.40552,"lng":-70.37985},{"city":"Villa Vásquez","state":"Monte Cristi Province","population":11642,"lat":19.7411,"lng":-71.4464},{"city":"Yamasá","state":"Monte Plata Province","population":11595,"lat":18.77315,"lng":-70.02583},{"city":"San Gregorio de Nigua","state":"San Cristóbal","population":11542,"lat":18.38336,"lng":-70.05241},{"city":"Samaná","state":"Samaná","population":11432,"lat":19.20404,"lng":-69.33407},{"city":"Sánchez","state":"Samaná","population":11365,"lat":19.2281,"lng":-69.6137},{"city":"Pedernales","state":"Pedernales Province","population":11072,"lat":18.03562,"lng":-71.7467},{"city":"Vicente Noble","state":"Barahona Province","population":11060,"lat":18.38443,"lng":-71.18009},{"city":"Sabana Yegua","state":"Azua Province","population":10624,"lat":18.71667,"lng":-71.01667},{"city":"La Agustina","state":"Nacional","population":10457,"lat":18.5,"lng":-69.93333},{"city":"Las Matas de Santa Cruz","state":"Monte Cristi Province","population":10218,"lat":19.67119,"lng":-71.50471},{"city":"Villa González","state":"Santiago Province","population":10177,"lat":19.54057,"lng":-70.78853},{"city":"Fantino","state":"Sánchez Ramírez","population":10024,"lat":19.12148,"lng":-70.29972},{"city":"San José de Las Matas","state":"Santiago Province","population":9853,"lat":19.33915,"lng":-70.93819},{"city":"Las Guáranas","state":"Duarte Province","population":9586,"lat":19.1931,"lng":-70.20835},{"city":"Pimentel","state":"Duarte Province","population":9550,"lat":19.18416,"lng":-70.10884},{"city":"Miches","state":"El Seíbo","population":9273,"lat":18.98364,"lng":-69.0476},{"city":"Villa Jaragua","state":"Baoruco Province","population":9248,"lat":18.49077,"lng":-71.48377},{"city":"Río San Juan","state":"María Trinidad Sánchez","population":8983,"lat":19.64385,"lng":-70.07635},{"city":"Ensanche Luperón","state":"Nacional","population":8576,"lat":18.5,"lng":-69.9},{"city":"Piedra Blanca","state":"Monseñor Nouel","population":8531,"lat":18.84431,"lng":-70.31688},{"city":"Padre Las Casas","state":"Azua Province","population":8485,"lat":18.73172,"lng":-70.93917},{"city":"Zona Colonial","state":"Nacional","population":8477,"lat":18.47,"lng":-69.88644},{"city":"Imbert","state":"Puerto Plata","population":8024,"lat":19.75371,"lng":-70.82906},{"city":"Sosúa","state":"Puerto Plata","population":7713,"lat":19.7522,"lng":-70.51995},{"city":"Las Terrenas","state":"Samaná","population":7713,"lat":19.31102,"lng":-69.5428},{"city":"Laguna Salada","state":"Valverde Province","population":7601,"lat":19.65043,"lng":-71.08429},{"city":"Tenares","state":"Hermanas Mirabal","population":7390,"lat":19.37439,"lng":-70.35087},{"city":"Peralta","state":"Azua Province","population":7236,"lat":18.58164,"lng":-70.77029},{"city":"El Factor","state":"María Trinidad Sánchez","population":7014,"lat":19.31834,"lng":-69.88827},{"city":"Paya","state":"Peravia","population":6916,"lat":18.26196,"lng":-70.2956},{"city":"Loma de Cabrera","state":"Dajabón","population":6679,"lat":19.43333,"lng":-71.6},{"city":"Monción","state":"Santiago Rodríguez","population":6625,"lat":19.41083,"lng":-71.15257},{"city":"Jimaní","state":"Independencia","population":6567,"lat":18.48775,"lng":-71.85148},{"city":"Nizao","state":"Peravia","population":6530,"lat":18.24697,"lng":-70.21053},{"city":"Gaspar Hernández","state":"Espaillat Province","population":6506,"lat":19.62748,"lng":-70.27772},{"city":"Paraíso","state":"Barahona Province","population":6490,"lat":17.99172,"lng":-71.16526},{"city":"Licey al Medio","state":"Santiago Province","population":6435,"lat":19.43333,"lng":-70.6},{"city":"Tamayo","state":"Baoruco Province","population":6429,"lat":18.3947,"lng":-71.2029},{"city":"Castillo","state":"Duarte Province","population":6328,"lat":19.20824,"lng":-70.02726},{"city":"Jima Abajo","state":"La Vega","population":6299,"lat":19.13292,"lng":-70.37607},{"city":"Guaymate","state":"La Romana","population":6224,"lat":18.58793,"lng":-68.97867},{"city":"Otra Banda","state":"La Altagracia Province","population":6071,"lat":18.65017,"lng":-68.66281},{"city":"Galván","state":"Baoruco Province","population":6027,"lat":18.50228,"lng":-71.34271},{"city":"Rincón","state":"La Vega","population":5909,"lat":19.11938,"lng":-70.40632},{"city":"Veragua Arriba","state":"Espaillat Province","population":5858,"lat":19.58333,"lng":-70.33333},{"city":"Villa Riva","state":"Duarte Province","population":5700,"lat":19.18069,"lng":-69.91319},{"city":"Yayas de Viajama","state":"Azua Province","population":5669,"lat":18.6071,"lng":-70.92753},{"city":"El Valle","state":"Hato Mayor Province","population":5666,"lat":18.97567,"lng":-69.37827},{"city":"San Víctor Arriba","state":"Espaillat Province","population":5624,"lat":19.47741,"lng":-70.53585},{"city":"Yaguate","state":"San Cristóbal","population":5610,"lat":18.3353,"lng":-70.18113},{"city":"Estebanía","state":"Azua Province","population":5591,"lat":18.4577,"lng":-70.6435},{"city":"Juan de Herrera","state":"San Juan Province","population":5543,"lat":18.87402,"lng":-71.2383},{"city":"Los Llanos","state":"San Pedro de Macorís","population":5529,"lat":18.62035,"lng":-69.49581},{"city":"La Descubierta","state":"Independencia","population":5521,"lat":18.57053,"lng":-71.72967},{"city":"Esperalvillo","state":"Monte Plata Province","population":5445,"lat":18.81509,"lng":-70.03557},{"city":"Enriquillo","state":"Barahona Province","population":5423,"lat":17.9,"lng":-71.23333},{"city":"Cercado Abajo","state":"San Juan Province","population":5316,"lat":18.72681,"lng":-71.51742},{"city":"San Rafael del Yuma","state":"La Altagracia Province","population":5285,"lat":18.42993,"lng":-68.6739},{"city":"Vallejuelo","state":"San Juan Province","population":5217,"lat":18.65354,"lng":-71.33431},{"city":"Sabana Iglesia","state":"Santiago Province","population":5135,"lat":19.32114,"lng":-70.75992},{"city":"Cabrera","state":"María Trinidad Sánchez","population":4947,"lat":19.6426,"lng":-69.90489},{"city":"Jaibón","state":"Valverde Province","population":4853,"lat":19.61169,"lng":-71.14847},{"city":"Sabana Grande de Palenque","state":"San Cristóbal","population":4809,"lat":18.26256,"lng":-70.14821},{"city":"Las Charcas","state":"Azua Province","population":4720,"lat":18.45026,"lng":-70.61724},{"city":"Altamira","state":"Puerto Plata","population":4563,"lat":19.6773,"lng":-70.84428},{"city":"Las Salinas","state":"Barahona Province","population":4513,"lat":18.27485,"lng":-71.31596},{"city":"Los Ríos","state":"Baoruco Province","population":4440,"lat":18.52131,"lng":-71.59106},{"city":"Luperón","state":"Puerto Plata","population":4393,"lat":19.89131,"lng":-70.96204},{"city":"Castañuelas","state":"Monte Cristi Province","population":4209,"lat":19.71387,"lng":-71.49876},{"city":"Pueblo Viejo","state":"Azua Province","population":4192,"lat":18.4,"lng":-70.76765},{"city":"Matanzas","state":"Peravia","population":4124,"lat":18.24297,"lng":-70.41768},{"city":"Cabarete","state":"Puerto Plata","population":4094,"lat":19.74982,"lng":-70.40829},{"city":"El Peñón","state":"Barahona Province","population":4088,"lat":18.29643,"lng":-71.1841},{"city":"Cevicos","state":"Sánchez Ramírez","population":4064,"lat":19.00449,"lng":-69.97896},{"city":"Los Botados","state":"Monte Plata Province","population":4054,"lat":18.73226,"lng":-69.99536},{"city":"La Canela","state":"Santiago Province","population":4026,"lat":19.47341,"lng":-70.81629},{"city":"Guayabo Dulce","state":"Hato Mayor Province","population":3897,"lat":18.65,"lng":-69.28333},{"city":"Villa Isabela","state":"Puerto Plata","population":3887,"lat":19.81564,"lng":-71.06056},{"city":"Pepillo Salcedo","state":"Monte Cristi Province","population":3866,"lat":19.69841,"lng":-71.74513},{"city":"Tireo Arriba","state":"La Vega","population":3816,"lat":18.93537,"lng":-70.6885},{"city":"Tábara Arriba","state":"Azua Province","population":3736,"lat":18.56999,"lng":-70.87978},{"city":"Hondo Valle","state":"Elías Piña","population":3713,"lat":18.71599,"lng":-71.69511},{"city":"Palmar Arriba","state":"Santiago Province","population":3700,"lat":19.53957,"lng":-70.73826},{"city":"Río Verde Arriba","state":"La Vega","population":3613,"lat":19.31583,"lng":-70.56643},{"city":"Hatillo Palma","state":"Monte Cristi Province","population":3574,"lat":19.66256,"lng":-71.19406},{"city":"Maizal","state":"Valverde Province","population":3384,"lat":19.63655,"lng":-71.02734},{"city":"El Puerto","state":"San Pedro de Macorís","population":3278,"lat":18.78333,"lng":-69.46667},{"city":"Villa Tapia","state":"Hermanas Mirabal","population":3113,"lat":19.30084,"lng":-70.42199},{"city":"Postrer Río","state":"Independencia","population":3078,"lat":18.54374,"lng":-71.63561},{"city":"Jaquimeyes","state":"Barahona Province","population":3038,"lat":18.31173,"lng":-71.16145},{"city":"Villarpando","state":"Azua Province","population":3016,"lat":18.6586,"lng":-71.03916},{"city":"Arenoso","state":"Duarte Province","population":2897,"lat":19.18732,"lng":-69.85917},{"city":"La Ciénaga","state":"Barahona Province","population":2875,"lat":18.06858,"lng":-71.10651},{"city":"El Guayabal","state":"Azua Province","population":2835,"lat":18.7496,"lng":-70.8369},{"city":"Los Hidalgos","state":"Puerto Plata","population":2805,"lat":19.73333,"lng":-71.03333},{"city":"Cristóbal","state":"Independencia","population":2735,"lat":18.29405,"lng":-71.29298},{"city":"Pizarrete","state":"Peravia","population":2695,"lat":18.29935,"lng":-70.22648},{"city":"Oviedo","state":"Pedernales Province","population":2671,"lat":17.80136,"lng":-71.401},{"city":"El Carril","state":"San Cristóbal","population":2643,"lat":18.44905,"lng":-70.02785},{"city":"Guananico","state":"Puerto Plata","population":2620,"lat":19.72693,"lng":-70.92294},{"city":"Cayetano Germosén","state":"Espaillat Province","population":2526,"lat":19.34413,"lng":-70.48342},{"city":"Fundación","state":"Barahona Province","population":2511,"lat":18.28668,"lng":-71.18147},{"city":"El Palmar","state":"Baoruco Province","population":2445,"lat":18.41139,"lng":-71.24558},{"city":"El Llano","state":"Elías Piña","population":2438,"lat":18.81667,"lng":-71.63333},{"city":"Don Juan","state":"Monte Plata Province","population":2396,"lat":18.82774,"lng":-69.94629},{"city":"Canoa","state":"Barahona Province","population":2371,"lat":18.35499,"lng":-71.15851},{"city":"Bohechío","state":"San Juan Province","population":2281,"lat":18.77515,"lng":-70.98889},{"city":"Sabana Buey","state":"Peravia","population":2265,"lat":18.27351,"lng":-70.52352},{"city":"Jamao al Norte","state":"Espaillat Province","population":2216,"lat":19.63552,"lng":-70.44664},{"city":"La Uvilla","state":"Baoruco Province","population":2178,"lat":18.36186,"lng":-71.21046},{"city":"Ramón Santana","state":"San Pedro de Macorís","population":2175,"lat":18.54224,"lng":-69.17979},{"city":"Partido","state":"Dajabón","population":2170,"lat":19.48403,"lng":-71.5473},{"city":"Polo","state":"Barahona Province","population":2121,"lat":18.07873,"lng":-71.28723},{"city":"Pescadería","state":"Barahona Province","population":2116,"lat":18.26766,"lng":-71.16612},{"city":"Pedro Corto","state":"San Juan Province","population":2067,"lat":18.84856,"lng":-71.41041},{"city":"Restauración","state":"Dajabón","population":2031,"lat":19.31532,"lng":-71.69239},{"city":"Gonzalo","state":"Monte Plata Province","population":2027,"lat":18.95147,"lng":-69.75114},{"city":"Mella","state":"Independencia","population":2024,"lat":18.35871,"lng":-71.41716},{"city":"Baitoa","state":"Santiago Province","population":2013,"lat":19.32512,"lng":-70.70357},{"city":"Palmar de Ocoa","state":"Azua Province","population":1997,"lat":18.29656,"lng":-70.58635},{"city":"El Cacao","state":"San Cristóbal","population":1997,"lat":18.52719,"lng":-70.29585},{"city":"Boca de Yuma","state":"La Altagracia Province","population":1991,"lat":18.37825,"lng":-68.609},{"city":"Arroyo Salado","state":"María Trinidad Sánchez","population":1990,"lat":19.5,"lng":-69.9},{"city":"Amina","state":"Valverde Province","population":1910,"lat":19.54813,"lng":-70.99599},{"city":"Cachón","state":"Barahona Province","population":1903,"lat":18.24833,"lng":-71.18912},{"city":"Agua Santa del Yuna","state":"Duarte Province","population":1830,"lat":19.15072,"lng":-69.80069},{"city":"Hostos","state":"Duarte Province","population":1813,"lat":19.18043,"lng":-70.02046},{"city":"Cana Chapetón","state":"Monte Cristi Province","population":1758,"lat":19.60703,"lng":-71.25734},{"city":"Jicomé","state":"Valverde Province","population":1725,"lat":19.64955,"lng":-70.94927},{"city":"Guatapanal","state":"Valverde Province","population":1657,"lat":19.50705,"lng":-70.91713},{"city":"Estero Hondo","state":"Puerto Plata","population":1649,"lat":19.82712,"lng":-71.17411},{"city":"Juancho","state":"Pedernales Province","population":1623,"lat":17.85782,"lng":-71.29311},{"city":"Pedro Sánchez","state":"El Seíbo","population":1621,"lat":18.86375,"lng":-69.10868},{"city":"Juan Santiago","state":"Elías Piña","population":1549,"lat":18.70342,"lng":-71.58971},{"city":"Juan López Abajo","state":"Espaillat Province","population":1535,"lat":19.43333,"lng":-70.5},{"city":"El Pino","state":"Dajabón","population":1529,"lat":19.43537,"lng":-71.4754},{"city":"Guayabal","state":"Independencia","population":1504,"lat":18.5981,"lng":-71.64184},{"city":"Joba Arriba","state":"Espaillat Province","population":1471,"lat":19.56667,"lng":-70.26667},{"city":"Pedro García","state":"Santiago Province","population":1457,"lat":19.59202,"lng":-70.65256},{"city":"Bánica","state":"Elías Piña","population":1443,"lat":19.08239,"lng":-71.7054},{"city":"Majagual","state":"Monte Plata Province","population":1430,"lat":19.04134,"lng":-69.83616},{"city":"Río Limpio","state":"Elías Piña","population":1376,"lat":19.24513,"lng":-71.53077},{"city":"Juan Adrián","state":"Monseñor Nouel","population":1371,"lat":18.76365,"lng":-70.33732},{"city":"Juncalito Abajo","state":"Santiago Province","population":1229,"lat":19.2199,"lng":-70.81905},{"city":"Sabana del Puerto","state":"Monseñor Nouel","population":1223,"lat":19.06667,"lng":-70.41667},{"city":"Pedro Santana","state":"Elías Piña","population":1170,"lat":19.10515,"lng":-71.69498},{"city":"Villa Elisa","state":"Monte Cristi Province","population":1143,"lat":19.6856,"lng":-71.27007},{"city":"La Entrada","state":"María Trinidad Sánchez","population":1112,"lat":19.55367,"lng":-69.90762},{"city":"La Caya","state":"Valverde Province","population":1005,"lat":19.69981,"lng":-71.12084},{"city":"Matayaya","state":"San Juan Province","population":1001,"lat":18.89036,"lng":-71.59459},{"city":"La Peña","state":"Duarte Province","population":976,"lat":19.27676,"lng":-70.17173},{"city":"El Rubio","state":"Santiago Province","population":758,"lat":19.36966,"lng":-71.06964},{"city":"José Contreras","state":"Espaillat Province","population":749,"lat":19.46954,"lng":-70.45253},{"city":"Cenoví","state":"Duarte Province","population":599,"lat":19.2545,"lng":-70.368},{"city":"Guerra","state":"Santo Domingo Province","population":0,"lat":18.55892,"lng":-69.70103},{"city":"Villa La Mata","state":"Sánchez Ramírez","population":0,"lat":19.01667,"lng":-70.26661}]}}