{"timezone":"America/Tijuana","countries":{"Mexico":[{"city":"Tijuana","state":"Baja California","population":1922523,"lat":32.5027,"lng":-117.00371},{"city":"Mexicali","state":"Baja California","population":1032686,"lat":32.62781,"lng":-115.45446},{"city":"Ensenada","state":"Baja California","population":443807,"lat":31.87149,"lng":-116.60071},{"city":"Rosarito","state":"Baja California","population":100660,"lat":32.36044,"lng":-117.04645},{"city":"Tecate","state":"Baja California","population":64764,"lat":32.566,"lng":-116.63187},{"city":"Pórticos de San Antonio","state":"Baja California","population":34234,"lat":32.4425,"lng":-117.03417},{"city":"Santa Isabel","state":"Baja California","population":29311,"lat":32.63075,"lng":-115.57039},{"city":"La Joya","state":"Baja California","population":26860,"lat":32.44363,"lng":-117.00371},{"city":"Rodolfo Sánchez Taboada","state":"Baja California","population":22957,"lat":31.72294,"lng":-116.57196},{"city":"Terrazas del Valle","state":"Baja California","population":20421,"lat":32.4875,"lng":-116.82667},{"city":"Villa del Prado 2da Sección","state":"Baja California","population":18226,"lat":32.42389,"lng":-116.97167},{"city":"Guadalupe Victoria","state":"Baja California","population":17119,"lat":32.28924,"lng":-115.10534},{"city":"San Felipe","state":"Baja California","population":16702,"lat":31.02526,"lng":-114.84173},{"city":"Lázaro Cárdenas","state":"Baja California","population":16294,"lat":30.52663,"lng":-115.93137},{"city":"Las Delicias","state":"Baja California","population":15486,"lat":32.40889,"lng":-116.94361},{"city":"Puebla","state":"Baja California","population":15168,"lat":32.56645,"lng":-115.35387},{"city":"Villa del Campo","state":"Baja California","population":13906,"lat":32.5075,"lng":-116.73833},{"city":"Progreso","state":"Baja California","population":12557,"lat":32.58165,"lng":-115.58434},{"city":"Vicente Guerrero","state":"Baja California","population":11455,"lat":30.73054,"lng":-115.98871},{"city":"El Niño","state":"Baja California","population":8999,"lat":32.5075,"lng":-116.79194},{"city":"El Sauzal de Rodríguez","state":"Baja California","population":8832,"lat":31.89491,"lng":-116.69323},{"city":"Camalú","state":"Baja California","population":8621,"lat":30.84355,"lng":-116.0623},{"city":"San Luis","state":"Baja California","population":8571,"lat":32.43167,"lng":-116.95361},{"city":"Doctor Alberto Oviedo Mota","state":"Baja California","population":8064,"lat":32.22756,"lng":-115.16792},{"city":"San Luis","state":"Baja California","population":7872,"lat":28.43333,"lng":-113.75},{"city":"Estación Coahuila","state":"Baja California","population":7596,"lat":32.19304,"lng":-114.99933},{"city":"Maclovio Rojas","state":"Baja California","population":7279,"lat":32.47306,"lng":-116.80278},{"city":"Lomas de Santa Anita","state":"Baja California","population":6604,"lat":32.54278,"lng":-116.65139},{"city":"Benito García (El Zorrillo)","state":"Baja California","population":6598,"lat":31.67111,"lng":-116.51139},{"city":"Colonia Venustiano Carranza","state":"Baja California","population":6098,"lat":32.23017,"lng":-115.16751},{"city":"Emiliano Zapata","state":"Baja California","population":5756,"lat":30.75417,"lng":-116.00306},{"city":"Quinta del Cedro","state":"Baja California","population":5704,"lat":32.4375,"lng":-117.06583},{"city":"Ciudad Coahuila (Kilómetro Cincuenta y Siete)","state":"Baja California","population":5617,"lat":32.19556,"lng":-115.0025},{"city":"Tecolots","state":"Baja California","population":5259,"lat":32.56667,"lng":-114.98333},{"city":"Delta","state":"Baja California","population":5180,"lat":32.3545,"lng":-115.19639},{"city":"Ejido Hermosillo","state":"Baja California","population":5101,"lat":32.51158,"lng":-114.92304},{"city":"Primo Tapia","state":"Baja California","population":4921,"lat":32.22095,"lng":-116.91551},{"city":"Los Algodones","state":"Baja California","population":4874,"lat":32.7,"lng":-114.73333},{"city":"San Quintín","state":"Baja California","population":4777,"lat":30.57228,"lng":-115.94607},{"city":"San Vicente","state":"Baja California","population":4362,"lat":31.32621,"lng":-116.24827},{"city":"Cereso del Hongo","state":"Baja California","population":4278,"lat":32.48417,"lng":-116.25056},{"city":"Benito Juárez","state":"Baja California","population":4167,"lat":32.56803,"lng":-114.99634},{"city":"Colonia Lomas de San Ramón (Triquis)","state":"Baja California","population":3805,"lat":30.70167,"lng":-116.00278},{"city":"Nuevo León","state":"Baja California","population":3655,"lat":32.4095,"lng":-115.18896},{"city":"Colonia Nueva Era","state":"Baja California","population":3256,"lat":30.50667,"lng":-115.9225},{"city":"Los Valles","state":"Baja California","population":3135,"lat":32.3925,"lng":-116.955},{"city":"Michoacán de Ocampo","state":"Baja California","population":3086,"lat":32.46576,"lng":-115.30849},{"city":"Rancho Verde","state":"Baja California","population":2758,"lat":31.91611,"lng":-116.58833},{"city":"Francisco Zarco","state":"Baja California","population":2664,"lat":32.09498,"lng":-116.57192},{"city":"Santa Fe","state":"Baja California","population":2632,"lat":30.68035,"lng":-115.97627},{"city":"Viñas del Sol","state":"Baja California","population":2509,"lat":32.62694,"lng":-115.54667},{"city":"Ejido Sinaloa","state":"Baja California","population":2505,"lat":32.54603,"lng":-115.27075},{"city":"Ejido Lázaro Cárdenas","state":"Baja California","population":2463,"lat":32.60579,"lng":-115.01999},{"city":"Ejido Javier Rojo Gómez","state":"Baja California","population":2408,"lat":32.49389,"lng":-116.82222},{"city":"Poblado Lázaro Cárdenas (La Veintiocho)","state":"Baja California","population":2388,"lat":32.37333,"lng":-115.06528},{"city":"Ejido Quintana Roo","state":"Baja California","population":2311,"lat":32.46862,"lng":-115.08412},{"city":"Luis Rodríguez (El Vergel)","state":"Baja California","population":2281,"lat":30.40722,"lng":-115.88722},{"city":"Ciudad Morelos","state":"Baja California","population":2040,"lat":32.34389,"lng":-117.01056},{"city":"Islas Agrarias Grupo A","state":"Baja California","population":1979,"lat":32.61141,"lng":-115.33148},{"city":"Hacienda Tecate","state":"Baja California","population":1871,"lat":32.565,"lng":-116.525},{"city":"La Rumorosa","state":"Baja California","population":1836,"lat":32.52623,"lng":-116.05463},{"city":"Buenos Aires","state":"Baja California","population":1761,"lat":32.42278,"lng":-116.94111},{"city":"El Rosario de Arriba","state":"Baja California","population":1704,"lat":30.06028,"lng":-115.72351},{"city":"Ejido Jiquilpan","state":"Baja California","population":1681,"lat":32.50072,"lng":-115.0641},{"city":"Ejido Plan de Ayala","state":"Baja California","population":1654,"lat":32.22023,"lng":-115.03158},{"city":"Ejido Yucatán","state":"Baja California","population":1628,"lat":32.60464,"lng":-115.09332},{"city":"Ejido Durango","state":"Baja California","population":1593,"lat":32.24792,"lng":-115.2518},{"city":"Ejido Saltillo","state":"Baja California","population":1560,"lat":32.42413,"lng":-115.12511},{"city":"Salvador Rosas Magallón","state":"Baja California","population":1520,"lat":31.90139,"lng":-116.54778},{"city":"Ejido Pátzcuaro","state":"Baja California","population":1513,"lat":32.35139,"lng":-115.06583},{"city":"Ejido Sonora","state":"Baja California","population":1507,"lat":32.287,"lng":-115.2318},{"city":"Ejido Vicente Guerrero","state":"Baja California","population":1463,"lat":32.39573,"lng":-115.14088},{"city":"Poblado Chulavista (El Chorizo)","state":"Baja California","population":1442,"lat":30.74722,"lng":-116.00306},{"city":"El Porvenir","state":"Baja California","population":1416,"lat":32.07668,"lng":-116.62462},{"city":"Licenciado Gustavo Díaz Ordaz","state":"Baja California","population":1394,"lat":30.97506,"lng":-116.15565},{"city":"Colonia Gómez Morín","state":"Baja California","population":1362,"lat":31.88167,"lng":-116.54389},{"city":"Colinas del Sol","state":"Baja California","population":1361,"lat":32.40306,"lng":-117.03056},{"city":"Santa Anita","state":"Baja California","population":1284,"lat":32.10083,"lng":-116.86917},{"city":"La Providencia","state":"Baja California","population":1253,"lat":30.96889,"lng":-116.15861},{"city":"Ejido Ojo de Agua","state":"Baja California","population":1241,"lat":32.47556,"lng":-116.78917},{"city":"Maclovio Herrera (Colonia Aviación)","state":"Baja California","population":1219,"lat":32.54194,"lng":-116.63611},{"city":"Alfonso Garzón [Granjas Familiares]","state":"Baja California","population":1188,"lat":32.54667,"lng":-116.61722},{"city":"Ejido General Leandro Valle","state":"Baja California","population":1174,"lat":30.62167,"lng":-115.96583},{"city":"La Esperanza [Granjas Familiares]","state":"Baja California","population":1173,"lat":32.46278,"lng":-117.105},{"city":"Colinas del Sol","state":"Baja California","population":1145,"lat":32.46583,"lng":-117.03694},{"city":"Lomas de Tlatelolco","state":"Baja California","population":1086,"lat":32.48306,"lng":-116.80167},{"city":"Las Brisas","state":"Baja California","population":1078,"lat":30.96056,"lng":-116.16444},{"city":"Ejido Netzahualcóyotl","state":"Baja California","population":1064,"lat":32.62444,"lng":-115.06222},{"city":"Ejido Toluca","state":"Baja California","population":1060,"lat":32.43,"lng":-115.08324},{"city":"Islas Agrarias Grupo B","state":"Baja California","population":1054,"lat":32.59994,"lng":-115.27111},{"city":"Fraccionamiento del Valle","state":"Baja California","population":1052,"lat":31.91139,"lng":-116.26056},{"city":"Estación Pescaderos","state":"Baja California","population":1051,"lat":32.31088,"lng":-115.13819},{"city":"Ejido Tabasco","state":"Baja California","population":1029,"lat":32.56187,"lng":-114.92659},{"city":"Pueblo Benito García","state":"Baja California","population":1028,"lat":30.51583,"lng":-115.93278},{"city":"Ejido Doctor Alberto Oviedo Mota (El Indiviso)","state":"Baja California","population":1009,"lat":32.02444,"lng":-114.98361},{"city":"Ejido Guanajuato","state":"Baja California","population":994,"lat":32.5184,"lng":-115.33834},{"city":"Santa Candelaria","state":"Baja California","population":992,"lat":30.83028,"lng":-116.06222},{"city":"Ejido Chiapas 1","state":"Baja California","population":960,"lat":32.50028,"lng":-114.96278},{"city":"Zaragoza","state":"Baja California","population":954,"lat":32.60187,"lng":-115.53305},{"city":"Villa de Juárez","state":"Baja California","population":947,"lat":31.96913,"lng":-116.65511},{"city":"Vista Marina","state":"Baja California","population":939,"lat":32.25278,"lng":-116.93972},{"city":"Ejido Tehuantepec","state":"Baja California","population":925,"lat":32.54978,"lng":-115.03035},{"city":"Lomas del Pedregal","state":"Baja California","population":922,"lat":32.48889,"lng":-116.79417},{"city":"Ejido el Marítimo","state":"Baja California","population":919,"lat":32.2375,"lng":-115.15389},{"city":"Tres M (Pérez)","state":"Baja California","population":917,"lat":32.50194,"lng":-116.79083},{"city":"Colonia La Puerta","state":"Baja California","population":885,"lat":32.32939,"lng":-115.33044},{"city":"Nuevo Uruapan","state":"Baja California","population":866,"lat":30.07269,"lng":-115.70782},{"city":"Ejido Mezquital","state":"Baja California","population":859,"lat":32.49795,"lng":-114.89045},{"city":"Ejido Tlaxcala","state":"Baja California","population":851,"lat":32.44594,"lng":-115.11349},{"city":"Ejido San Luis Potosí","state":"Baja California","population":850,"lat":32.50927,"lng":-115.12852},{"city":"Venustiano Carranza","state":"Baja California","population":823,"lat":30.40194,"lng":-115.89154},{"city":"Nuevo Progreso","state":"Baja California","population":821,"lat":32.46556,"lng":-116.78194},{"city":"Ejido Distrito Federal","state":"Baja California","population":814,"lat":32.49402,"lng":-115.03801},{"city":"San Rafael","state":"Baja California","population":814,"lat":31.90167,"lng":-116.55361},{"city":"Poblado Francisco Santana Peralta","state":"Baja California","population":804,"lat":32.46944,"lng":-115.06778},{"city":"Ricardo Mazón Guerrero (Colonia Baja California el Polvorín)","state":"Baja California","population":792,"lat":32.24054,"lng":-115.10419},{"city":"Artículo Ciento Quince","state":"Baja California","population":784,"lat":32.08139,"lng":-116.575},{"city":"Los Volcanes","state":"Baja California","population":783,"lat":32.32,"lng":-117.00639},{"city":"Partido del Trabajo","state":"Baja California","population":779,"lat":32.47694,"lng":-116.79583},{"city":"Héroes de la Independencia","state":"Baja California","population":752,"lat":31.61086,"lng":-115.8904},{"city":"Colonia Militar Elpidio Berlanga de León","state":"Baja California","population":747,"lat":30.79972,"lng":-116.02639},{"city":"Isla Cedros","state":"Baja California","population":747,"lat":32.43306,"lng":-117.04417},{"city":"Ejido el Choropo (Colonia Colorado Número Uno)","state":"Baja California","population":723,"lat":32.52778,"lng":-115.41472},{"city":"Los Girasoles","state":"Baja California","population":698,"lat":32.47056,"lng":-116.7775},{"city":"Ejido Plan Nacional Agrario","state":"Baja California","population":692,"lat":31.07806,"lng":-114.88639},{"city":"Ampliación Ejido Lázaro Cárdenas","state":"Baja California","population":684,"lat":32.42639,"lng":-116.98806},{"city":"El Morro","state":"Baja California","population":681,"lat":28.0425,"lng":-115.18694},{"city":"Ejido Jalapa","state":"Baja California","population":671,"lat":32.46646,"lng":-115.19802},{"city":"Misión del Mar 1ra. y 2da. Sección","state":"Baja California","population":663,"lat":32.3025,"lng":-117.02306},{"city":"Colonia Esperanza (Cañón San Carlos)","state":"Baja California","population":661,"lat":31.75583,"lng":-116.55},{"city":"Francisco Zarco","state":"Baja California","population":656,"lat":32.46361,"lng":-117.04806},{"city":"Isla Cozumel","state":"Baja California","population":652,"lat":32.43556,"lng":-117.04333},{"city":"Lomas del Mar","state":"Baja California","population":649,"lat":32.45361,"lng":-117.065},{"city":"Batalla Nacional","state":"Baja California","population":646,"lat":32.47611,"lng":-116.82139},{"city":"Ladrillera Pescador","state":"Baja California","population":636,"lat":32.25,"lng":-116.93556},{"city":"Playas de la Vicente Guerrero","state":"Baja California","population":634,"lat":30.68278,"lng":-115.98333},{"city":"Colonia Pólvora","state":"Baja California","population":633,"lat":32.54921,"lng":-115.19132},{"city":"Lomas de Abasolo","state":"Baja California","population":632,"lat":32.62111,"lng":-115.36472},{"city":"Ejido Chihuahua","state":"Baja California","population":628,"lat":32.48652,"lng":-115.23951},{"city":"Jesús Sansón Flores","state":"Baja California","population":626,"lat":32.44222,"lng":-115.37306},{"city":"Ejido México","state":"Baja California","population":623,"lat":32.51389,"lng":-114.97611},{"city":"Reacomodo Río Colorado","state":"Baja California","population":605,"lat":32.6025,"lng":-115.52611},{"city":"Ejido Tamaulipas","state":"Baja California","population":598,"lat":32.54967,"lng":-115.23169},{"city":"Valle Bonito","state":"Baja California","population":595,"lat":32.42556,"lng":-116.88306},{"city":"Poblado Janitzio","state":"Baja California","population":592,"lat":32.52756,"lng":-114.85365},{"city":"Bahía de los Ángeles","state":"Baja California","population":590,"lat":28.94747,"lng":-113.55992},{"city":"Hacienda del Mar","state":"Baja California","population":584,"lat":32.42806,"lng":-117.09389},{"city":"Colonia Francisco Santana Peralta","state":"Baja California","population":578,"lat":32.68056,"lng":-114.75417},{"city":"Represa Aurelio Benansini (Carehey)","state":"Baja California","population":571,"lat":32.56694,"lng":-115.09917},{"city":"Poblado Puente Treviño","state":"Baja California","population":568,"lat":32.59495,"lng":-114.98535},{"city":"El Descanso","state":"Baja California","population":567,"lat":32.20458,"lng":-116.90296},{"city":"Ejido Irapuato","state":"Baja California","population":566,"lat":32.59399,"lng":-115.12542},{"city":"Los Alcatraces","state":"Baja California","population":565,"lat":32.42278,"lng":-117.01028},{"city":"Ejido Guadalajara","state":"Baja California","population":557,"lat":32.54554,"lng":-114.86551},{"city":"Poblado Alfredo V. Bonfil","state":"Baja California","population":554,"lat":32.34198,"lng":-115.06809},{"city":"Venustiano Carranza","state":"Baja California","population":538,"lat":32.16676,"lng":-116.89784},{"city":"Fuentes del Sol","state":"Baja California","population":538,"lat":32.43,"lng":-117.03778},{"city":"Genaro Vázquez Sección Tres","state":"Baja California","population":535,"lat":32.43833,"lng":-116.97556},{"city":"Uruapan","state":"Baja California","population":521,"lat":31.62307,"lng":-116.43981},{"city":"Ejido Mérida","state":"Baja California","population":505,"lat":32.6597,"lng":-114.91919}]}}