{"timezone":"America/Guayaquil","countries":{"Ecuador":[{"city":"Quito","state":"Pichincha","population":2781641,"lat":-0.22985,"lng":-78.52495},{"city":"Guayaquil","state":"Guayas","population":2723665,"lat":-2.19616,"lng":-79.88621},{"city":"Cuenca","state":"Azuay","population":636996,"lat":-2.8953,"lng":-78.9963},{"city":"Santo Domingo de los Colorados","state":"Santo Domingo de los Tsáchilas","population":458580,"lat":-0.25368,"lng":-79.17628},{"city":"Ambato","state":"Tungurahua Province","population":387309,"lat":-1.24908,"lng":-78.61675},{"city":"Portoviejo","state":"Manabí","population":321800,"lat":-1.05764,"lng":-80.45145},{"city":"Eloy Alfaro","state":"Guayas","population":315724,"lat":-2.16919,"lng":-79.83987},{"city":"Machala","state":"El Oro","population":289141,"lat":-3.25886,"lng":-79.95876},{"city":"Loja","state":"Loja","population":274112,"lat":-3.99313,"lng":-79.20422},{"city":"Manta","state":"Manabí","population":264281,"lat":-0.94937,"lng":-80.73137},{"city":"Riobamba","state":"Chimborazo Province","population":264048,"lat":-1.66506,"lng":-78.65887},{"city":"Ibarra","state":"Imbabura","population":221149,"lat":0.34881,"lng":-78.12462},{"city":"Esmeraldas","state":"Esmeraldas","population":218727,"lat":0.9592,"lng":-79.65397},{"city":"Quevedo","state":"Los Ríos","population":213842,"lat":-1.02881,"lng":-79.46264},{"city":"Latacunga","state":"Cotopaxi","population":205624,"lat":-0.93424,"lng":-78.6152},{"city":"Daule","state":"Guayas","population":173684,"lat":-1.86032,"lng":-79.97683},{"city":"Milagro","state":"Guayas","population":133508,"lat":-2.13396,"lng":-79.59337},{"city":"Tulcán","state":"Carchi","population":86498,"lat":0.8124,"lng":-77.71709},{"city":"Babahoyo","state":"Los Ríos","population":76279,"lat":-1.80493,"lng":-79.52492},{"city":"La Libertad","state":"Guayas","population":75881,"lat":-2.233,"lng":-80.91039},{"city":"El Empalme","state":"Guayas","population":48754,"lat":-1.04491,"lng":-79.6384},{"city":"Puerto Francisco de Orellana","state":"Orellana Province","population":48144,"lat":-0.44967,"lng":-76.99724},{"city":"Pasaje","state":"El Oro","population":44860,"lat":-3.32561,"lng":-79.80697},{"city":"Chone","state":"Manabí","population":44751,"lat":-0.6985,"lng":-80.0925},{"city":"Salinas","state":"Santa Elena","population":43862,"lat":-2.21452,"lng":-80.95151},{"city":"Santa Elena","state":"Santa Elena","population":42214,"lat":-2.22652,"lng":-80.85807},{"city":"Rosa Zarate","state":"Esmeraldas","population":42121,"lat":0.32779,"lng":-79.47407},{"city":"Santa Rosa","state":"El Oro","population":41816,"lat":-3.45571,"lng":-79.9637},{"city":"Balzar","state":"Guayas","population":40115,"lat":-1.36553,"lng":-79.90507},{"city":"Huaquillas","state":"El Oro","population":39757,"lat":-3.47523,"lng":-80.23084},{"city":"Ventanas","state":"Los Ríos","population":38168,"lat":-1.44285,"lng":-79.46274},{"city":"Bahía de Caráquez","state":"Manabí","population":37056,"lat":-0.60033,"lng":-80.42444},{"city":"La Troncal","state":"Cañar","population":36353,"lat":-2.42466,"lng":-79.34159},{"city":"Jipijapa","state":"Manabí","population":35901,"lat":-1.34841,"lng":-80.57913},{"city":"Azogues","state":"Cañar","population":34877,"lat":-2.73982,"lng":-78.84561},{"city":"Naranjito","state":"Guayas","population":34206,"lat":-2.17071,"lng":-79.465},{"city":"Vinces","state":"Los Ríos","population":32497,"lat":-1.55637,"lng":-79.75249},{"city":"Otavalo","state":"Imbabura","population":32330,"lat":0.23457,"lng":-78.26248},{"city":"El Triunfo","state":"Guayas","population":32282,"lat":-1.93333,"lng":-79.96667},{"city":"Naranjal","state":"Guayas","population":32045,"lat":-2.67638,"lng":-79.61735},{"city":"Posorja","state":"Guayas","population":30886,"lat":-2.70924,"lng":-80.24719},{"city":"Playas","state":"Guayas","population":30564,"lat":-2.63199,"lng":-80.38808},{"city":"Pomasqui","state":"Pichincha","population":28724,"lat":-0.0542,"lng":-78.45382},{"city":"Yaguachi Nuevo","state":"Guayas","population":27947,"lat":-2.09757,"lng":-79.69261},{"city":"Guabo","state":"El Oro","population":26635,"lat":-3.24401,"lng":-79.82874},{"city":"Cayambe","state":"Pichincha","population":26582,"lat":0.04103,"lng":-78.14636},{"city":"Arenillas","state":"El Oro","population":26000,"lat":-3.55399,"lng":-80.06682},{"city":"Machachi","state":"Pichincha","population":25742,"lat":-0.51273,"lng":-78.57066},{"city":"Puyo","state":"Pastaza Province","population":24881,"lat":-1.49156,"lng":-78.00337},{"city":"Nueva Loja","state":"Sucumbíos","population":24211,"lat":0.086,"lng":-76.89528},{"city":"Samborondón","state":"Guayas","population":24118,"lat":-1.96071,"lng":-79.72566},{"city":"Macas","state":"Morona-Santiago Province","population":23687,"lat":-2.30741,"lng":-78.12026},{"city":"Pedro Carbo","state":"Guayas","population":23372,"lat":-1.81619,"lng":-80.23431},{"city":"Guaranda","state":"Bolívar","population":22199,"lat":-1.59106,"lng":-78.99903},{"city":"Boca Suno","state":"Orellana Province","population":20313,"lat":-0.69832,"lng":-77.14083},{"city":"San Lorenzo de Esmeraldas","state":"Esmeraldas","population":20209,"lat":1.28626,"lng":-78.83514},{"city":"Valencia","state":"Los Ríos","population":18841,"lat":-0.95312,"lng":-79.35513},{"city":"Catamayo","state":"Loja","population":18565,"lat":-3.98661,"lng":-79.35763},{"city":"Montecristi","state":"Manabí","population":18351,"lat":-1.04576,"lng":-80.65889},{"city":"Atuntaqui","state":"Imbabura","population":17456,"lat":0.32759,"lng":-78.21908},{"city":"Calceta","state":"Manabí","population":17286,"lat":-0.84582,"lng":-80.16389},{"city":"Tena","state":"Napo","population":17172,"lat":-0.9961,"lng":-77.81315},{"city":"Gualaceo","state":"Azuay","population":17122,"lat":-2.89418,"lng":-78.77907},{"city":"Piñas","state":"El Oro","population":16981,"lat":-3.68017,"lng":-79.68169},{"city":"Cariamanga","state":"Loja","population":16862,"lat":-4.32804,"lng":-79.55575},{"city":"Pelileo","state":"Tungurahua Province","population":16572,"lat":-1.33057,"lng":-78.54523},{"city":"La Maná","state":"Cotopaxi","population":16450,"lat":-0.94096,"lng":-79.22655},{"city":"Pujilí","state":"Cotopaxi","population":16168,"lat":-0.95759,"lng":-78.69636},{"city":"Montalvo","state":"Los Ríos","population":15547,"lat":-1.79008,"lng":-79.28759},{"city":"Sucre","state":"Manabí","population":15286,"lat":-1.27987,"lng":-80.41776},{"city":"Zamora","state":"Zamora Chinchipe","population":15276,"lat":-4.06446,"lng":-78.95123},{"city":"Tosagua","state":"Manabí","population":14680,"lat":-0.78585,"lng":-80.2346},{"city":"San Gabriel","state":"Carchi","population":14487,"lat":0.59354,"lng":-77.83066},{"city":"Alausí","state":"Chimborazo Province","population":14294,"lat":-2.20128,"lng":-78.84781},{"city":"Muisne","state":"Esmeraldas","population":13393,"lat":0.61045,"lng":-80.0186},{"city":"Macará","state":"Loja","population":13035,"lat":-4.38184,"lng":-79.94521},{"city":"Santa Ana de Vuelta Larga","state":"Manabí","population":12833,"lat":-1.20784,"lng":-80.37059},{"city":"San Juan","state":"Los Ríos","population":12819,"lat":-1.66667,"lng":-79.76667},{"city":"Guano","state":"Chimborazo Province","population":12659,"lat":-1.60689,"lng":-78.63726},{"city":"Alfredo Baquerizo Moreno","state":"Guayas","population":12617,"lat":-1.91667,"lng":-79.51667},{"city":"San Miguel de Bolívar","state":"Bolívar","population":12575,"lat":-1.70935,"lng":-79.04201},{"city":"Santa Lucía","state":"Guayas","population":12523,"lat":-2.18333,"lng":-80.0},{"city":"Zaruma","state":"El Oro","population":12505,"lat":-3.69227,"lng":-79.61254},{"city":"Balao","state":"Guayas","population":12205,"lat":-2.9106,"lng":-79.81505},{"city":"Valdez","state":"Esmeraldas","population":11441,"lat":1.24917,"lng":-78.98306},{"city":"Catacocha","state":"Loja","population":10872,"lat":-4.05031,"lng":-79.64982},{"city":"San Miguel","state":"Cotopaxi","population":10838,"lat":-1.04559,"lng":-78.59019},{"city":"Rocafuerte","state":"Manabí","population":10274,"lat":-0.92447,"lng":-80.45017},{"city":"Yantzaza","state":"Zamora Chinchipe","population":9970,"lat":-3.83299,"lng":-78.76122},{"city":"Cañar","state":"Cañar","population":9900,"lat":-2.55941,"lng":-78.93808},{"city":"Catarama","state":"Los Ríos","population":9723,"lat":-1.57091,"lng":-79.47335},{"city":"Portovelo","state":"El Oro","population":9708,"lat":-3.71601,"lng":-79.61893},{"city":"Baños","state":"Tungurahua Province","population":9501,"lat":-1.39699,"lng":-78.42289},{"city":"Colimes","state":"Guayas","population":9384,"lat":-1.54566,"lng":-80.01158},{"city":"Palestina","state":"Guayas","population":9364,"lat":-1.93709,"lng":-79.71396},{"city":"Paján","state":"Manabí","population":9183,"lat":-1.55266,"lng":-80.42846},{"city":"Junín","state":"Manabí","population":9128,"lat":-0.92777,"lng":-80.20583},{"city":"Palenque","state":"Los Ríos","population":9083,"lat":-1.43757,"lng":-79.7569},{"city":"Baba","state":"Los Ríos","population":8790,"lat":-1.78443,"lng":-79.6787},{"city":"Puerto Bolívar","state":"El Oro","population":8300,"lat":-3.26649,"lng":-79.99749},{"city":"Cotacachi","state":"Imbabura","population":8238,"lat":0.29947,"lng":-78.26565},{"city":"Oyambarillo","state":"Pichincha","population":8000,"lat":-0.19516,"lng":-78.33173},{"city":"Balsas","state":"El Oro","population":7875,"lat":-3.76146,"lng":-79.82422},{"city":"Lomas de Sargentillo","state":"Guayas","population":7542,"lat":-1.88082,"lng":-80.08354},{"city":"Píllaro","state":"Tungurahua Province","population":7462,"lat":-1.17381,"lng":-78.55092},{"city":"Sucúa","state":"Morona-Santiago Province","population":7413,"lat":-2.45737,"lng":-78.17102},{"city":"Pimampiro","state":"Imbabura","population":7408,"lat":0.39093,"lng":-77.94094},{"city":"Archidona","state":"Napo","population":7309,"lat":-0.9095,"lng":-77.80772},{"city":"Coronel Marcelino Maridueña","state":"Guayas","population":7303,"lat":-2.21025,"lng":-79.43734},{"city":"Tres Postes","state":"Guayas","population":7000,"lat":-1.98745,"lng":-79.60451},{"city":"Palora","state":"Morona-Santiago Province","population":6472,"lat":-1.70087,"lng":-77.96609},{"city":"Pedernales","state":"Manabí","population":5983,"lat":0.07168,"lng":-80.05216},{"city":"Celica","state":"Loja","population":5499,"lat":-4.10304,"lng":-79.95598},{"city":"Marcabelí","state":"El Oro","population":5450,"lat":-3.7839,"lng":-79.91227},{"city":"Sangolquí","state":"Pichincha","population":5114,"lat":-0.33405,"lng":-78.45217},{"city":"Gualaquiza","state":"Morona-Santiago Province","population":4611,"lat":-3.40352,"lng":-78.58148},{"city":"Nulti","state":"Azuay","population":4589,"lat":-2.91667,"lng":-78.85},{"city":"Llacao","state":"Azuay","population":4501,"lat":-2.86667,"lng":-78.88333},{"city":"El Ángel","state":"Carchi","population":3983,"lat":0.62022,"lng":-77.94098},{"city":"Saquisilí","state":"Cotopaxi","population":3778,"lat":-0.8399,"lng":-78.667},{"city":"La Unión","state":"Azuay","population":1622,"lat":-2.85,"lng":-78.78333},{"city":"Pampanal de Bolívar","state":"Esmeraldas","population":1118,"lat":1.35251,"lng":-78.8936},{"city":"Nuevo Rocafuerte","state":"Orellana Province","population":657,"lat":-0.92624,"lng":-75.40243},{"city":"Zuña","state":"Morona-Santiago Province","population":0,"lat":-2.18781,"lng":-78.35907},{"city":"Zumbahua","state":"Cotopaxi","population":0,"lat":-0.96098,"lng":-78.89839},{"city":"Bolívar","state":"Esmeraldas","population":0,"lat":0.44604,"lng":-80.04376},{"city":"Zambi","state":"Loja","population":0,"lat":-3.91445,"lng":-79.53616},{"city":"Yaruquíes","state":"Chimborazo Province","population":0,"lat":-1.68908,"lng":-78.67636},{"city":"Yaruquí","state":"Pichincha","population":0,"lat":-0.16544,"lng":-78.31627},{"city":"Yanayacu","state":"Tungurahua Province","population":0,"lat":-1.43361,"lng":-78.66487},{"city":"Vilcabamba","state":"Loja","population":0,"lat":-4.26077,"lng":-79.22265},{"city":"Viche","state":"Esmeraldas","population":0,"lat":0.65848,"lng":-79.54084},{"city":"Veintiocho de Mayo","state":"Zamora Chinchipe","population":0,"lat":-3.63617,"lng":-78.92654},{"city":"Valladolid","state":"Zamora Chinchipe","population":0,"lat":-4.55137,"lng":-79.13199},{"city":"Urdaneta","state":"Loja","population":0,"lat":-3.60534,"lng":-79.21076},{"city":"Urcuquí","state":"Imbabura","population":0,"lat":0.41845,"lng":-78.19477},{"city":"Tutupali","state":"Zamora Chinchipe","population":0,"lat":-3.52936,"lng":-78.95075},{"city":"Tupigachi","state":"Pichincha","population":0,"lat":0.077,"lng":-78.18108},{"city":"Tumbaco","state":"Pichincha","population":0,"lat":-0.21477,"lng":-78.40067},{"city":"Tumbabiro","state":"Imbabura","population":0,"lat":0.46125,"lng":-78.19168},{"city":"Tonchigüe","state":"Esmeraldas","population":0,"lat":0.82829,"lng":-79.94627},{"city":"Tocachi","state":"Pichincha","population":0,"lat":0.04404,"lng":-78.28913},{"city":"Toacaso","state":"Cotopaxi","population":0,"lat":-0.75734,"lng":-78.68657},{"city":"Tixán","state":"Chimborazo Province","population":0,"lat":-2.15196,"lng":-78.80322},{"city":"Tisaleo","state":"Tungurahua Province","population":0,"lat":-1.34891,"lng":-78.66931},{"city":"Tiputini","state":"Orellana Province","population":0,"lat":-0.78774,"lng":-75.5293},{"city":"Timbiré","state":"Esmeraldas","population":0,"lat":0.95905,"lng":-78.86516},{"city":"Tenguel","state":"Guayas","population":0,"lat":-2.99542,"lng":-79.79154},{"city":"Tendales","state":"El Oro","population":0,"lat":-3.12201,"lng":-79.84602},{"city":"Telembí","state":"Esmeraldas","population":0,"lat":0.80802,"lng":-78.92845},{"city":"Tayuza","state":"Morona-Santiago Province","population":0,"lat":-2.69826,"lng":-78.23879},{"city":"Tarapoa","state":"Sucumbíos","population":0,"lat":-0.12425,"lng":-76.3457},{"city":"Taquil","state":"Loja","population":0,"lat":-3.89018,"lng":-79.28906},{"city":"Tanicuchí","state":"Cotopaxi","population":0,"lat":-0.78135,"lng":-78.63824},{"city":"Taisha","state":"Morona-Santiago Province","population":0,"lat":-2.33965,"lng":-77.46031},{"city":"Tababela","state":"Pichincha","population":0,"lat":-0.18627,"lng":-78.34409},{"city":"Suscal","state":"Cañar","population":0,"lat":-2.43728,"lng":-79.05172},{"city":"Sucre","state":"Tungurahua Province","population":0,"lat":-1.26369,"lng":-78.4947},{"city":"La Bocana","state":"Esmeraldas","population":0,"lat":0.86038,"lng":-79.87476},{"city":"Sinincay","state":"Azuay","population":0,"lat":-2.85107,"lng":-79.01478},{"city":"Simón Bolívar","state":"Guayas","population":0,"lat":-2.18471,"lng":-80.35916},{"city":"Simón Bolívar","state":"Guayas","population":0,"lat":-2.00248,"lng":-79.48517},{"city":"Simiatug","state":"Bolívar","population":0,"lat":-1.29177,"lng":-78.96072},{"city":"Sigsig","state":"Azuay","population":0,"lat":-3.05089,"lng":-78.79563},{"city":"Sigchos","state":"Cotopaxi","population":0,"lat":-0.7047,"lng":-78.88868},{"city":"Villa La Unión","state":"Chimborazo Province","population":0,"lat":-1.70179,"lng":-78.77346},{"city":"Sibambe","state":"Chimborazo Province","population":0,"lat":-2.22599,"lng":-78.89088},{"city":"Shushufindi","state":"Sucumbíos","population":0,"lat":-0.18555,"lng":-76.64491},{"city":"Shell","state":"Pastaza Province","population":0,"lat":-1.50538,"lng":-78.06332},{"city":"Sevilla Don Bosco","state":"Morona-Santiago Province","population":0,"lat":-2.31577,"lng":-78.10141},{"city":"Selva Alegre","state":"Loja","population":0,"lat":-3.55121,"lng":-79.34549},{"city":"Selva Alegre","state":"Esmeraldas","population":0,"lat":0.93229,"lng":-78.85987},{"city":"Cuellaje","state":"Imbabura","population":0,"lat":0.39824,"lng":-78.52654},{"city":"Sardinas","state":"Napo","population":0,"lat":-0.38433,"lng":-77.83746},{"city":"Saraguro","state":"Loja","population":0,"lat":-3.62459,"lng":-79.23919},{"city":"San Vicente de Pusir","state":"Carchi","population":0,"lat":0.49348,"lng":-78.04609},{"city":"San Vicente","state":"Manabí","population":0,"lat":-0.58998,"lng":-80.40704},{"city":"Playa de Oro","state":"Esmeraldas","population":0,"lat":0.87582,"lng":-78.79493},{"city":"Santiago","state":"Loja","population":0,"lat":-3.7938,"lng":-79.28192},{"city":"Santiago","state":"Bolívar","population":0,"lat":-1.69968,"lng":-78.99985},{"city":"Santa Rosa de Flandes","state":"Guayas","population":0,"lat":-2.63689,"lng":-79.64748},{"city":"Santa Rosa","state":"Tungurahua Province","population":0,"lat":-1.28199,"lng":-78.66371},{"city":"Santa Lucía","state":"Guayas","population":0,"lat":-1.7158,"lng":-79.98586},{"city":"Santa Fé","state":"Bolívar","population":0,"lat":-1.61424,"lng":-79.01211},{"city":"Santa Clara","state":"Pastaza Province","population":0,"lat":-1.26399,"lng":-77.88739},{"city":"San Simón","state":"Bolívar","population":0,"lat":-1.64114,"lng":-78.99012},{"city":"San Sebastián de Yuluc","state":"Loja","population":0,"lat":-3.37078,"lng":-79.43836},{"city":"San Sebastián del Coca","state":"Orellana Province","population":0,"lat":-0.33909,"lng":-77.00571},{"city":"San Roque","state":"El Oro","population":0,"lat":-3.72748,"lng":-79.66866},{"city":"San Roque","state":"Imbabura","population":0,"lat":0.30201,"lng":-78.23332},{"city":"Puerto Libre","state":"Sucumbíos","population":0,"lat":0.19132,"lng":-77.48802},{"city":"San Pedro de Los Cofanes","state":"Sucumbíos","population":0,"lat":-0.1379,"lng":-76.85299},{"city":"San Pedro de La Bendita","state":"Loja","population":0,"lat":-3.94256,"lng":-79.43461},{"city":"San Pablo de Tenta","state":"Loja","population":0,"lat":-3.5981,"lng":-79.28787},{"city":"San Miguelito","state":"Tungurahua Province","population":0,"lat":-1.20419,"lng":-78.53825},{"city":"San Mateo","state":"Manabí","population":0,"lat":-0.95958,"lng":-80.81057},{"city":"San Luis","state":"Chimborazo Province","population":0,"lat":-1.70937,"lng":-78.64533},{"city":"San Lucas","state":"Loja","population":0,"lat":-3.73719,"lng":-79.26313},{"city":"San Lorenzo","state":"Bolívar","population":0,"lat":-1.67609,"lng":-78.99725},{"city":"San Juan de Pastocalle","state":"Cotopaxi","population":0,"lat":-0.72692,"lng":-78.63548},{"city":"San Juan de Ilumán","state":"Imbabura","population":0,"lat":0.27297,"lng":-78.23363},{"city":"San Juan Bosco","state":"Morona-Santiago Province","population":0,"lat":-3.11905,"lng":-78.53089},{"city":"San Juan","state":"Los Ríos","population":0,"lat":-1.62709,"lng":-79.56001},{"city":"San Juan","state":"Chimborazo Province","population":0,"lat":-1.63384,"lng":-78.78255},{"city":"San José de Quichinche","state":"Imbabura","population":0,"lat":0.23677,"lng":-78.28883},{"city":"San José del Tambo","state":"Bolívar","population":0,"lat":-1.95606,"lng":-79.23633},{"city":"Chamanga","state":"Esmeraldas","population":0,"lat":0.26879,"lng":-79.95519},{"city":"San José de Ancón","state":"Santa Elena","population":0,"lat":-1.75991,"lng":-80.76901},{"city":"San Isidro de Patulú","state":"Chimborazo Province","population":0,"lat":-1.58565,"lng":-78.69001},{"city":"San Isidro","state":"Carchi","population":0,"lat":0.60215,"lng":-77.98673},{"city":"San Isidro","state":"Manabí","population":0,"lat":-0.379,"lng":-80.18561},{"city":"San Gregorio","state":"Esmeraldas","population":0,"lat":0.5283,"lng":-79.97049},{"city":"San Francisco de Onzole","state":"Esmeraldas","population":0,"lat":0.88721,"lng":-79.07775},{"city":"San Carlos","state":"Los Ríos","population":0,"lat":-1.11595,"lng":-79.43625},{"city":"San Blas","state":"Imbabura","population":0,"lat":0.4125,"lng":-78.20507},{"city":"San Antonio de Bayushig","state":"Chimborazo Province","population":0,"lat":-1.54851,"lng":-78.52045},{"city":"San Antonio","state":"Loja","population":0,"lat":-3.98193,"lng":-79.66496},{"city":"San Antonio","state":"Imbabura","population":0,"lat":0.33266,"lng":-78.17046},{"city":"San Andrés","state":"Chimborazo Province","population":0,"lat":-1.59157,"lng":-78.70243},{"city":"El Salitre","state":"Guayas","population":0,"lat":-1.8302,"lng":-79.8179},{"city":"Salima","state":"Esmeraldas","population":0,"lat":0.32441,"lng":-79.96445},{"city":"Salango","state":"Manabí","population":0,"lat":-1.59239,"lng":-80.84262},{"city":"Sabanilla","state":"Zamora Chinchipe","population":0,"lat":-3.96593,"lng":-79.05659},{"city":"Sabanilla","state":"Guayas","population":0,"lat":-1.84338,"lng":-80.22248},{"city":"Rocafuerte","state":"Esmeraldas","population":0,"lat":1.06735,"lng":-79.37374},{"city":"Río Verde","state":"Esmeraldas","population":0,"lat":1.07282,"lng":-79.41255},{"city":"Ríochico","state":"Manabí","population":0,"lat":-0.99506,"lng":-80.41655},{"city":"Ricaurte","state":"Azuay","population":0,"lat":-2.86198,"lng":-78.96435},{"city":"Ricaurte","state":"Los Ríos","population":0,"lat":-1.57147,"lng":-79.46772},{"city":"Ricaurte","state":"Manabí","population":0,"lat":-0.58257,"lng":-80.04133},{"city":"Quisapincha","state":"Tungurahua Province","population":0,"lat":-1.2349,"lng":-78.68463},{"city":"Quiroga","state":"Imbabura","population":0,"lat":0.28295,"lng":-78.28492},{"city":"Quingue","state":"Esmeraldas","population":0,"lat":0.71788,"lng":-80.0944},{"city":"Quimiag","state":"Chimborazo Province","population":0,"lat":-1.658,"lng":-78.56737},{"city":"Quero","state":"Tungurahua Province","population":0,"lat":-1.38068,"lng":-78.6083},{"city":"Punín","state":"Chimborazo Province","population":0,"lat":-1.76584,"lng":-78.65654},{"city":"Pungalá","state":"Chimborazo Province","population":0,"lat":-1.81726,"lng":-78.59325},{"city":"Puerto Pechiche","state":"Los Ríos","population":0,"lat":-1.42602,"lng":-79.56037},{"city":"Puerto Napo","state":"Napo","population":0,"lat":-1.04231,"lng":-77.7939},{"city":"Puerto López","state":"Manabí","population":0,"lat":-1.55873,"lng":-80.80931},{"city":"Puerto Limón","state":"Santo Domingo de los Tsáchilas","population":0,"lat":-0.3881,"lng":-79.37325},{"city":"Puerto de Cayo","state":"Manabí","population":0,"lat":-1.34858,"lng":-80.73908},{"city":"Puela","state":"Chimborazo Province","population":0,"lat":-1.51507,"lng":-78.50744},{"city":"Pueblo Viejo","state":"Los Ríos","population":0,"lat":-1.55069,"lng":-79.53362},{"city":"Pueblo Nuevo","state":"Manabí","population":0,"lat":-1.20888,"lng":-80.06888},{"city":"Valle de La Virgen","state":"Guayas","population":0,"lat":-1.7405,"lng":-80.19562},{"city":"Piñas Grande","state":"El Oro","population":0,"lat":-3.66782,"lng":-79.69635},{"city":"Pimocha","state":"Los Ríos","population":0,"lat":-1.83349,"lng":-79.60813},{"city":"San Bartolomé de Pinllo","state":"Tungurahua Province","population":0,"lat":-1.29823,"lng":-78.72696},{"city":"Piedras","state":"El Oro","population":0,"lat":-3.63663,"lng":-79.91519},{"city":"Picoazá","state":"Manabí","population":0,"lat":-1.03603,"lng":-80.49335},{"city":"Perucho","state":"Pichincha","population":0,"lat":0.11012,"lng":-78.42423},{"city":"Penipe","state":"Chimborazo Province","population":0,"lat":-1.56592,"lng":-78.53159},{"city":"Pedro Vicente Maldonado","state":"Pichincha","population":0,"lat":0.08527,"lng":-79.05095},{"city":"Pedro Pablo Gómez","state":"Manabí","population":0,"lat":-1.62688,"lng":-80.56084},{"city":"Paute","state":"Azuay","population":0,"lat":-2.77957,"lng":-78.76155},{"city":"El Paraíso de Celén","state":"Loja","population":0,"lat":-3.60111,"lng":-79.33934},{"city":"San Gerardo de Pacaicaguán","state":"Chimborazo Province","population":0,"lat":-1.63919,"lng":-78.61637},{"city":"Papallacta","state":"Napo","population":0,"lat":-0.37654,"lng":-78.14241},{"city":"Palmira","state":"Chimborazo Province","population":0,"lat":-2.08155,"lng":-78.73106},{"city":"Pallatanga","state":"Chimborazo Province","population":0,"lat":-1.99856,"lng":-78.96629},{"city":"Palestina","state":"Guayas","population":0,"lat":-1.62825,"lng":-79.97932},{"city":"Palanda","state":"Zamora Chinchipe","population":0,"lat":-4.64953,"lng":-79.1323},{"city":"Pacto","state":"Pichincha","population":0,"lat":0.14238,"lng":-78.76658},{"city":"Paccha","state":"El Oro","population":0,"lat":-3.58811,"lng":-79.66553},{"city":"Paccha","state":"Azuay","population":0,"lat":-2.89888,"lng":-78.9348},{"city":"Pablo Arenas","state":"Imbabura","population":0,"lat":0.50122,"lng":-78.19166},{"city":"Oyacachi","state":"Napo","population":0,"lat":-0.21311,"lng":-78.08836},{"city":"San Felipe de Oña","state":"Azuay","population":0,"lat":-3.46986,"lng":-79.15436},{"city":"Olmedo","state":"Loja","population":0,"lat":-3.93435,"lng":-79.64646},{"city":"Olmedo","state":"Manabí","population":0,"lat":-1.39527,"lng":-80.2108},{"city":"Nueva Tarqui","state":"Morona-Santiago Province","population":0,"lat":-3.45864,"lng":-78.66442},{"city":"Nono","state":"Pichincha","population":0,"lat":-0.06694,"lng":-78.57732},{"city":"Noboa","state":"Manabí","population":0,"lat":-1.41115,"lng":-80.39402},{"city":"Las Nieves","state":"Azuay","population":0,"lat":-3.34186,"lng":-79.11528},{"city":"Nazón","state":"Cañar","population":0,"lat":-2.70241,"lng":-78.91014},{"city":"Nayón","state":"Pichincha","population":0,"lat":-0.15817,"lng":-78.43923},{"city":"San Francisco de Natabuela","state":"Imbabura","population":0,"lat":0.3384,"lng":-78.19378},{"city":"Nambacola","state":"Loja","population":0,"lat":-4.14105,"lng":-79.43063},{"city":"Nabón","state":"Azuay","population":0,"lat":-3.33875,"lng":-79.06572},{"city":"Mulaló","state":"Cotopaxi","population":0,"lat":-0.78064,"lng":-78.57534},{"city":"Moraspungo","state":"Cotopaxi","population":0,"lat":-1.17409,"lng":-79.22341},{"city":"Morales","state":"El Oro","population":0,"lat":-3.71873,"lng":-79.5432},{"city":"Montalvo","state":"Pastaza Province","population":0,"lat":-2.04934,"lng":-77.00856},{"city":"Montalvo","state":"Esmeraldas","population":0,"lat":1.05012,"lng":-79.31189},{"city":"Mocha","state":"Tungurahua Province","population":0,"lat":-1.4191,"lng":-78.66202},{"city":"Mocache","state":"Los Ríos","population":0,"lat":-1.18891,"lng":-79.50619},{"city":"Mira","state":"Carchi","population":0,"lat":0.55069,"lng":-78.04034},{"city":"Mindo","state":"Pichincha","population":0,"lat":-0.05201,"lng":-78.77633},{"city":"Mera","state":"Pastaza Province","population":0,"lat":-1.46053,"lng":-78.11348},{"city":"Santiago de Méndez","state":"Morona-Santiago Province","population":0,"lat":-2.71851,"lng":-78.31936},{"city":"Membrillal","state":"Manabí","population":0,"lat":-1.23781,"lng":-80.66546},{"city":"Matus","state":"Chimborazo Province","population":0,"lat":-1.55823,"lng":-78.50279},{"city":"Mariano Moreno","state":"Azuay","population":0,"lat":-2.8561,"lng":-78.73087},{"city":"Mariano Acosta","state":"Imbabura","population":0,"lat":0.2966,"lng":-77.98287},{"city":"Marcos Espinel","state":"Tungurahua Province","population":0,"lat":-1.17402,"lng":-78.5242},{"city":"Manuel J. Calle","state":"Cañar","population":0,"lat":-2.35615,"lng":-79.39949},{"city":"San Antonio de Manú","state":"Loja","population":0,"lat":-3.48638,"lng":-79.41077},{"city":"Malvas","state":"El Oro","population":0,"lat":-3.65941,"lng":-79.62724},{"city":"Malimpia","state":"Esmeraldas","population":0,"lat":0.41439,"lng":-79.42889},{"city":"Maldonado","state":"Esmeraldas","population":0,"lat":1.06953,"lng":-78.90866},{"city":"Malacatos","state":"Loja","population":0,"lat":-4.21908,"lng":-79.25991},{"city":"Majua","state":"Esmeraldas","population":0,"lat":0.70384,"lng":-79.5293},{"city":"Madre Tierra","state":"Pastaza Province","population":0,"lat":-1.5423,"lng":-78.03471},{"city":"Machalilla","state":"Manabí","population":0,"lat":-1.47382,"lng":-80.76384},{"city":"Los Encuentros","state":"Zamora Chinchipe","population":0,"lat":-3.75993,"lng":-78.64803},{"city":"Los Andes","state":"Carchi","population":0,"lat":0.49808,"lng":-77.93833},{"city":"Llano Chico","state":"Pichincha","population":0,"lat":-0.12742,"lng":-78.44429},{"city":"Limoncocha","state":"Sucumbíos","population":0,"lat":-0.41053,"lng":-76.62387},{"city":"Licto","state":"Chimborazo Province","population":0,"lat":-1.80539,"lng":-78.60409},{"city":"Lincán","state":"Chimborazo Province","population":0,"lat":-1.65284,"lng":-78.70592},{"city":"La Victoria de Imbana","state":"Zamora Chinchipe","population":0,"lat":-3.8468,"lng":-79.12021},{"city":"Laurel","state":"Guayas","population":0,"lat":-1.78474,"lng":-79.90908},{"city":"La Unión","state":"Los Ríos","population":0,"lat":-1.70763,"lng":-79.39447},{"city":"La Unión","state":"Esmeraldas","population":0,"lat":0.81017,"lng":-79.866},{"city":"La Tingue","state":"Loja","population":0,"lat":-3.91059,"lng":-79.5785},{"city":"Las Naves","state":"Bolívar","population":0,"lat":-1.28584,"lng":-79.31473},{"city":"Lascano","state":"Manabí","population":0,"lat":-1.53068,"lng":-80.23042},{"city":"La Puntilla","state":"Guayas","population":0,"lat":-2.13556,"lng":-79.86588},{"city":"La Providencia","state":"Chimborazo Province","population":0,"lat":-1.55206,"lng":-78.54326},{"city":"La Paz","state":"Zamora Chinchipe","population":0,"lat":-3.701,"lng":-78.89673},{"city":"La Paz","state":"Carchi","population":0,"lat":0.50961,"lng":-77.86597},{"city":"La Merced de Buenos Aires","state":"Imbabura","population":0,"lat":0.61765,"lng":-78.3175},{"city":"La Merced","state":"Pichincha","population":0,"lat":-0.29286,"lng":-78.39977},{"city":"Magdalena","state":"Bolívar","population":0,"lat":-1.66364,"lng":-79.06802},{"city":"La Libertad","state":"Carchi","population":0,"lat":0.65325,"lng":-77.94381},{"city":"La Joya de Los Sachas","state":"Orellana Province","population":0,"lat":-0.29394,"lng":-76.85573},{"city":"La Esperanza","state":"Imbabura","population":0,"lat":0.29791,"lng":-78.11935},{"city":"La Concordia","state":"Santo Domingo de los Tsáchilas","population":0,"lat":0.00801,"lng":-79.39462},{"city":"Concepción","state":"Carchi","population":0,"lat":0.6054,"lng":-78.12651},{"city":"La Bocana","state":"El Oro","population":0,"lat":-3.689,"lng":-79.90254},{"city":"La Avanzada","state":"El Oro","population":0,"lat":-3.53779,"lng":-79.95881},{"city":"Julcuy","state":"Manabí","population":0,"lat":-1.47698,"lng":-80.62584},{"city":"Juan Benigno Vela","state":"Tungurahua Province","population":0,"lat":-1.30173,"lng":-78.69407},{"city":"Padre Juan Bautista Aguirre","state":"Guayas","population":0,"lat":-1.87691,"lng":-79.86209},{"city":"Joséguango Bajo","state":"Cotopaxi","population":0,"lat":-0.81842,"lng":-78.59521},{"city":"Jesús María","state":"Guayas","population":0,"lat":-2.56825,"lng":-79.54587},{"city":"Jama","state":"Manabí","population":0,"lat":-0.20172,"lng":-80.26358},{"city":"Izamba","state":"Tungurahua Province","population":0,"lat":-1.22704,"lng":-78.58631},{"city":"Isla de Bejucal","state":"Los Ríos","population":0,"lat":-1.6775,"lng":-79.64494},{"city":"Isinliví","state":"Cotopaxi","population":0,"lat":-0.75932,"lng":-78.8698},{"city":"Isidro Ayora","state":"Guayas","population":0,"lat":-1.88048,"lng":-80.14509},{"city":"Imantag","state":"Imbabura","population":0,"lat":0.35716,"lng":-78.24871},{"city":"Ilapo","state":"Chimborazo Province","population":0,"lat":-1.54201,"lng":-78.58667},{"city":"Huertas","state":"El Oro","population":0,"lat":-3.60704,"lng":-79.63216},{"city":"Huambi","state":"Morona-Santiago Province","population":0,"lat":-2.53653,"lng":-78.16324},{"city":"Guambaló","state":"Tungurahua Province","population":0,"lat":-1.38807,"lng":-78.53221},{"city":"Antonio José de Holguín","state":"Cotopaxi","population":0,"lat":-1.09798,"lng":-78.60374},{"city":"Yamana","state":"Loja","population":0,"lat":-4.00016,"lng":-79.69839},{"city":"San Rafael","state":"Pichincha","population":0,"lat":-0.31166,"lng":-78.45944},{"city":"Guaytacama","state":"Cotopaxi","population":0,"lat":-0.82498,"lng":-78.64158},{"city":"Guizhaguiña","state":"El Oro","population":0,"lat":-3.69333,"lng":-79.55152},{"city":"El Güismi","state":"Zamora Chinchipe","population":0,"lat":-3.55671,"lng":-78.56439},{"city":"Uimbí","state":"Esmeraldas","population":0,"lat":0.95798,"lng":-78.77188},{"city":"Guayquichuma","state":"Loja","population":0,"lat":-3.82259,"lng":-79.57445},{"city":"Guasuntos","state":"Chimborazo Province","population":0,"lat":-2.2324,"lng":-78.81334},{"city":"Guasaganda Centro","state":"Cotopaxi","population":0,"lat":-0.80287,"lng":-79.16001},{"city":"Guanujo","state":"Bolívar","population":0,"lat":-1.56046,"lng":-79.00888},{"city":"Guanazán","state":"El Oro","population":0,"lat":-3.45935,"lng":-79.4921},{"city":"Guanando","state":"Chimborazo Province","population":0,"lat":-1.54566,"lng":-78.54385},{"city":"Guamote","state":"Chimborazo Province","population":0,"lat":-1.93499,"lng":-78.71043},{"city":"Gualel","state":"Loja","population":0,"lat":-3.77022,"lng":-79.3756},{"city":"Guale","state":"Manabí","population":0,"lat":-1.63004,"lng":-80.23922},{"city":"Guadalupe","state":"Zamora Chinchipe","population":0,"lat":-3.84664,"lng":-78.88896},{"city":"Gonzol","state":"Chimborazo Province","population":0,"lat":-2.26223,"lng":-78.84673},{"city":"Gonzanamá","state":"Loja","population":0,"lat":-4.23081,"lng":-79.43545},{"city":"Girón","state":"Azuay","population":0,"lat":-3.16042,"lng":-79.14752},{"city":"Gima","state":"Azuay","population":0,"lat":-3.19109,"lng":-78.95787},{"city":"General Vernaza","state":"Guayas","population":0,"lat":-1.76275,"lng":-79.79105},{"city":"General Proaño","state":"Morona-Santiago Province","population":0,"lat":-2.26676,"lng":-78.12982},{"city":"General Morales","state":"Cañar","population":0,"lat":-2.40772,"lng":-79.02322},{"city":"General Leonidas Plaza Gutiérrez","state":"Morona-Santiago Province","population":0,"lat":-2.96677,"lng":-78.43207},{"city":"García Moreno","state":"Carchi","population":0,"lat":0.56017,"lng":-77.94819},{"city":"Galera","state":"Esmeraldas","population":0,"lat":0.81656,"lng":-80.04648},{"city":"Flavio Alfaro","state":"Manabí","population":0,"lat":-0.40501,"lng":-79.90468},{"city":"Fernández Salvador","state":"Carchi","population":0,"lat":0.59999,"lng":-77.75227},{"city":"Febres Cordero","state":"Los Ríos","population":0,"lat":-1.99365,"lng":-79.35514},{"city":"Fátima","state":"Pastaza Province","population":0,"lat":-1.42806,"lng":-77.99948},{"city":"Facundo Vela","state":"Bolívar","population":0,"lat":-1.20551,"lng":-79.065},{"city":"Emilio María Terán","state":"Tungurahua Province","population":0,"lat":-1.22326,"lng":-78.51252},{"city":"El Triunfo","state":"Tungurahua Province","population":0,"lat":-1.30496,"lng":-78.4043},{"city":"Tambo","state":"Cañar","population":0,"lat":-2.50987,"lng":-78.92746},{"city":"El Rosario","state":"Loja","population":0,"lat":-3.78495,"lng":-79.60649},{"city":"El Pangui","state":"Zamora Chinchipe","population":0,"lat":-3.62575,"lng":-78.58836},{"city":"Eloy Alfaro","state":"Manabí","population":0,"lat":-0.40133,"lng":-80.08017},{"city":"El Esfuerzo","state":"Santo Domingo de los Tsáchilas","population":0,"lat":-0.41645,"lng":-79.27563},{"city":"El Eno","state":"Sucumbíos","population":0,"lat":-0.06687,"lng":-76.87907},{"city":"El Corazón","state":"Cotopaxi","population":0,"lat":-1.13663,"lng":-79.08137},{"city":"El Cisne","state":"Loja","population":0,"lat":-3.85128,"lng":-79.42634},{"city":"El Chaco","state":"Napo","population":0,"lat":-0.33904,"lng":-77.81115},{"city":"El Carmen","state":"Manabí","population":0,"lat":-0.27527,"lng":-79.46222},{"city":"Eloy Alfaro","state":"Manabí","population":0,"lat":-1.47121,"lng":-80.53392},{"city":"Echeandía","state":"Bolívar","population":0,"lat":-1.43208,"lng":-79.28018},{"city":"Doctor Miguel Egas Cabezas","state":"Imbabura","population":0,"lat":0.2502,"lng":-78.24371},{"city":"Diez de Agosto","state":"Pastaza Province","population":0,"lat":-1.45829,"lng":-77.90637},{"city":"Déleg","state":"Cañar","population":0,"lat":-2.7725,"lng":-78.91913},{"city":"Daule","state":"Esmeraldas","population":0,"lat":0.40624,"lng":-80.01332},{"city":"Cuyabeno","state":"Sucumbíos","population":0,"lat":-0.26501,"lng":-75.89186},{"city":"Curtincapa","state":"El Oro","population":0,"lat":-3.73102,"lng":-79.54934},{"city":"Cumbayá","state":"Pichincha","population":0,"lat":-0.19874,"lng":-78.43013},{"city":"Cumbaratza","state":"Zamora Chinchipe","population":0,"lat":-3.99422,"lng":-78.86671},{"city":"Cumandá","state":"Chimborazo Province","population":0,"lat":-2.20497,"lng":-79.1358},{"city":"Cubijíes","state":"Chimborazo Province","population":0,"lat":-1.64471,"lng":-78.58815},{"city":"Cube","state":"Esmeraldas","population":0,"lat":0.57364,"lng":-79.64418},{"city":"Cristóbal Colón","state":"Carchi","population":0,"lat":0.606,"lng":-77.81192},{"city":"Cotaló","state":"Tungurahua Province","population":0,"lat":-1.4315,"lng":-78.51301},{"city":"Convento","state":"Manabí","population":0,"lat":-0.27689,"lng":-80.03679},{"city":"Concepción","state":"Esmeraldas","population":0,"lat":1.03651,"lng":-78.82888},{"city":"Colón","state":"Manabí","population":0,"lat":-1.11295,"lng":-80.41389},{"city":"Colaisaca","state":"Loja","population":0,"lat":-4.31809,"lng":-79.69301},{"city":"Cojimíes","state":"Manabí","population":0,"lat":0.36644,"lng":-80.03592},{"city":"Yerbero","state":"Esmeraldas","population":0,"lat":0.58543,"lng":-79.48398},{"city":"Chuquiribamba","state":"Loja","population":0,"lat":-3.84181,"lng":-79.34495},{"city":"Chunchi","state":"Chimborazo Province","population":0,"lat":-2.28971,"lng":-78.91987},{"city":"Chumundé","state":"Esmeraldas","population":0,"lat":0.83098,"lng":-79.41922},{"city":"Chucchilán","state":"Cotopaxi","population":0,"lat":-0.79953,"lng":-78.92072},{"city":"Chuga","state":"Imbabura","population":0,"lat":0.37478,"lng":-77.90481},{"city":"Chordeleg","state":"Azuay","population":0,"lat":-2.92285,"lng":-78.77533},{"city":"Chontaduro","state":"Esmeraldas","population":0,"lat":0.93059,"lng":-79.43588},{"city":"Chongón","state":"Guayas","population":0,"lat":-2.2364,"lng":-80.08249},{"city":"Chiquintad","state":"Azuay","population":0,"lat":-2.81326,"lng":-79.00248},{"city":"San Francisco de Chinimbimi","state":"Morona-Santiago Province","population":0,"lat":-2.67913,"lng":-78.2145},{"city":"Chinca","state":"Esmeraldas","population":0,"lat":0.77068,"lng":-79.56828},{"city":"Chillanes","state":"Bolívar","population":0,"lat":-1.9429,"lng":-79.06646},{"city":"Chilla","state":"El Oro","population":0,"lat":-3.4581,"lng":-79.58122},{"city":"Chicaña","state":"Zamora Chinchipe","population":0,"lat":-3.72732,"lng":-78.74698},{"city":"El Chaupi","state":"Pichincha","population":0,"lat":-0.6021,"lng":-78.64294},{"city":"Charapotó","state":"Manabí","population":0,"lat":-0.83744,"lng":-80.48782},{"city":"Chantaco","state":"Loja","population":0,"lat":-3.87879,"lng":-79.32894},{"city":"Changaimina","state":"Loja","population":0,"lat":-4.22216,"lng":-79.52404},{"city":"Chambo","state":"Chimborazo Province","population":0,"lat":-1.73101,"lng":-78.59672},{"city":"Chaguarpamba","state":"Loja","population":0,"lat":-3.87776,"lng":-79.64455},{"city":"Cevallos","state":"Tungurahua Province","population":0,"lat":-1.35496,"lng":-78.6164},{"city":"Cebadas","state":"Chimborazo Province","population":0,"lat":-1.91184,"lng":-78.64389},{"city":"Cascol","state":"Manabí","population":0,"lat":-1.66429,"lng":-80.45917},{"city":"Casacay","state":"El Oro","population":0,"lat":-3.32298,"lng":-79.72281},{"city":"Carondelet","state":"Esmeraldas","population":0,"lat":1.12589,"lng":-78.76242},{"city":"Canuto","state":"Manabí","population":0,"lat":-0.79886,"lng":-80.12855},{"city":"Canoa","state":"Manabí","population":0,"lat":-0.4638,"lng":-80.4545},{"city":"Cangonamá","state":"Loja","population":0,"lat":-3.96526,"lng":-79.70275},{"city":"Calpi","state":"Chimborazo Province","population":0,"lat":-1.64579,"lng":-78.74325},{"city":"Calderón","state":"Pichincha","population":0,"lat":-0.10511,"lng":-78.43139},{"city":"Cahuasquí","state":"Imbabura","population":0,"lat":0.51401,"lng":-78.21289},{"city":"Buenavista","state":"Loja","population":0,"lat":-3.89194,"lng":-79.71572},{"city":"Buena Vista","state":"El Oro","population":0,"lat":-3.36335,"lng":-79.84495},{"city":"San Jacinto de Buena Fé","state":"Los Ríos","population":0,"lat":-0.89409,"lng":-79.48985},{"city":"Boyacá","state":"Manabí","population":0,"lat":-0.56972,"lng":-80.17763},{"city":"Borbón","state":"Esmeraldas","population":0,"lat":1.08814,"lng":-78.98954},{"city":"Bolívar","state":"Carchi","population":0,"lat":0.50245,"lng":-77.90533},{"city":"Biblián","state":"Cañar","population":0,"lat":-2.71343,"lng":-78.88976},{"city":"Bellavista","state":"Manabí","population":0,"lat":-1.3486,"lng":-80.28542},{"city":"Bella María","state":"El Oro","population":0,"lat":-3.49968,"lng":-79.89161},{"city":"Ayapamba","state":"El Oro","population":0,"lat":-3.61089,"lng":-79.6782},{"city":"Atahualpa","state":"Tungurahua Province","population":0,"lat":-1.21803,"lng":-78.61148},{"city":"Camarones","state":"Esmeraldas","population":0,"lat":0.85435,"lng":-78.965},{"city":"Atacames","state":"Esmeraldas","population":0,"lat":0.86903,"lng":-79.84806},{"city":"Asunción","state":"Bolívar","population":0,"lat":-1.66494,"lng":-79.03916},{"city":"Ascázubi","state":"Pichincha","population":0,"lat":-0.08333,"lng":-78.29314},{"city":"Arajuno","state":"Pastaza Province","population":0,"lat":-1.23302,"lng":-77.6875},{"city":"Antonio Sotomayor","state":"Los Ríos","population":0,"lat":-1.64229,"lng":-79.80217},{"city":"Anchayacu","state":"Esmeraldas","population":0,"lat":0.95464,"lng":-79.05901},{"city":"Ambatillo","state":"Tungurahua Province","population":0,"lat":-1.22873,"lng":-78.65821},{"city":"Ahuano","state":"Napo","population":0,"lat":-1.05868,"lng":-77.54592},{"city":"Achupallas","state":"Chimborazo Province","population":0,"lat":-2.28302,"lng":-78.76895},{"city":"Abdón Calderón","state":"Manabí","population":0,"lat":-1.02979,"lng":-80.34285},{"city":"Lagarto","state":"Esmeraldas","population":0,"lat":1.04327,"lng":-79.28036},{"city":"Gonzalo Pizarro","state":"Sucumbíos","population":0,"lat":0.01674,"lng":-77.37924},{"city":"Sevilla","state":"Sucumbíos","population":0,"lat":0.08516,"lng":-77.12609},{"city":"Jambelí","state":"Sucumbíos","population":0,"lat":0.08451,"lng":-77.07557},{"city":"Colón Eloy del María","state":"Esmeraldas","population":0,"lat":1.0192,"lng":-78.90993},{"city":"Barraganete","state":"Manabí","population":0,"lat":-0.77666,"lng":-79.69672},{"city":"San Pedro de Suma","state":"Manabí","population":0,"lat":-0.21776,"lng":-79.54118},{"city":"Cuatro de Diciembre","state":"Manabí","population":0,"lat":-0.25046,"lng":-79.48814},{"city":"Valle Hermoso","state":"Santo Domingo de los Tsáchilas","population":0,"lat":-0.08726,"lng":-79.27944},{"city":"Chigüilpe","state":"Santo Domingo de los Tsáchilas","population":0,"lat":-0.03793,"lng":-79.26008},{"city":"Santa María del Toachi","state":"Santo Domingo de los Tsáchilas","population":0,"lat":-0.64004,"lng":-79.22955},{"city":"Luz de América","state":"Santo Domingo de los Tsáchilas","population":0,"lat":-0.40579,"lng":-79.30323},{"city":"Wilfrido Loor Moreira","state":"Manabí","population":0,"lat":-0.35294,"lng":-79.66033},{"city":"Leonidas Plaza Gutiérrez","state":"Manabí","population":0,"lat":-0.62754,"lng":-80.42504},{"city":"Puerto Quito","state":"Pichincha","population":0,"lat":0.12123,"lng":-79.25399},{"city":"El Quinche","state":"Pichincha","population":0,"lat":-0.11071,"lng":-78.29685},{"city":"Salinas","state":"Imbabura","population":0,"lat":0.49444,"lng":-78.13104},{"city":"San José de Chaltura","state":"Imbabura","population":0,"lat":0.35367,"lng":-78.19501},{"city":"Vacas Galindo","state":"Imbabura","population":0,"lat":0.30417,"lng":-78.56715},{"city":"Rumipamba","state":"Orellana Province","population":0,"lat":-0.08423,"lng":-76.98602},{"city":"Alangasí","state":"Pichincha","population":0,"lat":-0.3074,"lng":-78.41609},{"city":"San Jacinto de Bua","state":"Santo Domingo de los Tsáchilas","population":0,"lat":-0.14753,"lng":-79.39442},{"city":"Cangahua","state":"Pichincha","population":0,"lat":-0.06304,"lng":-78.16718},{"city":"Conocoto","state":"Pichincha","population":0,"lat":-0.29341,"lng":-78.47569},{"city":"San Antonio","state":"Pichincha","population":0,"lat":-0.28881,"lng":-78.57724},{"city":"Siete de Julio","state":"Sucumbíos","population":0,"lat":-0.18574,"lng":-76.78229},{"city":"Comité del Pueblo","state":"Pichincha","population":0,"lat":-0.09497,"lng":-78.52776},{"city":"Pacayacu","state":"Sucumbíos","population":0,"lat":-0.04061,"lng":-76.58591},{"city":"Tabacundo","state":"Pichincha","population":0,"lat":0.04782,"lng":-78.2198},{"city":"El Paraíso","state":"Orellana Province","population":0,"lat":-0.22615,"lng":-76.84804},{"city":"Piartal","state":"Carchi","population":0,"lat":0.56636,"lng":-77.77193},{"city":"Tonsupa","state":"Esmeraldas","population":0,"lat":0.89018,"lng":-79.81023},{"city":"Puembo","state":"Pichincha","population":0,"lat":-0.17755,"lng":-78.35876},{"city":"San Vicente","state":"Sucumbíos","population":0,"lat":-0.30394,"lng":-76.53565},{"city":"La Dolorasa del Priorato","state":"Imbabura","population":0,"lat":0.38479,"lng":-78.10934},{"city":"Cuyuja","state":"Napo","population":0,"lat":-0.41475,"lng":-78.02634},{"city":"Chontaduro","state":"Esmeraldas","population":0,"lat":0.73553,"lng":-79.75683},{"city":"Valdez","state":"Esmeraldas","population":0,"lat":0.98407,"lng":-78.89426},{"city":"Santo Domingo de Onzole","state":"Esmeraldas","population":0,"lat":0.79857,"lng":-79.07007},{"city":"Pañacocha","state":"Sucumbíos","population":0,"lat":-0.45101,"lng":-76.06921},{"city":"El Reventador","state":"Sucumbíos","population":0,"lat":-0.04647,"lng":-77.52874},{"city":"Aguas Negras","state":"Sucumbíos","population":0,"lat":-0.13058,"lng":-76.29982},{"city":"El Rosario","state":"Guayas","population":0,"lat":-1.05166,"lng":-79.8122},{"city":"Huamboya","state":"Morona-Santiago Province","population":0,"lat":-1.94564,"lng":-77.991},{"city":"Quinsaloma","state":"Los Ríos","population":0,"lat":-1.20601,"lng":-79.31383},{"city":"El Triunfo","state":"Guayas","population":0,"lat":-2.33289,"lng":-79.40015},{"city":"Loma de Franco","state":"El Oro","population":0,"lat":-3.34262,"lng":-79.79299},{"city":"San Pedro de Vilcabamba","state":"Loja","population":0,"lat":-4.24269,"lng":-79.22164},{"city":"San Luis de Pambil","state":"Bolívar","population":0,"lat":-1.23396,"lng":-79.23981},{"city":"San José de Chazo","state":"Chimborazo Province","population":0,"lat":-1.53032,"lng":-78.55303},{"city":"El Porvenir del Carmen","state":"Zamora Chinchipe","population":0,"lat":-4.54671,"lng":-79.03472},{"city":"Las Mercedes","state":"Bolívar","population":0,"lat":-1.27018,"lng":-79.32236},{"city":"Sinaí","state":"Morona-Santiago Province","population":0,"lat":-2.09499,"lng":-78.05278},{"city":"Pelileo Grande","state":"Tungurahua Province","population":0,"lat":-1.32969,"lng":-78.52784},{"city":"Caluma","state":"Bolívar","population":0,"lat":-1.63085,"lng":-79.25729},{"city":"Ventura","state":"Cañar","population":0,"lat":-2.24811,"lng":-79.12386},{"city":"La Susaya","state":"El Oro","population":0,"lat":-3.67736,"lng":-79.69068},{"city":"Torata","state":"El Oro","population":0,"lat":-3.6015,"lng":-79.88718},{"city":"Tarifa","state":"Guayas","population":0,"lat":-1.97887,"lng":-79.75455},{"city":"La Esperanza","state":"Los Ríos","population":0,"lat":-0.96615,"lng":-79.42283},{"city":"Chiguinda","state":"Morona-Santiago Province","population":0,"lat":-3.2289,"lng":-78.71978},{"city":"San Francisco del Vergel","state":"Zamora Chinchipe","population":0,"lat":-4.67844,"lng":-79.0455},{"city":"Chile","state":"Loja","population":0,"lat":-4.28882,"lng":-79.50321},{"city":"Amarillos","state":"Loja","population":0,"lat":-3.8723,"lng":-79.69316},{"city":"Uzhcurrumi","state":"El Oro","population":0,"lat":-3.32313,"lng":-79.59543},{"city":"Sinsao","state":"El Oro","population":0,"lat":-3.66407,"lng":-79.58263},{"city":"San José","state":"El Oro","population":0,"lat":-3.62781,"lng":-79.65517},{"city":"Salvias","state":"El Oro","population":0,"lat":-3.63779,"lng":-79.54828},{"city":"Puerto Jelí","state":"El Oro","population":0,"lat":-3.41444,"lng":-79.99503},{"city":"Muluncay","state":"El Oro","population":0,"lat":-3.63625,"lng":-79.63615},{"city":"Milagro","state":"El Oro","population":0,"lat":-3.628,"lng":-79.66126},{"city":"Bella María","state":"El Oro","population":0,"lat":-3.76134,"lng":-79.84784},{"city":"Arcapamba","state":"El Oro","population":0,"lat":-3.64804,"lng":-79.61741},{"city":"Cordoncillo","state":"El Oro","population":0,"lat":-3.59246,"lng":-79.64823}]}}