{"timezone":"America/Cuiaba","countries":{"Brazil":[{"city":"Cuiabá","state":"Mato Grosso","population":618124,"lat":-15.59611,"lng":-56.09667},{"city":"Várzea Grande","state":"Mato Grosso","population":314627,"lat":-15.64667,"lng":-56.1325},{"city":"Rondonópolis","state":"Mato Grosso","population":259167,"lat":-16.47083,"lng":-54.63556},{"city":"Sinop","state":"Mato Grosso","population":216029,"lat":-11.86417,"lng":-55.5025},{"city":"Sorriso","state":"Mato Grosso","population":120985,"lat":-12.54528,"lng":-55.71139},{"city":"Tangará da Serra","state":"Mato Grosso","population":112547,"lat":-14.61944,"lng":-57.48583},{"city":"Lucas do Rio Verde","state":"Mato Grosso","population":92256,"lat":-13.07127,"lng":-55.91479},{"city":"Cáceres","state":"Mato Grosso","population":91626,"lat":-16.07056,"lng":-57.67889},{"city":"Barra do Garças","state":"Mato Grosso","population":72694,"lat":-15.89,"lng":-52.25667},{"city":"Nova Mutum","state":"Mato Grosso","population":61223,"lat":-13.82889,"lng":-56.08222},{"city":"Pontes e Lacerda","state":"Mato Grosso","population":54795,"lat":-15.22611,"lng":-59.33528},{"city":"Campo Novo do Parecis","state":"Mato Grosso","population":50033,"lat":-13.67528,"lng":-57.89194},{"city":"Campo Verde","state":"Mato Grosso","population":47831,"lat":-15.54667,"lng":-55.16889},{"city":"Juína","state":"Mato Grosso","population":47800,"lat":-11.42047,"lng":-58.75488},{"city":"Confresa","state":"Mato Grosso","population":37541,"lat":-10.64389,"lng":-51.56889},{"city":"Juara","state":"Mato Grosso","population":35899,"lat":-11.255,"lng":-57.51972},{"city":"Peixoto de Azevedo","state":"Mato Grosso","population":33599,"lat":-10.22306,"lng":-54.97972},{"city":"Colíder","state":"Mato Grosso","population":32010,"lat":-10.81778,"lng":-55.45083},{"city":"Sapezal","state":"Mato Grosso","population":31499,"lat":-13.54209,"lng":-58.82011},{"city":"Guarantã do Norte","state":"Mato Grosso","population":31328,"lat":-9.95051,"lng":-54.90822},{"city":"Água Boa","state":"Mato Grosso","population":31314,"lat":-14.05,"lng":-52.15861},{"city":"Poconé","state":"Mato Grosso","population":31269,"lat":-16.25667,"lng":-56.62278},{"city":"Querência","state":"Mato Grosso","population":29820,"lat":-12.59694,"lng":-52.19972},{"city":"Barra do Bugres","state":"Mato Grosso","population":29576,"lat":-15.0725,"lng":-57.18111},{"city":"Jaciara","state":"Mato Grosso","population":29560,"lat":-15.96528,"lng":-54.96833},{"city":"Paranatinga","state":"Mato Grosso","population":28228,"lat":-14.43167,"lng":-54.05111},{"city":"Lucas","state":"Mato Grosso","population":27665,"lat":-16.33333,"lng":-55.93333},{"city":"Canarana","state":"Mato Grosso","population":27657,"lat":-13.55222,"lng":-52.26833},{"city":"Lambari d'Oeste","state":"Mato Grosso","population":27511,"lat":-15.32333,"lng":-58.00361},{"city":"Mirassol d'Oeste","state":"Mato Grosso","population":27511,"lat":-15.67572,"lng":-58.09021},{"city":"Colniza","state":"Mato Grosso","population":26090,"lat":-9.40917,"lng":-59.025},{"city":"Aripuanã","state":"Mato Grosso","population":26010,"lat":-10.17647,"lng":-59.44913},{"city":"Nova Xavantina","state":"Mato Grosso","population":25486,"lat":-14.66429,"lng":-52.35859},{"city":"Poxoréu","state":"Mato Grosso","population":24587,"lat":-15.83722,"lng":-54.38917},{"city":"Diamantino","state":"Mato Grosso","population":22479,"lat":-14.40861,"lng":-56.44611},{"city":"Matupá","state":"Mato Grosso","population":21415,"lat":-10.16931,"lng":-54.93439},{"city":"Vila Rica","state":"Mato Grosso","population":19827,"lat":-10.01167,"lng":-51.11639},{"city":"Chapada dos Guimarães","state":"Mato Grosso","population":19374,"lat":-15.46056,"lng":-55.74972},{"city":"Pedra Preta","state":"Mato Grosso","population":18722,"lat":-16.62306,"lng":-54.47389},{"city":"Comodoro","state":"Mato Grosso","population":18461,"lat":-13.66306,"lng":-59.78583},{"city":"São José dos Quatro Marcos","state":"Mato Grosso","population":17830,"lat":-15.62139,"lng":-58.17639},{"city":"Alto Araguaia","state":"Mato Grosso","population":17657,"lat":-17.31472,"lng":-53.21528},{"city":"Brasnorte","state":"Mato Grosso","population":17496,"lat":-12.1201,"lng":-58.00274},{"city":"Vila Bela da Santíssima Trindade","state":"Mato Grosso","population":17384,"lat":-15.00806,"lng":-59.95056},{"city":"Santo Antônio do Leverger","state":"Mato Grosso","population":16795,"lat":-15.86556,"lng":-56.07667},{"city":"Nova Olímpia","state":"Mato Grosso","population":16314,"lat":-14.79722,"lng":-57.28806},{"city":"Nobres","state":"Mato Grosso","population":15753,"lat":-14.72028,"lng":-56.3275},{"city":"Campinápolis","state":"Mato Grosso","population":15713,"lat":-14.54114,"lng":-52.79508},{"city":"Tapurah","state":"Mato Grosso","population":15272,"lat":-12.73714,"lng":-56.5136},{"city":"Rosário Oeste","state":"Mato Grosso","population":15236,"lat":-14.83611,"lng":-56.4275},{"city":"Araputanga","state":"Mato Grosso","population":14854,"lat":-15.47111,"lng":-58.35306},{"city":"São José do Rio Claro","state":"Mato Grosso","population":14662,"lat":-13.44667,"lng":-56.72139},{"city":"São Félix do Araguaia","state":"Mato Grosso","population":14332,"lat":-11.61722,"lng":-50.66944},{"city":"Nova Bandeirantes","state":"Mato Grosso","population":14160,"lat":-9.84972,"lng":-57.81056},{"city":"Alto Garças","state":"Mato Grosso","population":13707,"lat":-16.94389,"lng":-53.52806},{"city":"Vera","state":"Mato Grosso","population":13389,"lat":-12.30583,"lng":-55.31694},{"city":"Porto Alegre do Norte","state":"Mato Grosso","population":12524,"lat":-10.87694,"lng":-51.6325},{"city":"Itiquira","state":"Mato Grosso","population":12519,"lat":-17.20889,"lng":-54.15028},{"city":"Nova Ubiratã","state":"Mato Grosso","population":12108,"lat":-13.03287,"lng":-55.25487},{"city":"Paranaíta","state":"Mato Grosso","population":11989,"lat":-9.66472,"lng":-56.47667},{"city":"Nova Canaã do Norte","state":"Mato Grosso","population":11771,"lat":-10.63778,"lng":-55.70911},{"city":"Nossa Senhora do Livramento","state":"Mato Grosso","population":11658,"lat":-15.775,"lng":-56.34556},{"city":"Juscimeira","state":"Mato Grosso","population":11620,"lat":-16.05056,"lng":-54.88444},{"city":"Alto Taquari","state":"Mato Grosso","population":11571,"lat":-17.83614,"lng":-53.28247},{"city":"Marcelândia","state":"Mato Grosso","population":11414,"lat":-11.08944,"lng":-54.45056},{"city":"Arenápolis","state":"Mato Grosso","population":10747,"lat":-14.45028,"lng":-56.84611},{"city":"Terra Nova do Norte","state":"Mato Grosso","population":10641,"lat":-10.51694,"lng":-55.23083},{"city":"Feliz Natal","state":"Mato Grosso","population":10564,"lat":-12.38611,"lng":-54.91972},{"city":"Guiratinga","state":"Mato Grosso","population":10532,"lat":-16.34534,"lng":-53.76177},{"city":"Ribeirão Cascalheira","state":"Mato Grosso","population":10431,"lat":-12.94167,"lng":-51.82417},{"city":"Cotriguaçu","state":"Mato Grosso","population":10398,"lat":-9.90231,"lng":-58.56846},{"city":"Carlinda","state":"Mato Grosso","population":10324,"lat":-9.95806,"lng":-55.83222},{"city":"Porto Esperidião","state":"Mato Grosso","population":10167,"lat":-15.85278,"lng":-58.46028},{"city":"Juruena","state":"Mato Grosso","population":10149,"lat":-10.31806,"lng":-58.35889},{"city":"Tabaporã","state":"Mato Grosso","population":9908,"lat":-11.30778,"lng":-56.81864},{"city":"Campos de Júlio","state":"Mato Grosso","population":9608,"lat":-13.89944,"lng":-59.1475},{"city":"Cláudia","state":"Mato Grosso","population":9436,"lat":-11.51528,"lng":-54.89139},{"city":"Gaúcha do Norte","state":"Mato Grosso","population":9181,"lat":-13.24222,"lng":-53.07972},{"city":"Apiacás","state":"Mato Grosso","population":8692,"lat":-9.54361,"lng":-57.44917},{"city":"Nova Monte Verde","state":"Mato Grosso","population":8451,"lat":-9.98222,"lng":-57.53472},{"city":"Ipiranga do Norte","state":"Mato Grosso","population":8409,"lat":-12.24074,"lng":-56.1525},{"city":"Jauru","state":"Mato Grosso","population":8076,"lat":-15.34194,"lng":-58.86639},{"city":"Dom Aquino","state":"Mato Grosso","population":7915,"lat":-15.81023,"lng":-54.92058},{"city":"Bom Jesus do Araguaia","state":"Mato Grosso","population":7731,"lat":-12.17425,"lng":-51.50763},{"city":"Santa Terezinha","state":"Mato Grosso","population":7720,"lat":-10.47059,"lng":-50.51359},{"city":"Alto Paraguai","state":"Mato Grosso","population":7717,"lat":-14.51361,"lng":-56.4825},{"city":"Castanheira","state":"Mato Grosso","population":7459,"lat":-11.1325,"lng":-58.6025},{"city":"Jangada","state":"Mato Grosso","population":7447,"lat":-15.23556,"lng":-56.48917},{"city":"Pontal do Araguaia","state":"Mato Grosso","population":7299,"lat":-15.90737,"lng":-52.25696},{"city":"Barão de Melgaço","state":"Mato Grosso","population":7204,"lat":-16.19444,"lng":-55.9675},{"city":"Novo São Joaquim","state":"Mato Grosso","population":7160,"lat":-14.90583,"lng":-53.01833},{"city":"Nova Lacerda","state":"Mato Grosso","population":6965,"lat":-14.47611,"lng":-59.60861},{"city":"Denise","state":"Mato Grosso","population":6815,"lat":-14.74,"lng":-57.05389},{"city":"Novo Mundo","state":"Mato Grosso","population":6444,"lat":-9.95028,"lng":-55.19833},{"city":"General Carneiro","state":"Mato Grosso","population":6250,"lat":-15.71083,"lng":-52.75528},{"city":"São José do Xingu","state":"Mato Grosso","population":6168,"lat":-10.80444,"lng":-52.74417},{"city":"Nortelândia","state":"Mato Grosso","population":5935,"lat":-14.45472,"lng":-56.80278},{"city":"Alto Boa Vista","state":"Mato Grosso","population":5875,"lat":-11.67376,"lng":-51.37859},{"city":"Nova Maringá","state":"Mato Grosso","population":5775,"lat":-13.02583,"lng":-57.07389},{"city":"Boa Esperança do Norte","state":"Mato Grosso","population":5772,"lat":-13.50829,"lng":-55.15235},{"city":"Porto dos Gaúchos","state":"Mato Grosso","population":5690,"lat":-11.53528,"lng":-57.41444},{"city":"Santa Carmem","state":"Mato Grosso","population":5677,"lat":-11.97457,"lng":-55.27881},{"city":"Itaúba","state":"Mato Grosso","population":5161,"lat":-11.00781,"lng":-55.24224},{"city":"Acorizal","state":"Mato Grosso","population":4990,"lat":-15.20472,"lng":-56.36583},{"city":"Curvelândia","state":"Mato Grosso","population":4967,"lat":-15.6025,"lng":-57.92278},{"city":"Nova Guarita","state":"Mato Grosso","population":4579,"lat":-10.31306,"lng":-55.40833},{"city":"Rio Branco","state":"Mato Grosso","population":4489,"lat":-15.24083,"lng":-58.11556},{"city":"Canabrava do Norte","state":"Mato Grosso","population":4480,"lat":-11.05444,"lng":-51.83139},{"city":"Nova Nazaré","state":"Mato Grosso","population":4467,"lat":-13.99025,"lng":-51.79874},{"city":"Nova Santa Helena","state":"Mato Grosso","population":4431,"lat":-10.84927,"lng":-55.18274},{"city":"São Pedro da Cipa","state":"Mato Grosso","population":4247,"lat":-16.00056,"lng":-54.92139},{"city":"Torixoreu","state":"Mato Grosso","population":4230,"lat":-16.19944,"lng":-52.55556},{"city":"Santo Antônio do Leste","state":"Mato Grosso","population":4212,"lat":-14.80151,"lng":-53.61026},{"city":"União do Sul","state":"Mato Grosso","population":3897,"lat":-11.53306,"lng":-54.35333},{"city":"Conquista d'Oeste","state":"Mato Grosso","population":3874,"lat":-14.54118,"lng":-59.54122},{"city":"Nova Brasilândia","state":"Mato Grosso","population":3853,"lat":-14.95694,"lng":-54.96556},{"city":"Salto do Céu","state":"Mato Grosso","population":3679,"lat":-15.12972,"lng":-58.12667},{"city":"Nova Marilândia","state":"Mato Grosso","population":3678,"lat":-14.36593,"lng":-56.97398},{"city":"Rondolândia","state":"Mato Grosso","population":3527,"lat":-10.84204,"lng":-61.4608},{"city":"Santa Rita do Trivelato","state":"Mato Grosso","population":3463,"lat":-13.81506,"lng":-55.27561},{"city":"Baliza","state":"Goiás","population":3351,"lat":-16.19611,"lng":-52.545},{"city":"Novo Horizonte do Norte","state":"Mato Grosso","population":3307,"lat":-11.41333,"lng":-57.35194},{"city":"Planalto da Serra","state":"Mato Grosso","population":3287,"lat":-14.66281,"lng":-54.77561},{"city":"Porto Estrela","state":"Mato Grosso","population":3181,"lat":-15.32444,"lng":-57.2275},{"city":"Figueirópolis dOeste","state":"Mato Grosso","population":3112,"lat":-15.445,"lng":-58.74028},{"city":"Tesouro","state":"Mato Grosso","population":2977,"lat":-16.07917,"lng":-53.5525},{"city":"Vale de São Domingos","state":"Mato Grosso","population":2907,"lat":-15.29781,"lng":-59.067},{"city":"Glória d'Oeste","state":"Mato Grosso","population":2899,"lat":-15.76852,"lng":-58.31013},{"city":"Santa Cruz Do Xingu","state":"Mato Grosso","population":2834,"lat":-10.15556,"lng":-52.39444},{"city":"São José do Povo","state":"Mato Grosso","population":2780,"lat":-16.465,"lng":-54.25472},{"city":"Ribeirãozinho","state":"Mato Grosso","population":2697,"lat":-16.48907,"lng":-52.6943},{"city":"Indiavaí","state":"Mato Grosso","population":2194,"lat":-15.49444,"lng":-58.57278},{"city":"Ponte Branca","state":"Mato Grosso","population":2076,"lat":-16.76417,"lng":-52.83333},{"city":"Reserva do Cabaçal","state":"Mato Grosso","population":2062,"lat":-15.12221,"lng":-58.38278},{"city":"Novo Santo Antônio","state":"Mato Grosso","population":2040,"lat":-12.29126,"lng":-50.96819},{"city":"Serra Nova Dourada","state":"Mato Grosso","population":1901,"lat":-12.09075,"lng":-51.40021},{"city":"Araguainha","state":"Mato Grosso","population":1006,"lat":-16.85611,"lng":-53.0325},{"city":"Primavera do Leste","state":"Mato Grosso","population":0,"lat":-15.55158,"lng":-54.30173},{"city":"Luciara","state":"Mato Grosso","population":0,"lat":-11.22163,"lng":-50.66722},{"city":"Santo Afonso","state":"Mato Grosso","population":0,"lat":-14.49549,"lng":-57.00268},{"city":"Alta Floresta","state":"Mato Grosso","population":0,"lat":-9.87556,"lng":-56.08611},{"city":"Colniza","state":"Mato Grosso","population":0,"lat":-9.45533,"lng":-59.21848},{"city":"Juruena","state":"Mato Grosso","population":0,"lat":-10.32997,"lng":-58.50233},{"city":"Novo Horizonte do Norte","state":"Mato Grosso","population":0,"lat":-11.39019,"lng":-57.31748},{"city":"Novo Mundo","state":"Mato Grosso","population":0,"lat":-9.97571,"lng":-55.17757},{"city":"Terra Nova do Norte","state":"Mato Grosso","population":0,"lat":-10.59733,"lng":-55.11675},{"city":"Itanhangá","state":"Mato Grosso","population":0,"lat":-12.23548,"lng":-56.64566},{"city":"Nova Monte Verde","state":"Mato Grosso","population":0,"lat":-9.97969,"lng":-57.46739},{"city":"Marcelândia","state":"Mato Grosso","population":0,"lat":-11.08239,"lng":-54.51776},{"city":"Gaúcha do Norte","state":"Mato Grosso","population":0,"lat":-13.17965,"lng":-53.25395},{"city":"Apiacás","state":"Mato Grosso","population":0,"lat":-9.5622,"lng":-57.39011},{"city":"Campos de Júlio","state":"Mato Grosso","population":0,"lat":-13.72454,"lng":-59.26034},{"city":"Nova Brasilândia","state":"Mato Grosso","population":0,"lat":-14.92985,"lng":-54.97358},{"city":"Vera","state":"Mato Grosso","population":0,"lat":-12.28615,"lng":-55.29734},{"city":"Peixoto de Azevedo","state":"Mato Grosso","population":0,"lat":-10.24391,"lng":-54.99178},{"city":"Campo Novo do Parecis","state":"Mato Grosso","population":0,"lat":-13.6511,"lng":-57.89897},{"city":"Nova Lacerda","state":"Mato Grosso","population":0,"lat":-14.47327,"lng":-59.58513}]}}