{"timezone":"America/Panama","countries":{"Panama":[{"city":"Panamá","state":"Panamá","population":408168,"lat":8.9936,"lng":-79.51973},{"city":"San Miguelito","state":"Panamá","population":321501,"lat":9.05032,"lng":-79.47068},{"city":"Juan Díaz","state":"Panamá","population":100636,"lat":9.04059,"lng":-79.44083},{"city":"David","state":"Chiriquí Province","population":81957,"lat":8.42729,"lng":-82.43085},{"city":"Arraiján","state":"Panamá Oeste Province","population":76815,"lat":8.9398,"lng":-79.64038},{"city":"Colón","state":"Colón","population":76643,"lat":9.36025,"lng":-79.90019},{"city":"Las Cumbres","state":"Panamá","population":69102,"lat":9.09211,"lng":-79.53895},{"city":"La Chorrera","state":"Panamá Oeste Province","population":61232,"lat":8.87763,"lng":-79.78007},{"city":"Pedregal","state":"Panamá","population":51641,"lat":9.0661,"lng":-79.42577},{"city":"Tocumen","state":"Panamá","population":50844,"lat":9.08939,"lng":-79.3831},{"city":"Santiago de Veraguas","state":"Veraguas Province","population":45355,"lat":8.1,"lng":-80.98333},{"city":"Parque Lefevre","state":"Panamá","population":36997,"lat":9.02266,"lng":-79.47864},{"city":"Chilibre","state":"Panamá","population":33536,"lat":9.15403,"lng":-79.62019},{"city":"Cativá","state":"Colón","population":29607,"lat":9.36218,"lng":-79.83232},{"city":"Río Abajo","state":"Panamá","population":26607,"lat":9.02397,"lng":-79.49361},{"city":"Nuevo Belén","state":"Panamá","population":24056,"lat":9.08929,"lng":-79.39177},{"city":"Ancón","state":"Panamá","population":20706,"lat":8.96015,"lng":-79.5514},{"city":"Alcalde Díaz","state":"Panamá","population":20285,"lat":9.12273,"lng":-79.55667},{"city":"El Chorrillo","state":"Panamá","population":18302,"lat":8.94964,"lng":-79.54715},{"city":"Changuinola","state":"Bocas del Toro Province","population":17997,"lat":9.43,"lng":-82.52},{"city":"La Cabima","state":"Panamá","population":17975,"lat":9.118,"lng":-79.53324},{"city":"La Concepción","state":"Chiriquí Province","population":17698,"lat":8.51667,"lng":-82.62393},{"city":"Pedregal","state":"Chiriquí Province","population":17427,"lat":8.37698,"lng":-82.42947},{"city":"Veracruz","state":"Panamá Oeste Province","population":17144,"lat":8.89319,"lng":-79.62338},{"city":"Curundú","state":"Panamá","population":16361,"lat":8.97092,"lng":-79.54612},{"city":"Penonomé","state":"Coclé","population":16250,"lat":8.51889,"lng":-80.35727},{"city":"Sabanitas","state":"Colón","population":15577,"lat":9.34521,"lng":-79.80543},{"city":"Nuevo Arraiján","state":"Panamá Oeste Province","population":14920,"lat":8.92643,"lng":-79.72023},{"city":"Villa Unida","state":"Panamá","population":14854,"lat":9.19176,"lng":-79.62368},{"city":"San Vicente","state":"Panamá","population":14109,"lat":9.11541,"lng":-79.59929},{"city":"Chepo","state":"Panamá","population":12912,"lat":9.17019,"lng":-79.10083},{"city":"Puerto Escondido","state":"Colón","population":12371,"lat":9.19419,"lng":-80.09566},{"city":"Pocrí","state":"Coclé","population":12304,"lat":8.25639,"lng":-80.54626},{"city":"El Coco","state":"Panamá Oeste Province","population":11935,"lat":8.87692,"lng":-79.80806},{"city":"San Juan Bautista","state":"Herrera Province","population":11798,"lat":7.96466,"lng":-80.41622},{"city":"Puerto Armuelles","state":"Chiriquí Province","population":11743,"lat":8.27775,"lng":-82.86206},{"city":"Las Lomas","state":"Chiriquí Province","population":11726,"lat":8.42897,"lng":-82.38901},{"city":"El Empalme","state":"Bocas del Toro Province","population":11035,"lat":9.41468,"lng":-82.52244},{"city":"Monagrillo","state":"Herrera Province","population":10821,"lat":7.98262,"lng":-80.43302},{"city":"Volcán","state":"Chiriquí Province","population":10286,"lat":8.78046,"lng":-82.63896},{"city":"Llano Bonito","state":"Herrera Province","population":9716,"lat":7.97404,"lng":-80.42091},{"city":"Unión Chocó","state":"Emberá","population":9497,"lat":8.08404,"lng":-77.53507},{"city":"Nueva Esperanza","state":"Panamá","population":9342,"lat":9.10538,"lng":-79.33258},{"city":"Chitré","state":"Herrera Province","population":8969,"lat":7.96011,"lng":-80.42876},{"city":"Las Tablas","state":"Los Santos Province","population":8939,"lat":7.7665,"lng":-80.27798},{"city":"Puerto Pilón","state":"Colón","population":8754,"lat":9.36316,"lng":-79.79333},{"city":"Almirante","state":"Bocas del Toro Province","population":8744,"lat":9.30091,"lng":-82.4018},{"city":"Vista Alegre","state":"Panamá Oeste Province","population":8673,"lat":8.92923,"lng":-79.69964},{"city":"Aguadulce","state":"Coclé","population":8501,"lat":8.24146,"lng":-80.53978},{"city":"Altos de San Francisco","state":"Panamá Oeste Province","population":8189,"lat":8.86167,"lng":-79.79},{"city":"Canto del Llano","state":"Veraguas Province","population":7854,"lat":8.12307,"lng":-80.96422},{"city":"Gonzalillo","state":"Panamá","population":7793,"lat":9.09779,"lng":-79.51313},{"city":"La Pesa","state":"Panamá Oeste Province","population":7773,"lat":8.85371,"lng":-79.82462},{"city":"Soná","state":"Veraguas Province","population":7669,"lat":8.00877,"lng":-81.31727},{"city":"La Arena","state":"Herrera Province","population":7175,"lat":7.9694,"lng":-80.46152},{"city":"Pacora","state":"Panamá","population":6856,"lat":9.08252,"lng":-79.28957},{"city":"Antón","state":"Coclé","population":6851,"lat":8.39677,"lng":-80.26499},{"city":"Guadalupe","state":"Panamá Oeste Province","population":6561,"lat":8.86064,"lng":-79.81184},{"city":"La Herradura","state":"Panamá Oeste Province","population":6271,"lat":8.85182,"lng":-79.80612},{"city":"Boquete","state":"Chiriquí Province","population":6123,"lat":8.78024,"lng":-82.44136},{"city":"San Pablo Viejo Abajo","state":"Chiriquí Province","population":5992,"lat":8.45461,"lng":-82.50487},{"city":"Los Santos","state":"Los Santos Province","population":5970,"lat":7.93445,"lng":-80.41218},{"city":"La Mitra","state":"Panamá Oeste Province","population":5699,"lat":8.84261,"lng":-79.78445},{"city":"Río Hato","state":"Coclé","population":5615,"lat":8.3794,"lng":-80.16621},{"city":"Natá","state":"Coclé","population":5470,"lat":8.33588,"lng":-80.5213},{"city":"Bocas del Toro","state":"Bocas del Toro Province","population":5380,"lat":9.34031,"lng":-82.24204},{"city":"Alto Boquete","state":"Chiriquí Province","population":4746,"lat":8.73615,"lng":-82.43331},{"city":"Vista Hermosa","state":"Panamá","population":4742,"lat":9.11521,"lng":-79.35914},{"city":"Gatuncillo","state":"Colón","population":4605,"lat":9.24475,"lng":-79.64588},{"city":"El Palmar","state":"Chiriquí Province","population":4536,"lat":8.30563,"lng":-82.85081},{"city":"El Progreso","state":"Panamá","population":4292,"lat":9.25737,"lng":-79.11488},{"city":"Lídice","state":"Panamá","population":4245,"lat":8.74869,"lng":-79.90974},{"city":"Puerto Caimito","state":"Panamá Oeste Province","population":4174,"lat":8.87392,"lng":-79.71572},{"city":"Las Margaritas","state":"Panamá","population":4165,"lat":9.19181,"lng":-79.08672},{"city":"Los Algarrobos","state":"Chiriquí Province","population":4160,"lat":8.49674,"lng":-82.42417},{"city":"Buena Vista","state":"Colón","population":4077,"lat":9.27389,"lng":-79.6958},{"city":"Potrero Grande","state":"Panamá Oeste Province","population":4044,"lat":8.88305,"lng":-79.83006},{"city":"San José","state":"Panamá Oeste Province","population":3982,"lat":8.92703,"lng":-79.73359},{"city":"Ocú","state":"Herrera Province","population":3939,"lat":7.94525,"lng":-80.7773},{"city":"Bejuco","state":"Panamá Oeste Province","population":3897,"lat":8.60501,"lng":-79.88654},{"city":"Villa Rosario","state":"Panamá Oeste Province","population":3843,"lat":8.77972,"lng":-79.87351},{"city":"Los Algarrobos Arriba","state":"Chiriquí Province","population":3727,"lat":8.52001,"lng":-82.42451},{"city":"Alto del Espino","state":"Panamá Oeste Province","population":3672,"lat":8.8472,"lng":-79.84105},{"city":"Nueva Gorgona","state":"Panamá Oeste Province","population":3530,"lat":8.55479,"lng":-79.87427},{"city":"Gualaca","state":"Chiriquí Province","population":3453,"lat":8.53006,"lng":-82.29971},{"city":"Capira","state":"Panamá Oeste Province","population":3432,"lat":8.7584,"lng":-79.8776},{"city":"Margarita","state":"Colón","population":3302,"lat":9.32603,"lng":-79.89028},{"city":"Las Lajas","state":"Panamá Oeste Province","population":3291,"lat":8.55267,"lng":-79.93315},{"city":"Bugaba","state":"Chiriquí Province","population":3263,"lat":8.48606,"lng":-82.62023},{"city":"San Felipe","state":"Panamá","population":3262,"lat":8.95118,"lng":-79.53726},{"city":"Guararé","state":"Los Santos Province","population":3243,"lat":7.8198,"lng":-80.2809},{"city":"Cañazas","state":"Veraguas Province","population":3219,"lat":8.32004,"lng":-81.21152},{"city":"Río Alejandro","state":"Colón","population":3084,"lat":9.3735,"lng":-79.78901},{"city":"Vista Hermosa","state":"Coclé","population":3063,"lat":8.52687,"lng":-80.37486},{"city":"Canoa","state":"Ngöbe-Buglé Comarca","population":3061,"lat":8.43858,"lng":-81.77933},{"city":"Chigoré","state":"Coclé","population":2899,"lat":8.53035,"lng":-80.35117},{"city":"Parita","state":"Herrera Province","population":2864,"lat":7.99609,"lng":-80.52001},{"city":"Tolé","state":"Chiriquí Province","population":2794,"lat":8.2433,"lng":-81.66973},{"city":"Atalaya","state":"Veraguas Province","population":2686,"lat":8.04358,"lng":-80.92482},{"city":"Sioguí Abajo","state":"Chiriquí Province","population":2675,"lat":8.48141,"lng":-82.66303},{"city":"Pesé","state":"Herrera Province","population":2565,"lat":7.90863,"lng":-80.61433},{"city":"Ustupo","state":"Guna Yala","population":2514,"lat":9.13112,"lng":-77.9262},{"city":"Divalá","state":"Chiriquí Province","population":2506,"lat":8.41289,"lng":-82.71367},{"city":"Chiriquí","state":"Chiriquí Province","population":2429,"lat":8.39707,"lng":-82.32162},{"city":"El Espino","state":"Panamá Oeste Province","population":2422,"lat":8.83919,"lng":-79.84671},{"city":"Cristóbal","state":"Colón","population":2366,"lat":9.35222,"lng":-79.90444},{"city":"Chame","state":"Panamá Oeste Province","population":2362,"lat":8.58148,"lng":-79.88433},{"city":"Metetí","state":"Darién","population":2298,"lat":8.49909,"lng":-77.97897},{"city":"Bajo Boquete","state":"Chiriquí Province","population":2257,"lat":8.77058,"lng":-82.43306},{"city":"Capellanía","state":"Coclé","population":2252,"lat":8.30222,"lng":-80.55326},{"city":"Quebrada Bonita Adentro","state":"Colón","population":2229,"lat":9.29648,"lng":-79.70628},{"city":"Macaracas","state":"Los Santos Province","population":2224,"lat":7.73168,"lng":-80.55364},{"city":"La Peña","state":"Veraguas Province","population":2223,"lat":8.13413,"lng":-81.02821},{"city":"Progreso","state":"Chiriquí Province","population":2211,"lat":8.44669,"lng":-82.83859},{"city":"Nuevo Vigía","state":"Colón","population":2163,"lat":9.2442,"lng":-79.60873},{"city":"La Mesa","state":"Veraguas Province","population":2090,"lat":8.14947,"lng":-81.18427},{"city":"Playón Chico","state":"Guna Yala","population":2042,"lat":9.31128,"lng":-78.2327},{"city":"El Silencio","state":"Bocas del Toro Province","population":2017,"lat":9.38557,"lng":-82.53365},{"city":"Nuevo Emperador","state":"Panamá Oeste Province","population":2003,"lat":9.00282,"lng":-79.73038},{"city":"Guabito","state":"Bocas del Toro Province","population":1978,"lat":9.49437,"lng":-82.61152},{"city":"Los Algarrobos","state":"Veraguas Province","population":1977,"lat":8.11291,"lng":-81.01524},{"city":"Farallón","state":"Coclé","population":1967,"lat":8.35658,"lng":-80.13723},{"city":"Santa Rita Arriba","state":"Colón","population":1960,"lat":9.33263,"lng":-79.79159},{"city":"Santa Marta","state":"Chiriquí Province","population":1952,"lat":8.52289,"lng":-82.70113},{"city":"Juan Díaz","state":"Coclé","population":1935,"lat":8.46069,"lng":-80.28532},{"city":"Montijo","state":"Veraguas Province","population":1932,"lat":7.99179,"lng":-81.05546},{"city":"Pedasí","state":"Los Santos Province","population":1920,"lat":7.53034,"lng":-80.02699},{"city":"La Pintada","state":"Coclé","population":1917,"lat":8.59616,"lng":-80.44693},{"city":"San Francisco","state":"Veraguas Province","population":1898,"lat":8.05836,"lng":-81.37431},{"city":"La Esperanza","state":"Chiriquí Province","population":1890,"lat":8.40608,"lng":-82.79014},{"city":"Aserrío de Gariché","state":"Chiriquí Province","population":1804,"lat":8.48641,"lng":-82.78932},{"city":"Escobal","state":"Colón","population":1790,"lat":9.14758,"lng":-79.9638},{"city":"San Francisco","state":"Veraguas Province","population":1785,"lat":8.24541,"lng":-80.97368},{"city":"San Vicente de Bique","state":"Panamá Oeste Province","population":1784,"lat":8.91605,"lng":-79.67227},{"city":"Santo Domingo","state":"Los Santos Province","population":1772,"lat":7.74856,"lng":-80.2414},{"city":"Llano Marín","state":"Coclé","population":1757,"lat":8.48847,"lng":-80.32928},{"city":"Achutupo","state":"Guna Yala","population":1753,"lat":9.19827,"lng":-77.98729},{"city":"La Palma","state":"Darién","population":1728,"lat":8.40498,"lng":-78.14041},{"city":"Nuevo San Carlitos","state":"Chiriquí Province","population":1724,"lat":8.46153,"lng":-82.44183},{"city":"Sortová","state":"Chiriquí Province","population":1706,"lat":8.55109,"lng":-82.65094},{"city":"Yaviza","state":"Darién","population":1700,"lat":8.15835,"lng":-77.69276},{"city":"Santa María","state":"Herrera Province","population":1679,"lat":8.11402,"lng":-80.66464},{"city":"Boquerón","state":"Chiriquí Province","population":1658,"lat":8.50773,"lng":-82.5707},{"city":"Calzada Larga","state":"Panamá","population":1656,"lat":9.17447,"lng":-79.56259},{"city":"Dolega District","state":"Chiriquí Province","population":1653,"lat":8.56667,"lng":-82.41407},{"city":"Ailigandí","state":"Guna Yala","population":1652,"lat":9.2281,"lng":-78.02778},{"city":"El Roble","state":"Coclé","population":1648,"lat":8.16883,"lng":-80.66022},{"city":"San Isidro","state":"Chiriquí Province","population":1648,"lat":8.53368,"lng":-82.83086},{"city":"Tortí","state":"Panamá","population":1611,"lat":8.92151,"lng":-78.39845},{"city":"Guarumal","state":"Chiriquí Province","population":1575,"lat":8.34787,"lng":-82.52977},{"city":"Cerro Punta","state":"Chiriquí Province","population":1568,"lat":8.85217,"lng":-82.57363},{"city":"Gatún","state":"Colón","population":1553,"lat":9.2891,"lng":-79.76799},{"city":"La Loma","state":"Coclé","population":1542,"lat":8.1664,"lng":-80.63617},{"city":"Chiriquí Grande","state":"Bocas del Toro Province","population":1525,"lat":8.94938,"lng":-82.11707},{"city":"El Giral","state":"Colón","population":1522,"lat":9.24509,"lng":-79.69266},{"city":"Churuquita Grande","state":"Coclé","population":1518,"lat":8.59941,"lng":-80.27064},{"city":"Isla Bastimentos","state":"Bocas del Toro Province","population":1500,"lat":9.3,"lng":-82.13333},{"city":"Santa Fé","state":"Darién","population":1499,"lat":8.65841,"lng":-78.15886},{"city":"Nuevo San Juan","state":"Colón","population":1494,"lat":9.22552,"lng":-79.66559},{"city":"Tonosí","state":"Los Santos Province","population":1478,"lat":7.40718,"lng":-80.43936},{"city":"Jaqué","state":"Darién","population":1466,"lat":7.51826,"lng":-78.16343},{"city":"La Mesa","state":"Panamá","population":1448,"lat":9.17573,"lng":-79.27235},{"city":"Las Colinas","state":"Panamá Oeste Province","population":1447,"lat":8.55,"lng":-80.08333},{"city":"San José","state":"Panamá Oeste Province","population":1444,"lat":8.53542,"lng":-79.92357},{"city":"San Antonio","state":"Panamá","population":1435,"lat":9.1729,"lng":-79.54743},{"city":"San Ignacio de Tupile","state":"Guna Yala","population":1429,"lat":9.29505,"lng":-78.15501},{"city":"Los Pollos","state":"Coclé","population":1419,"lat":8.40698,"lng":-80.15715},{"city":"Cabra Número Uno","state":"Panamá","population":1415,"lat":9.1121,"lng":-79.33447},{"city":"Santa Clara","state":"Panamá Oeste Province","population":1410,"lat":9.03386,"lng":-79.75341},{"city":"Kusapín","state":"Ngöbe-Buglé Comarca","population":1408,"lat":9.18157,"lng":-81.88788},{"city":"Barranco","state":"Bocas del Toro Province","population":1398,"lat":9.51984,"lng":-82.70424},{"city":"Portobelo","state":"Colón","population":1393,"lat":9.55303,"lng":-79.65693},{"city":"Bisira","state":"Ngöbe-Buglé Comarca","population":1383,"lat":8.9008,"lng":-81.86358},{"city":"Boca de Parita","state":"Herrera Province","population":1381,"lat":8.01114,"lng":-80.45065},{"city":"Río Duque","state":"Colón","population":1374,"lat":9.26117,"lng":-79.67858},{"city":"Alanje","state":"Chiriquí Province","population":1373,"lat":8.39997,"lng":-82.55873},{"city":"Río Sereno","state":"Chiriquí Province","population":1368,"lat":8.81952,"lng":-82.86044},{"city":"Plaza de Caisán","state":"Chiriquí Province","population":1363,"lat":8.74346,"lng":-82.82066},{"city":"Santa Clara","state":"Chiriquí Province","population":1360,"lat":8.8348,"lng":-82.78189},{"city":"Burica","state":"Chiriquí Province","population":1360,"lat":8.03389,"lng":-82.86866},{"city":"Barranco Adentro","state":"Bocas del Toro Province","population":1349,"lat":9.53163,"lng":-82.72867},{"city":"Caimitillo","state":"Panamá","population":1345,"lat":9.15912,"lng":-79.53656},{"city":"El Rincón","state":"Herrera Province","population":1341,"lat":8.11961,"lng":-80.6151},{"city":"Palmas Bellas","state":"Colón","population":1337,"lat":9.22838,"lng":-80.08503},{"city":"El Quiteño","state":"Chiriquí Province","population":1324,"lat":8.46974,"lng":-82.39365},{"city":"Los Lotes","state":"Panamá","population":1323,"lat":9.12542,"lng":-79.29101},{"city":"Mulatupo","state":"Guna Yala","population":1303,"lat":8.94672,"lng":-77.7508},{"city":"Coclé","state":"Coclé","population":1298,"lat":8.46515,"lng":-80.41547},{"city":"Llano Largo","state":"Panamá Oeste Province","population":1295,"lat":8.84258,"lng":-79.80144},{"city":"Manaca Norte","state":"Chiriquí Province","population":1294,"lat":8.33976,"lng":-82.80862},{"city":"Las Palmas","state":"Veraguas Province","population":1291,"lat":8.13623,"lng":-81.4541},{"city":"Cerro Azul","state":"Panamá","population":1287,"lat":9.15735,"lng":-79.42097},{"city":"La Palma","state":"Los Santos Province","population":1283,"lat":7.72857,"lng":-80.38226},{"city":"Cerro Cama","state":"Panamá Oeste Province","population":1274,"lat":9.02802,"lng":-79.90744},{"city":"Gómez","state":"Chiriquí Province","population":1257,"lat":8.56485,"lng":-82.74019},{"city":"Hato Montaña","state":"Panamá Oeste Province","population":1239,"lat":8.91938,"lng":-79.73915},{"city":"Espavé","state":"Panamá Oeste Province","population":1236,"lat":8.66339,"lng":-79.8725},{"city":"La Mesa","state":"Bocas del Toro Province","population":1235,"lat":9.49587,"lng":-82.67534},{"city":"Río Rita","state":"Colón","population":1222,"lat":9.30854,"lng":-79.79096},{"city":"Howard","state":"Panamá","population":1222,"lat":8.93942,"lng":-79.59097},{"city":"Manaca Civil","state":"Chiriquí Province","population":1220,"lat":8.32548,"lng":-82.81807},{"city":"Kankintú","state":"Ngöbe-Buglé Comarca","population":1218,"lat":8.84627,"lng":-81.81272},{"city":"Santo Domingo","state":"Chiriquí Province","population":1216,"lat":8.5104,"lng":-82.71365},{"city":"La Colorada","state":"Veraguas Province","population":1214,"lat":8.01472,"lng":-80.98432},{"city":"Garachiné","state":"Darién","population":1188,"lat":8.06684,"lng":-78.36436},{"city":"Punta Peña","state":"Bocas del Toro Province","population":1187,"lat":8.91659,"lng":-82.18488},{"city":"Potrerillos Abajo","state":"Chiriquí Province","population":1182,"lat":8.6452,"lng":-82.48567},{"city":"El Copé","state":"Coclé","population":1176,"lat":8.62036,"lng":-80.58433},{"city":"La Espigadilla","state":"Los Santos Province","population":1172,"lat":7.88778,"lng":-80.38893},{"city":"Valle de Riscó","state":"Bocas del Toro Province","population":1171,"lat":9.23118,"lng":-82.42969},{"city":"El Cortezo","state":"Coclé","population":1157,"lat":8.34617,"lng":-80.58705},{"city":"San Andrés","state":"Chiriquí Province","population":1152,"lat":8.6022,"lng":-82.72449},{"city":"La Tiza","state":"Los Santos Province","population":1150,"lat":7.75284,"lng":-80.28837},{"city":"Tijeras","state":"Chiriquí Province","population":1148,"lat":8.46926,"lng":-82.54838},{"city":"María Chiquita","state":"Colón","population":1146,"lat":9.44289,"lng":-79.75301},{"city":"Palmira","state":"Chiriquí Province","population":1144,"lat":8.73401,"lng":-82.45887},{"city":"La Palma","state":"Los Santos Province","population":1144,"lat":7.69185,"lng":-80.19202},{"city":"Churuquita Chiquita","state":"Coclé","population":1142,"lat":8.57347,"lng":-80.27652},{"city":"El Caño","state":"Coclé","population":1129,"lat":8.40784,"lng":-80.51722},{"city":"El Ejido","state":"Los Santos Province","population":1120,"lat":7.91724,"lng":-80.382},{"city":"El Espino de Santa Rosa","state":"Veraguas Province","population":1113,"lat":8.09286,"lng":-80.8238},{"city":"Sioguí Arriba","state":"Chiriquí Province","population":1112,"lat":8.53914,"lng":-82.68358},{"city":"Los Anastacios","state":"Chiriquí Province","population":1110,"lat":8.53027,"lng":-82.42295},{"city":"Pueblo Nuevo","state":"Ngöbe-Buglé Comarca","population":1109,"lat":8.8807,"lng":-82.22411},{"city":"La Enea","state":"Los Santos Province","population":1105,"lat":7.83227,"lng":-80.27314},{"city":"Bella Vista","state":"Los Santos Province","population":1104,"lat":7.74307,"lng":-80.23428},{"city":"Narganá","state":"Guna Yala","population":1090,"lat":9.44394,"lng":-78.58666},{"city":"Paso Canoas Arriba","state":"Chiriquí Province","population":1090,"lat":8.56516,"lng":-82.82214},{"city":"Celmira","state":"Chiriquí Province","population":1087,"lat":8.54508,"lng":-82.80207},{"city":"El Valle de La Unión","state":"Colón","population":1081,"lat":9.23804,"lng":-79.65955},{"city":"Alto de La Estancia","state":"Coclé","population":1081,"lat":8.59234,"lng":-80.17643},{"city":"Bugabita Arriba","state":"Chiriquí Province","population":1076,"lat":8.52573,"lng":-82.63834},{"city":"La Colorada","state":"Panamá","population":1076,"lat":9.10876,"lng":-79.41438},{"city":"Potrerillos Arriba","state":"Chiriquí Province","population":1074,"lat":8.68832,"lng":-82.4924},{"city":"Río Grande","state":"Coclé","population":1070,"lat":8.43189,"lng":-80.48699},{"city":"Caimito","state":"Chiriquí Province","population":1066,"lat":8.54658,"lng":-82.42088},{"city":"Finca Blanco","state":"Chiriquí Province","population":1063,"lat":8.38263,"lng":-82.87405},{"city":"Tubualá","state":"Guna Yala","population":1061,"lat":9.50959,"lng":-79.04492},{"city":"Río de Jesús","state":"Veraguas Province","population":1060,"lat":7.9839,"lng":-81.16141},{"city":"Llano de Piedra","state":"Los Santos Province","population":1054,"lat":7.66573,"lng":-80.56253},{"city":"Aguas Blancas","state":"Coclé","population":1053,"lat":8.50704,"lng":-80.3079},{"city":"San Félix","state":"Chiriquí Province","population":1051,"lat":8.29325,"lng":-81.86916},{"city":"Mata del Nance","state":"Chiriquí Province","population":1051,"lat":8.45169,"lng":-82.4003},{"city":"Cartí Sugtupu","state":"Guna Yala","population":1050,"lat":9.47065,"lng":-78.96119},{"city":"Entradero","state":"Coclé","population":1049,"lat":8.56674,"lng":-80.21255},{"city":"Villa Carmen","state":"Panamá Oeste Province","population":1043,"lat":8.80337,"lng":-79.86791},{"city":"Pueblo Viejo","state":"Chiriquí Province","population":1042,"lat":8.25081,"lng":-81.66259},{"city":"El Uvito","state":"Veraguas Province","population":1037,"lat":8.12017,"lng":-80.98392},{"city":"Caimito","state":"Coclé","population":1032,"lat":8.62454,"lng":-80.2385},{"city":"Chichica","state":"Ngöbe-Buglé Comarca","population":1026,"lat":8.36446,"lng":-81.66715},{"city":"Santa Ana Arriba","state":"Los Santos Province","population":1025,"lat":7.93457,"lng":-80.36378},{"city":"San Lorenzo","state":"Chiriquí Province","population":1025,"lat":8.30942,"lng":-82.10256},{"city":"Barrio Guadalupe","state":"Chiriquí Province","population":1019,"lat":8.86964,"lng":-82.56226},{"city":"El Coco","state":"Coclé","population":1017,"lat":8.39595,"lng":-80.35449},{"city":"Llano Largo","state":"Los Santos Province","population":1013,"lat":7.90859,"lng":-80.42397},{"city":"Las Lajas","state":"Chiriquí Province","population":1012,"lat":8.2452,"lng":-81.87006},{"city":"Agua Buena","state":"Los Santos Province","population":1012,"lat":7.83682,"lng":-80.39965},{"city":"Unión de Azuero","state":"Panamá","population":1004,"lat":9.15771,"lng":-79.16783},{"city":"Los Uveros","state":"Coclé","population":999,"lat":8.53363,"lng":-80.39424},{"city":"El Cristo","state":"Coclé","population":989,"lat":8.2535,"lng":-80.62035},{"city":"Santa Rita","state":"Panamá Oeste Province","population":987,"lat":8.85968,"lng":-79.88039},{"city":"Salamanca","state":"Colón","population":981,"lat":9.33632,"lng":-79.60297},{"city":"Vaquilla","state":"Coclé","population":980,"lat":8.69607,"lng":-80.19753},{"city":"Rincón Largo","state":"Chiriquí Province","population":979,"lat":8.52363,"lng":-82.40865},{"city":"Los Boquerones","state":"Veraguas Province","population":970,"lat":8.08196,"lng":-80.8529},{"city":"Santa Fe","state":"Veraguas Province","population":968,"lat":8.51185,"lng":-81.07789},{"city":"San Miguel","state":"Panamá","population":967,"lat":8.45685,"lng":-78.93695},{"city":"Los Canelos","state":"Herrera Province","population":965,"lat":8.12217,"lng":-80.70526},{"city":"Alto Quiel","state":"Chiriquí Province","population":963,"lat":8.80773,"lng":-82.47073},{"city":"La Mata","state":"Veraguas Province","population":959,"lat":8.08944,"lng":-80.87963},{"city":"Sajalices","state":"Panamá","population":945,"lat":8.68188,"lng":-79.86764},{"city":"Llano de Santa Rosa","state":"Panamá Oeste Province","population":944,"lat":8.76059,"lng":-79.86309},{"city":"Cañazas Abajo","state":"Veraguas Province","population":936,"lat":8.14693,"lng":-80.71882},{"city":"Gannirdup","state":"Guna Yala","population":930,"lat":8.90308,"lng":-77.69567},{"city":"Cermeño","state":"Panamá Oeste Province","population":928,"lat":8.74243,"lng":-79.84367},{"city":"El Cocal","state":"Los Santos Province","population":926,"lat":7.73848,"lng":-80.27892},{"city":"San Miguel Centro","state":"Coclé","population":926,"lat":8.74369,"lng":-80.18542},{"city":"Palmira Centro","state":"Chiriquí Province","population":920,"lat":8.74156,"lng":-82.4505},{"city":"Punta Delgadita","state":"Veraguas Province","population":919,"lat":8.11016,"lng":-80.94281},{"city":"Coloncito","state":"Panamá Oeste Province","population":918,"lat":8.56284,"lng":-79.89502},{"city":"Paso Blanco","state":"Panamá","population":915,"lat":9.12767,"lng":-79.24468},{"city":"Bágala","state":"Chiriquí Province","population":910,"lat":8.46711,"lng":-82.52688},{"city":"Tinajas","state":"Chiriquí Province","population":905,"lat":8.5592,"lng":-82.46217},{"city":"Río Congo","state":"Panamá Oeste Province","population":898,"lat":8.96733,"lng":-79.76017},{"city":"París","state":"Herrera Province","population":894,"lat":8.05267,"lng":-80.55379},{"city":"Las Minas","state":"Herrera Province","population":889,"lat":7.79947,"lng":-80.74573},{"city":"Veladero","state":"Chiriquí Province","population":885,"lat":8.23455,"lng":-81.65246},{"city":"Nuevo Guararé","state":"Panamá Oeste Province","population":885,"lat":8.9444,"lng":-79.71945},{"city":"La Estrella","state":"Chiriquí Province","population":885,"lat":8.51814,"lng":-82.67039},{"city":"Puerto Piña","state":"Darién","population":883,"lat":7.58297,"lng":-78.17777},{"city":"Querévalo","state":"Chiriquí Province","population":882,"lat":8.37236,"lng":-82.51989},{"city":"La Candelaria","state":"Coclé","population":881,"lat":8.43916,"lng":-80.49005},{"city":"Tubualá","state":"Guna Yala","population":877,"lat":8.92098,"lng":-77.72394},{"city":"Horconcitos","state":"Chiriquí Province","population":877,"lat":8.31466,"lng":-82.15334},{"city":"Boca de Cupe","state":"Darién","population":877,"lat":8.03464,"lng":-77.58614},{"city":"Nombre de Dios","state":"Colón","population":872,"lat":9.58154,"lng":-79.46846},{"city":"Chuchupate","state":"Chiriquí Province","population":868,"lat":8.43592,"lng":-82.86219},{"city":"Bijagual","state":"Coclé","population":865,"lat":8.37399,"lng":-80.26105},{"city":"San Carlos","state":"Panamá Oeste Province","population":857,"lat":8.47343,"lng":-79.95645},{"city":"Aguacatal","state":"Chiriquí Province","population":856,"lat":8.4667,"lng":-82.45559},{"city":"Gariché","state":"Chiriquí Province","population":852,"lat":8.48333,"lng":-82.78333},{"city":"Jacú","state":"Chiriquí Province","population":840,"lat":8.48361,"lng":-82.81641},{"city":"Caimito","state":"Panamá Oeste Province","population":836,"lat":8.81564,"lng":-79.94661},{"city":"Guacá Arriba","state":"Chiriquí Province","population":834,"lat":8.53952,"lng":-82.49408},{"city":"Paraíso","state":"Panamá","population":833,"lat":9.03315,"lng":-79.62749},{"city":"Berba","state":"Chiriquí Province","population":831,"lat":8.38391,"lng":-82.81417},{"city":"Remedios","state":"Chiriquí Province","population":829,"lat":8.22541,"lng":-81.82923},{"city":"Cañaveral","state":"Coclé","population":827,"lat":8.51667,"lng":-80.43044},{"city":"Santa María","state":"Chiriquí Province","population":827,"lat":8.44836,"lng":-82.84289},{"city":"Las Matas","state":"Chiriquí Province","population":823,"lat":8.30632,"lng":-81.86637},{"city":"Las Cruces","state":"Los Santos Province","population":823,"lat":7.8272,"lng":-80.42973},{"city":"Marica Abajo","state":"Coclé","population":823,"lat":8.54263,"lng":-80.40679},{"city":"Las Palmitas","state":"Los Santos Province","population":821,"lat":7.76697,"lng":-80.29035},{"city":"Las Lomas","state":"Coclé","population":821,"lat":8.50732,"lng":-80.37628},{"city":"Membrillo","state":"Coclé","population":818,"lat":8.58313,"lng":-80.21975},{"city":"Isla Tigre","state":"Guna Yala","population":817,"lat":9.43177,"lng":-78.52139},{"city":"San Valentín","state":"Chiriquí Province","population":814,"lat":8.36725,"lng":-82.77959},{"city":"Zapallal","state":"Darién","population":813,"lat":8.64945,"lng":-78.12862},{"city":"Cuervito Abajo","state":"Chiriquí Province","population":812,"lat":8.46397,"lng":-82.84121},{"city":"Balboa","state":"Panamá","population":807,"lat":8.94814,"lng":-79.56672},{"city":"Peña Blanca","state":"Los Santos Province","population":804,"lat":7.72035,"lng":-80.2837},{"city":"El Real de Santa María","state":"Darién","population":804,"lat":8.108,"lng":-77.734},{"city":"El Congo","state":"Coclé","population":803,"lat":8.44339,"lng":-80.42128},{"city":"Miraflores","state":"Coclé","population":799,"lat":8.62507,"lng":-80.27693},{"city":"Palmarito","state":"Chiriquí Province","population":797,"lat":8.82438,"lng":-82.82262},{"city":"Potuga","state":"Herrera Province","population":795,"lat":8.06588,"lng":-80.6209},{"city":"Calobre","state":"Veraguas Province","population":795,"lat":8.32078,"lng":-80.84104},{"city":"Chimán","state":"Panamá","population":786,"lat":8.71596,"lng":-78.63335},{"city":"Miraflores","state":"Chiriquí Province","population":786,"lat":8.84375,"lng":-82.83172},{"city":"Rincón de Las Palmas","state":"Coclé","population":781,"lat":8.55534,"lng":-80.25429},{"city":"Churubé Abajo","state":"Coclé","population":774,"lat":8.39889,"lng":-80.54156},{"city":"Dos Ríos Arriba","state":"Chiriquí Province","population":773,"lat":8.55166,"lng":-82.39811},{"city":"Montilla","state":"Chiriquí Province","population":772,"lat":8.46478,"lng":-82.47798},{"city":"El Sesteadero","state":"Los Santos Province","population":771,"lat":7.746,"lng":-80.25079},{"city":"Rincón Largo","state":"Veraguas Province","population":767,"lat":7.94614,"lng":-81.0645},{"city":"Orillas del Río","state":"Chiriquí Province","population":762,"lat":8.36119,"lng":-82.50791},{"city":"La Raya de Santa María","state":"Veraguas Province","population":757,"lat":8.16636,"lng":-80.81638},{"city":"San Miguel del Yuco","state":"Chiriquí Province","population":756,"lat":8.54404,"lng":-82.62442},{"city":"Portachuelo","state":"Chiriquí Province","population":743,"lat":8.47718,"lng":-82.42096},{"city":"La Colorada","state":"Panamá Oeste Province","population":742,"lat":8.98021,"lng":-79.91872},{"city":"Pueblo Nuevo","state":"Coclé","population":741,"lat":8.3909,"lng":-80.20478},{"city":"Bastimentos","state":"Bocas del Toro Province","population":738,"lat":9.34862,"lng":-82.21091},{"city":"Mendoza","state":"Panamá Oeste Province","population":729,"lat":9.01589,"lng":-79.84856},{"city":"Salitrosa","state":"Coclé","population":729,"lat":8.21066,"lng":-80.63674},{"city":"Pueblo Nuevo","state":"Darién","population":723,"lat":8.15155,"lng":-77.69198},{"city":"San Pedro","state":"Panamá","population":722,"lat":8.79462,"lng":-79.55475},{"city":"Loma de San Pedro","state":"Chiriquí Province","population":719,"lat":8.43188,"lng":-82.55204},{"city":"Tres Quebradas","state":"Los Santos Province","population":715,"lat":7.84018,"lng":-80.4074},{"city":"Monte Lirio","state":"Chiriquí Province","population":715,"lat":8.7933,"lng":-82.82453},{"city":"Rancho Café","state":"Panamá","population":711,"lat":9.12696,"lng":-79.37494},{"city":"Agua Buena","state":"Chiriquí Province","population":710,"lat":8.30002,"lng":-82.87038},{"city":"Alto Lino","state":"Chiriquí Province","population":706,"lat":8.80043,"lng":-82.4365},{"city":"Villa Alondra","state":"Colón","population":705,"lat":9.38912,"lng":-79.78216},{"city":"Machuca","state":"Coclé","population":702,"lat":8.62561,"lng":-80.54623},{"city":"Llano Sánchez","state":"Coclé","population":702,"lat":8.20148,"lng":-80.70487},{"city":"Cabuya","state":"Panamá Oeste Province","population":699,"lat":8.57656,"lng":-79.92335},{"city":"Nuevo Paraíso","state":"Bocas del Toro Province","population":699,"lat":9.28607,"lng":-82.41064},{"city":"San Carlitos","state":"Chiriquí Province","population":698,"lat":8.49096,"lng":-82.45503},{"city":"Tríbique","state":"Veraguas Province","population":693,"lat":7.99498,"lng":-81.31518},{"city":"Las Delicias","state":"Coclé","population":693,"lat":8.54112,"lng":-80.36612},{"city":"San Bartolo Línea","state":"Chiriquí Province","population":693,"lat":8.31417,"lng":-82.88106},{"city":"Rincón","state":"Chiriquí Province","population":692,"lat":8.46603,"lng":-82.28104},{"city":"La Meseta","state":"Chiriquí Province","population":691,"lat":8.5533,"lng":-82.59266},{"city":"Portón","state":"Chiriquí Province","population":689,"lat":8.56538,"lng":-82.78561},{"city":"Los Hatillos","state":"Herrera Province","population":687,"lat":7.93466,"lng":-80.53797},{"city":"El Bongo","state":"Veraguas Province","population":686,"lat":7.94858,"lng":-81.04838},{"city":"Puerto Indio","state":"Darién","population":686,"lat":8.02171,"lng":-78.20528},{"city":"San Pedro","state":"Coclé","population":677,"lat":8.72554,"lng":-80.22218},{"city":"El Nance","state":"Panamá Oeste Province","population":677,"lat":8.47092,"lng":-79.96581},{"city":"Pajonal Abajo","state":"Coclé","population":676,"lat":8.58479,"lng":-80.26354},{"city":"Pedernal","state":"Veraguas Province","population":675,"lat":8.14494,"lng":-80.784},{"city":"San Pablo Viejo Arriba","state":"Chiriquí Province","population":666,"lat":8.48323,"lng":-82.50401},{"city":"El Roble","state":"Chiriquí Province","population":666,"lat":8.5075,"lng":-82.77577},{"city":"San Francisco","state":"Chiriquí Province","population":665,"lat":8.63404,"lng":-82.72818},{"city":"La Soledad","state":"Veraguas Province","population":663,"lat":8.13604,"lng":-80.98963},{"city":"El Flor","state":"Chiriquí Province","population":660,"lat":8.57126,"lng":-82.43903},{"city":"El Porvenir","state":"Chiriquí Province","population":659,"lat":8.232,"lng":-81.83353},{"city":"San Vicente","state":"Chiriquí Province","population":656,"lat":8.59199,"lng":-82.63686},{"city":"Santo Tomás","state":"Chiriquí Province","population":653,"lat":8.39702,"lng":-82.64769},{"city":"Cañazas","state":"Panamá","population":653,"lat":8.9008,"lng":-78.22487},{"city":"Sambú","state":"Darién","population":653,"lat":8.0254,"lng":-78.20927},{"city":"Juan Gil","state":"Panamá","population":652,"lat":9.1806,"lng":-79.25622},{"city":"Ipetí Chocó","state":"Panamá","population":652,"lat":8.96991,"lng":-78.51469},{"city":"Piedra Candela","state":"Chiriquí Province","population":648,"lat":8.87551,"lng":-82.77789},{"city":"Pueblo Nuevo","state":"Chiriquí Province","population":647,"lat":8.3029,"lng":-82.10006},{"city":"El Santo","state":"Chiriquí Province","population":647,"lat":8.56507,"lng":-82.67772},{"city":"Icantí","state":"Panamá","population":644,"lat":9.21444,"lng":-78.68333},{"city":"Tavidal Arriba","state":"Coclé","population":643,"lat":8.67398,"lng":-80.17357},{"city":"Mocambo Arriba","state":"Panamá","population":642,"lat":9.07844,"lng":-79.56874},{"city":"San Juan del Tejal","state":"Chiriquí Province","population":641,"lat":8.48746,"lng":-82.49124},{"city":"Hato Chamí","state":"Ngöbe-Buglé Comarca","population":641,"lat":8.44853,"lng":-81.77025},{"city":"Chupampa","state":"Herrera Province","population":637,"lat":8.07714,"lng":-80.77832},{"city":"Armila","state":"Guna Yala","population":637,"lat":8.66269,"lng":-77.45142},{"city":"Cacao","state":"Panamá Oeste Province","population":636,"lat":8.76016,"lng":-80.01342},{"city":"Cerro Campana","state":"Panamá","population":635,"lat":8.70686,"lng":-79.91219},{"city":"Cerro El Castillo","state":"Panamá Oeste Province","population":630,"lat":8.96105,"lng":-79.67876},{"city":"Cañita","state":"Panamá","population":629,"lat":9.22236,"lng":-78.89509},{"city":"Las Guabas","state":"Coclé","population":625,"lat":8.388,"lng":-80.4477},{"city":"El Espino","state":"Veraguas Province","population":620,"lat":8.19469,"lng":-80.95956},{"city":"Los Olivos","state":"Los Santos Province","population":618,"lat":7.91852,"lng":-80.48801},{"city":"Monte Claro","state":"Panamá Oeste Province","population":618,"lat":8.92874,"lng":-79.66831},{"city":"Lajero","state":"Ngöbe-Buglé Comarca","population":617,"lat":8.29003,"lng":-81.77012},{"city":"Angostura de Cochea Arriba","state":"Chiriquí Province","population":615,"lat":8.5412,"lng":-82.37627},{"city":"Mata Ahogado","state":"Panamá Oeste Province","population":614,"lat":8.62764,"lng":-80.09683},{"city":"Cerro Ceniza","state":"Ngöbe-Buglé Comarca","population":612,"lat":8.34217,"lng":-81.7656},{"city":"Paritilla","state":"Los Santos Province","population":608,"lat":7.62928,"lng":-80.1742},{"city":"La Pita","state":"Panamá Oeste Province","population":608,"lat":8.81499,"lng":-79.84649},{"city":"Tobobe","state":"Ngöbe-Buglé Comarca","population":607,"lat":9.12079,"lng":-81.828},{"city":"Tambo","state":"Coclé","population":607,"lat":8.6622,"lng":-80.2942},{"city":"Toabré","state":"Coclé","population":603,"lat":8.65073,"lng":-80.32119},{"city":"Quebrada Pastor","state":"Bocas del Toro Province","population":602,"lat":9.20777,"lng":-82.36673},{"city":"Sorá","state":"Panamá Oeste Province","population":598,"lat":8.63451,"lng":-80.0093},{"city":"La Bonita","state":"Chiriquí Province","population":598,"lat":8.61903,"lng":-82.76392},{"city":"Santa Clara","state":"Coclé","population":597,"lat":8.38245,"lng":-80.1086},{"city":"Peña Prieta","state":"Ngöbe-Buglé Comarca","population":596,"lat":8.36876,"lng":-81.71975},{"city":"Turega","state":"Coclé","population":591,"lat":8.61219,"lng":-80.19513},{"city":"Alto de Capira","state":"Panamá Oeste Province","population":585,"lat":8.73653,"lng":-79.88313},{"city":"Guayabal","state":"Chiriquí Province","population":582,"lat":8.45986,"lng":-82.35146},{"city":"Buen Retiro","state":"Coclé","population":581,"lat":8.41774,"lng":-80.23462},{"city":"San José","state":"Herrera Province","population":580,"lat":7.95526,"lng":-80.84825},{"city":"La Tollosa","state":"Veraguas Province","population":580,"lat":7.99016,"lng":-81.32575},{"city":"Cerro Mosquito","state":"Ngöbe-Buglé Comarca","population":579,"lat":8.35275,"lng":-81.68975},{"city":"Santa Catalina","state":"Veraguas Province","population":578,"lat":7.6317,"lng":-81.25377},{"city":"El Barrero","state":"Coclé","population":576,"lat":8.15581,"lng":-80.6901},{"city":"Alto Quiel","state":"Chiriquí Province","population":576,"lat":8.72881,"lng":-82.88839},{"city":"Nuevo Tonosí","state":"Colón","population":575,"lat":9.55576,"lng":-79.61259},{"city":"Sabana Grande","state":"Herrera Province","population":574,"lat":7.88069,"lng":-80.63817},{"city":"Sófre","state":"Coclé","population":571,"lat":8.61881,"lng":-80.21893},{"city":"Mortí","state":"Darién","population":567,"lat":8.84246,"lng":-77.97539},{"city":"Las Ollas Abajo","state":"Panamá Oeste Province","population":566,"lat":8.84178,"lng":-79.90524},{"city":"Las Barreras","state":"Veraguas Province","population":566,"lat":8.10475,"lng":-80.99738},{"city":"El Higo","state":"Panamá Oeste Province","population":566,"lat":8.45034,"lng":-80.03671},{"city":"Palenque","state":"Colón","population":565,"lat":9.20928,"lng":-79.67702},{"city":"La Cresta","state":"Panamá Oeste Province","population":564,"lat":8.63805,"lng":-79.88031},{"city":"Punta Alegre","state":"Darién","population":563,"lat":8.29525,"lng":-78.25409},{"city":"La Pasera","state":"Los Santos Province","population":563,"lat":7.798,"lng":-80.30438},{"city":"Playa Leona","state":"Panamá Oeste Province","population":556,"lat":8.78868,"lng":-79.77237},{"city":"Palo Verde","state":"Coclé","population":556,"lat":8.38779,"lng":-80.19722},{"city":"Llano Grande","state":"Panamá","population":556,"lat":8.62787,"lng":-79.93129},{"city":"San Pedro del Espino","state":"Veraguas Province","population":554,"lat":8.13868,"lng":-81.08205},{"city":"Tebujo","state":"Ngöbe-Buglé Comarca","population":552,"lat":8.39593,"lng":-81.7263},{"city":"Río Potrero","state":"Panamá Oeste Province","population":552,"lat":8.95927,"lng":-79.69508},{"city":"Naranjal","state":"Panamá","population":552,"lat":9.13292,"lng":-79.22899},{"city":"El Potrero","state":"Coclé","population":550,"lat":8.52199,"lng":-80.5209},{"city":"Llano Limón","state":"Chiriquí Province","population":549,"lat":8.2493,"lng":-81.65498},{"city":"Las Minas","state":"Coclé","population":548,"lat":8.6421,"lng":-80.40036},{"city":"Nutiví","state":"Ngöbe-Buglé Comarca","population":546,"lat":8.87064,"lng":-81.84103},{"city":"El Banco","state":"Chiriquí Province","population":542,"lat":8.68939,"lng":-82.51104},{"city":"Los Remedios","state":"Veraguas Province","population":540,"lat":8.14315,"lng":-81.02362},{"city":"Isla Tigre","state":"Bocas del Toro Province","population":540,"lat":9.17561,"lng":-82.0822},{"city":"Las Tablas Abajo","state":"Los Santos Province","population":538,"lat":7.79376,"lng":-80.25254},{"city":"Llano Junco","state":"Ngöbe-Buglé Comarca","population":537,"lat":8.35317,"lng":-81.75445},{"city":"Cucunatí","state":"Darién","population":537,"lat":8.57906,"lng":-78.25579},{"city":"Pueblo Nuevo","state":"Chiriquí Province","population":535,"lat":8.53586,"lng":-82.50606},{"city":"Oma","state":"Ngöbe-Buglé Comarca","population":535,"lat":8.34565,"lng":-81.79827},{"city":"Pueblo Nuevo","state":"Chiriquí Province","population":534,"lat":8.58399,"lng":-82.42282},{"city":"Puerto Obaldía","state":"Guna Yala","population":533,"lat":8.66632,"lng":-77.41922},{"city":"Ualá","state":"Darién","population":532,"lat":8.98572,"lng":-78.06078},{"city":"San Miguel","state":"Panamá","population":532,"lat":9.22574,"lng":-79.2551},{"city":"Los Cerritos","state":"Herrera Province","population":531,"lat":7.79952,"lng":-80.60641},{"city":"El Chirú","state":"Coclé","population":531,"lat":8.40307,"lng":-80.18991},{"city":"Veladero","state":"Chiriquí Province","population":530,"lat":8.42836,"lng":-82.56738},{"city":"Cayo de Agua","state":"Bocas del Toro Province","population":529,"lat":9.15247,"lng":-82.05801},{"city":"Mortí","state":"Darién","population":528,"lat":8.85266,"lng":-77.9169},{"city":"Monte Verde","state":"Chiriquí Province","population":528,"lat":8.2762,"lng":-82.87135},{"city":"Ciruelito","state":"Coclé","population":526,"lat":8.45572,"lng":-80.44973},{"city":"San Cristóbal","state":"Bocas del Toro Province","population":525,"lat":9.28129,"lng":-82.26763},{"city":"La Esmeralda","state":"Panamá","population":524,"lat":8.26817,"lng":-78.9246},{"city":"San José","state":"Los Santos Province","population":523,"lat":7.67704,"lng":-80.24339},{"city":"La Mata","state":"Coclé","population":522,"lat":8.47239,"lng":-80.09644},{"city":"Sabana Grande","state":"Los Santos Province","population":521,"lat":7.83876,"lng":-80.36595},{"city":"Majagual","state":"Chiriquí Province","population":521,"lat":8.33074,"lng":-82.76336},{"city":"Hicaco","state":"Veraguas Province","population":520,"lat":7.6547,"lng":-81.20307},{"city":"Finca Corredor","state":"Chiriquí Province","population":520,"lat":8.34568,"lng":-82.87399},{"city":"Pueblito de San Juan","state":"Chiriquí Province","population":515,"lat":8.2637,"lng":-81.97478},{"city":"La Sonadora","state":"Coclé","population":515,"lat":8.55319,"lng":-80.32911},{"city":"Camarón Arriba","state":"Ngöbe-Buglé Comarca","population":515,"lat":8.38774,"lng":-81.9965},{"city":"Los Chiricanos","state":"Bocas del Toro Province","population":513,"lat":8.97805,"lng":-82.21438},{"city":"Piedras Gordas","state":"Coclé","population":510,"lat":8.63886,"lng":-80.51137},{"city":"Los Castillos","state":"Veraguas Province","population":510,"lat":8.02459,"lng":-81.11667},{"city":"Ponuga","state":"Veraguas Province","population":509,"lat":7.88273,"lng":-80.97709},{"city":"Chiguirí Arriba","state":"Coclé","population":509,"lat":8.67545,"lng":-80.18906},{"city":"Los Pozos","state":"Herrera Province","population":508,"lat":7.78805,"lng":-80.64569},{"city":"Puerto Vidal","state":"Veraguas Province","population":506,"lat":8.04934,"lng":-81.60454},{"city":"Guabas Arriba","state":"Coclé","population":506,"lat":8.46759,"lng":-80.26181},{"city":"Villa Darién","state":"Darién","population":502,"lat":8.54518,"lng":-78.00797},{"city":"Finca Balsa","state":"Chiriquí Province","population":502,"lat":8.42891,"lng":-82.89726},{"city":"Mague","state":"Chiriquí Province","population":501,"lat":8.66699,"lng":-82.36454},{"city":"Quebrada Honda","state":"Darién","population":501,"lat":8.63607,"lng":-78.11224},{"city":"Portobelillo","state":"Herrera Province","population":497,"lat":8.01746,"lng":-80.59781},{"city":"Buenos Aires","state":"Panamá Oeste Province","population":496,"lat":8.63146,"lng":-79.94775},{"city":"Pocrí","state":"Los Santos Province","population":494,"lat":7.66022,"lng":-80.11946},{"city":"Plan de Chorcha","state":"Ngöbe-Buglé Comarca","population":490,"lat":8.46507,"lng":-82.16439},{"city":"Cerro Banco","state":"Ngöbe-Buglé Comarca","population":487,"lat":8.4603,"lng":-82.03186},{"city":"Las Uvas","state":"Panamá Oeste Province","population":482,"lat":8.46132,"lng":-79.99613},{"city":"Guarumal","state":"Veraguas Province","population":477,"lat":7.79886,"lng":-81.25846},{"city":"Bayamón","state":"Emberá","population":457,"lat":7.96817,"lng":-78.21648},{"city":"Quebrada de Piedra","state":"Chiriquí Province","population":455,"lat":8.0954,"lng":-81.68291},{"city":"Los Naranjos","state":"Chiriquí Province","population":452,"lat":8.79419,"lng":-82.44557},{"city":"El Pedregoso","state":"Herrera Province","population":452,"lat":7.93961,"lng":-80.63757},{"city":"Las Huacas del Quije","state":"Coclé","population":451,"lat":8.46702,"lng":-80.75089},{"city":"El Retiro","state":"Coclé","population":450,"lat":8.47725,"lng":-80.15732},{"city":"Cordillera","state":"Chiriquí Province","population":444,"lat":8.70851,"lng":-82.60118},{"city":"Flores","state":"Los Santos Province","population":440,"lat":7.48657,"lng":-80.40594},{"city":"Llano Grande","state":"Coclé","population":438,"lat":8.63465,"lng":-80.43986},{"city":"San Pablo Nuevo","state":"Chiriquí Province","population":435,"lat":8.42771,"lng":-82.50012},{"city":"Cochea Abajo","state":"Chiriquí Province","population":435,"lat":8.50702,"lng":-82.36041},{"city":"Chumical","state":"Herrera Province","population":433,"lat":7.84639,"lng":-80.73661},{"city":"Los Asientos","state":"Los Santos Province","population":430,"lat":7.51848,"lng":-80.13289},{"city":"La Ermita","state":"Panamá Oeste Province","population":426,"lat":8.46071,"lng":-80.07105},{"city":"Guayabito","state":"Ngöbe-Buglé Comarca","population":420,"lat":8.53956,"lng":-81.48209},{"city":"Cabuya","state":"Herrera Province","population":417,"lat":8.03097,"lng":-80.63108},{"city":"Las Guías Abajo","state":"Veraguas Province","population":416,"lat":8.19838,"lng":-80.75699},{"city":"Unión Santeña","state":"Panamá","population":413,"lat":8.83502,"lng":-78.6489},{"city":"Nuevo Chagres","state":"Colón","population":410,"lat":9.23979,"lng":-80.08267},{"city":"Villa Lourdes","state":"Los Santos Province","population":410,"lat":7.80985,"lng":-80.4723},{"city":"Rovira Arriba","state":"Chiriquí Province","population":403,"lat":8.6389,"lng":-82.50341},{"city":"Los Castillos","state":"Herrera Province","population":400,"lat":7.98744,"lng":-80.61926},{"city":"Buenos Aires","state":"Ngöbe-Buglé Comarca","population":400,"lat":8.41453,"lng":-81.47993},{"city":"San Juan de Dios","state":"Coclé","population":400,"lat":8.55119,"lng":-80.22623},{"city":"San Carlos","state":"Chiriquí Province","population":392,"lat":8.5205,"lng":-82.50465},{"city":"La Mesa","state":"Los Santos Province","population":392,"lat":7.66161,"lng":-80.61902},{"city":"Coclé del Norte","state":"Colón","population":388,"lat":9.0754,"lng":-80.57177},{"city":"Viento Frío","state":"Colón","population":387,"lat":9.58263,"lng":-79.4069},{"city":"Santa Cruz","state":"Chiriquí Province","population":386,"lat":8.23534,"lng":-81.91268},{"city":"Olá","state":"Coclé","population":384,"lat":8.42024,"lng":-80.65051},{"city":"La Laja","state":"Los Santos Province","population":383,"lat":7.73378,"lng":-80.25069},{"city":"Bahía Azul","state":"Ngöbe-Buglé Comarca","population":379,"lat":9.14176,"lng":-81.89425},{"city":"Zapotillo","state":"Veraguas Province","population":375,"lat":8.00719,"lng":-81.50917},{"city":"Cañas Gordas","state":"Chiriquí Province","population":374,"lat":8.74716,"lng":-82.9172},{"city":"Cambutal","state":"Los Santos Province","population":370,"lat":7.26573,"lng":-80.48725},{"city":"Lolá","state":"Veraguas Province","population":364,"lat":8.09263,"lng":-81.46653},{"city":"El Manantial","state":"Los Santos Province","population":363,"lat":7.78394,"lng":-80.24247},{"city":"Alto de Jesús","state":"Veraguas Province","population":361,"lat":8.26152,"lng":-81.48412},{"city":"Rincón Hondo","state":"Herrera Province","population":359,"lat":7.84213,"lng":-80.60296},{"city":"El Guabo","state":"Colón","population":359,"lat":9.08504,"lng":-80.08429},{"city":"Peñas Chatas","state":"Herrera Province","population":358,"lat":8.01788,"lng":-80.80217},{"city":"Púcuro","state":"Darién","population":355,"lat":7.97876,"lng":-77.48758},{"city":"Palenque","state":"Colón","population":355,"lat":9.57353,"lng":-79.35761},{"city":"Caldera","state":"Chiriquí Province","population":355,"lat":8.65419,"lng":-82.37991},{"city":"Boca del Monte","state":"Chiriquí Province","population":355,"lat":8.35644,"lng":-82.11687},{"city":"Guararé Arriba","state":"Los Santos Province","population":350,"lat":7.80798,"lng":-80.35919},{"city":"Miramar","state":"Bocas del Toro Province","population":346,"lat":8.9975,"lng":-82.24344},{"city":"El Carate","state":"Los Santos Province","population":345,"lat":7.73198,"lng":-80.2954},{"city":"Los Ángeles","state":"Los Santos Province","population":342,"lat":7.88463,"lng":-80.35497},{"city":"Lajas Adentro","state":"Chiriquí Province","population":342,"lat":8.24933,"lng":-81.87966},{"city":"Lajamina","state":"Los Santos Province","population":330,"lat":7.59019,"lng":-80.13236},{"city":"Llano Grande","state":"Veraguas Province","population":328,"lat":8.07559,"lng":-81.13475},{"city":"Boró","state":"Veraguas Province","population":326,"lat":8.17201,"lng":-81.30121},{"city":"Cerro Caña","state":"Ngöbe-Buglé Comarca","population":319,"lat":8.34883,"lng":-81.61539},{"city":"La Arenosa","state":"Panamá Oeste Province","population":319,"lat":9.04223,"lng":-79.94958},{"city":"Cañas","state":"Los Santos Province","population":318,"lat":7.44808,"lng":-80.26276},{"city":"Limones","state":"Chiriquí Province","population":315,"lat":8.10094,"lng":-82.86591},{"city":"Utirá","state":"Veraguas Province","population":312,"lat":7.9749,"lng":-81.21726},{"city":"La Laguna","state":"Panamá Oeste Province","population":312,"lat":9.04426,"lng":-79.83907},{"city":"Corozal","state":"Emberá","population":309,"lat":8.20108,"lng":-77.59637},{"city":"Llano Abajo","state":"Los Santos Province","population":304,"lat":7.79387,"lng":-80.40763},{"city":"Boca de Balsa","state":"Ngöbe-Buglé Comarca","population":304,"lat":8.52995,"lng":-82.03132},{"city":"Hato Corotú","state":"Ngöbe-Buglé Comarca","population":303,"lat":8.33516,"lng":-81.9703},{"city":"El Rincón","state":"Veraguas Province","population":300,"lat":8.18437,"lng":-81.43156},{"city":"Llano Ñopo","state":"Ngöbe-Buglé Comarca","population":289,"lat":8.42412,"lng":-81.61598},{"city":"El Nancito","state":"Chiriquí Province","population":288,"lat":8.24124,"lng":-81.73207},{"city":"Nueva Arenosa","state":"Panamá Oeste Province","population":283,"lat":8.8697,"lng":-79.99655},{"city":"Quebrada Tula","state":"Ngöbe-Buglé Comarca","population":283,"lat":8.83988,"lng":-81.9974},{"city":"El Pedregoso","state":"Los Santos Province","population":279,"lat":7.69468,"lng":-80.32708},{"city":"Santa Cruz","state":"Chiriquí Province","population":274,"lat":8.6463,"lng":-82.76055},{"city":"El Tejar","state":"Chiriquí Province","population":267,"lat":8.43186,"lng":-82.56908},{"city":"El Cacao","state":"Los Santos Province","population":261,"lat":7.44928,"lng":-80.40355},{"city":"Bijagual","state":"Chiriquí Province","population":257,"lat":8.51486,"lng":-82.33361},{"city":"Santa Isabel","state":"Colón","population":256,"lat":9.53922,"lng":-79.1957},{"city":"Chepillo","state":"Panamá","population":255,"lat":8.95396,"lng":-79.12856},{"city":"Palmira","state":"Colón","population":254,"lat":9.54686,"lng":-79.21541},{"city":"El Peñón","state":"Veraguas Province","population":254,"lat":8.35084,"lng":-80.97446},{"city":"Toza","state":"Coclé","population":253,"lat":8.34524,"lng":-80.64114},{"city":"La Laguna","state":"Panamá Oeste Province","population":253,"lat":8.60598,"lng":-80.04721},{"city":"Cerro Viejo","state":"Chiriquí Province","population":253,"lat":8.25399,"lng":-81.57524},{"city":"Contadora","state":"Panamá","population":253,"lat":8.62483,"lng":-79.03748},{"city":"La Montañuela","state":"Veraguas Province","population":251,"lat":8.0244,"lng":-80.8568},{"city":"Los Ángeles","state":"Chiriquí Province","population":250,"lat":8.52571,"lng":-82.20286},{"city":"Ciricito de Los Sotos","state":"Panamá Oeste Province","population":250,"lat":8.97582,"lng":-80.09253},{"city":"Sitio Prado","state":"Ngöbe-Buglé Comarca","population":248,"lat":8.37281,"lng":-81.57998},{"city":"Paraíso","state":"Chiriquí Province","population":242,"lat":8.66271,"lng":-82.59078},{"city":"El Cortezo","state":"Los Santos Province","population":239,"lat":7.42906,"lng":-80.63256},{"city":"Brujas","state":"Panamá","population":239,"lat":8.5861,"lng":-78.53145},{"city":"Nuestro Amo","state":"Coclé","population":235,"lat":8.44835,"lng":-80.59356},{"city":"Lajas de Tolé","state":"Chiriquí Province","population":235,"lat":8.16994,"lng":-81.69654},{"city":"Paraíso","state":"Los Santos Province","population":234,"lat":7.68714,"lng":-80.15896},{"city":"La Raya de Calobre","state":"Veraguas Province","population":233,"lat":8.22062,"lng":-80.8256},{"city":"Perales","state":"Los Santos Province","population":230,"lat":7.77687,"lng":-80.3214},{"city":"Breñón","state":"Chiriquí Province","population":230,"lat":8.62626,"lng":-82.81349},{"city":"Guzmán","state":"Coclé","population":228,"lat":8.52264,"lng":-80.58554},{"city":"Calidonia","state":"Veraguas Province","population":228,"lat":7.95756,"lng":-81.38633},{"city":"Bayano","state":"Los Santos Province","population":224,"lat":7.6381,"lng":-80.38466},{"city":"Guayabal","state":"Chiriquí Province","population":220,"lat":8.61788,"lng":-82.57915},{"city":"Boca Chica","state":"Chiriquí Province","population":215,"lat":8.22038,"lng":-82.21852},{"city":"El Barrito","state":"Veraguas Province","population":212,"lat":7.95897,"lng":-80.94822},{"city":"Santa Rosa","state":"Chiriquí Province","population":207,"lat":8.60306,"lng":-82.68456},{"city":"Paredón Arriba","state":"Ngöbe-Buglé Comarca","population":207,"lat":8.45455,"lng":-81.19375},{"city":"El Marañón","state":"Veraguas Province","population":205,"lat":8.03645,"lng":-81.21473},{"city":"El Hato","state":"Los Santos Province","population":204,"lat":7.79553,"lng":-80.38281},{"city":"Llano Grande","state":"Herrera Province","population":203,"lat":7.97438,"lng":-80.70933},{"city":"Vallerriquito","state":"Los Santos Province","population":196,"lat":7.62227,"lng":-80.31656},{"city":"La Arena","state":"Herrera Province","population":194,"lat":7.75128,"lng":-80.59208},{"city":"San Juan","state":"Veraguas Province","population":193,"lat":8.3032,"lng":-81.01346},{"city":"Las Guabas","state":"Los Santos Province","population":192,"lat":7.81469,"lng":-80.50155},{"city":"Bajo Corral","state":"Los Santos Province","population":192,"lat":7.60637,"lng":-80.25857},{"city":"Tebario","state":"Veraguas Province","population":190,"lat":7.7192,"lng":-80.97464},{"city":"El Copé","state":"Coclé","population":190,"lat":8.43927,"lng":-80.68009},{"city":"Corozal","state":"Veraguas Province","population":189,"lat":8.08092,"lng":-81.43504},{"city":"Llano de La Cruz","state":"Herrera Province","population":188,"lat":7.95634,"lng":-80.64061},{"city":"Pitaloza Arriba","state":"Herrera Province","population":188,"lat":7.64208,"lng":-80.66903},{"city":"Líbano","state":"Panamá Oeste Province","population":183,"lat":8.61865,"lng":-79.83191},{"city":"Las Huacas","state":"Veraguas Province","population":180,"lat":7.9033,"lng":-81.14002},{"city":"El Guásimo","state":"Los Santos Province","population":179,"lat":7.80936,"lng":-80.52698},{"city":"Camogantí","state":"Darién","population":179,"lat":8.04171,"lng":-77.88682},{"city":"Valle Rico","state":"Los Santos Province","population":178,"lat":7.62011,"lng":-80.35076},{"city":"El Toro","state":"Herrera Province","population":176,"lat":7.75338,"lng":-80.86918},{"city":"Yape","state":"Emberá","population":170,"lat":8.09839,"lng":-77.59817},{"city":"El Cedro","state":"Herrera Province","population":170,"lat":7.68744,"lng":-80.65817},{"city":"Cerro Largo","state":"Herrera Province","population":170,"lat":7.83898,"lng":-80.83082},{"city":"El Potrero","state":"Veraguas Province","population":168,"lat":8.38498,"lng":-80.80074},{"city":"Las Guabas","state":"Herrera Province","population":165,"lat":7.91059,"lng":-80.80535},{"city":"El Picador","state":"Veraguas Province","population":163,"lat":8.37954,"lng":-81.25496},{"city":"Cerro Plata","state":"Ngöbe-Buglé Comarca","population":162,"lat":8.47733,"lng":-81.54585},{"city":"El Muñoz","state":"Los Santos Province","population":161,"lat":7.67623,"lng":-80.32063},{"city":"San Bartolo","state":"Veraguas Province","population":158,"lat":8.21275,"lng":-81.27633},{"city":"La Colorada","state":"Los Santos Province","population":158,"lat":7.82754,"lng":-80.55704},{"city":"Paja de Sombrero","state":"Chiriquí Province","population":157,"lat":8.68609,"lng":-82.32155},{"city":"Miramar","state":"Colón","population":154,"lat":9.57544,"lng":-79.33573},{"city":"Las Trancas","state":"Los Santos Province","population":153,"lat":7.73643,"lng":-80.37259},{"city":"Punta Róbalo","state":"Bocas del Toro Province","population":149,"lat":9.03793,"lng":-82.2477},{"city":"Guabal","state":"Chiriquí Province","population":147,"lat":8.57466,"lng":-82.5373},{"city":"Monjarás","state":"Veraguas Province","population":146,"lat":8.37167,"lng":-80.86573},{"city":"Los Llanitos","state":"Panamá Oeste Province","population":146,"lat":8.59853,"lng":-80.0932},{"city":"El Cañafístulo","state":"Los Santos Province","population":141,"lat":7.62097,"lng":-80.23161},{"city":"Bisvalles","state":"Veraguas Province","population":141,"lat":8.18465,"lng":-81.22107},{"city":"Rodeo Viejo","state":"Veraguas Province","population":140,"lat":8.11506,"lng":-81.31593},{"city":"El Calabacito","state":"Herrera Province","population":134,"lat":7.72053,"lng":-80.59716},{"city":"Bahía Honda","state":"Los Santos Province","population":131,"lat":7.70901,"lng":-80.45139},{"city":"Los Higos","state":"Veraguas Province","population":127,"lat":8.20553,"lng":-80.86022},{"city":"Arosemena","state":"Panamá Oeste Province","population":127,"lat":8.97343,"lng":-79.96527},{"city":"El Capurí","state":"Herrera Province","population":124,"lat":7.72598,"lng":-80.64352},{"city":"La Trinidad","state":"Herrera Province","population":123,"lat":7.91635,"lng":-80.70397},{"city":"Quebrada del Rosario","state":"Herrera Province","population":123,"lat":7.71238,"lng":-80.74222},{"city":"La Yeguada","state":"Veraguas Province","population":122,"lat":8.43186,"lng":-80.85667},{"city":"Ave María","state":"Los Santos Province","population":120,"lat":7.32481,"lng":-80.45361},{"city":"Oria Arriba","state":"Los Santos Province","population":118,"lat":7.50749,"lng":-80.20603},{"city":"Calovébora","state":"Veraguas Province","population":117,"lat":8.78703,"lng":-81.21056},{"city":"Caballero","state":"Coclé","population":114,"lat":8.54507,"lng":-80.19718},{"city":"El Pájaro","state":"Veraguas Province","population":112,"lat":7.9567,"lng":-81.11836},{"city":"Quebro","state":"Veraguas Province","population":111,"lat":7.43867,"lng":-80.88592},{"city":"Viguí","state":"Veraguas Province","population":110,"lat":8.3399,"lng":-81.49752},{"city":"Playa Chiquita","state":"Colón","population":105,"lat":9.5662,"lng":-79.29185},{"city":"La Miel","state":"Los Santos Province","population":102,"lat":7.56022,"lng":-80.32736},{"city":"Calabacito","state":"Veraguas Province","population":100,"lat":8.24545,"lng":-81.07978},{"city":"Arenas","state":"Veraguas Province","population":97,"lat":7.37003,"lng":-80.85949},{"city":"Piedras Gordas","state":"Veraguas Province","population":94,"lat":8.52625,"lng":-80.91031},{"city":"La Ensenada","state":"Panamá","population":94,"lat":8.36618,"lng":-78.84606},{"city":"Palmira","state":"Los Santos Province","population":93,"lat":7.66347,"lng":-80.35728},{"city":"Cabuya","state":"Coclé","population":93,"lat":8.54703,"lng":-80.16756},{"city":"Cedro Arriba","state":"Los Santos Province","population":93,"lat":7.78146,"lng":-80.53109},{"city":"Nuario","state":"Los Santos Province","population":92,"lat":7.52707,"lng":-80.31998},{"city":"El Pantano","state":"Veraguas Province","population":92,"lat":8.5347,"lng":-81.06936},{"city":"Guayabito","state":"Panamá Oeste Province","population":89,"lat":8.54994,"lng":-80.01271},{"city":"Las Sabanas","state":"Coclé","population":88,"lat":8.58284,"lng":-80.68049},{"city":"El María","state":"Veraguas Province","population":87,"lat":8.02905,"lng":-81.44384},{"city":"La Garceana","state":"Veraguas Province","population":85,"lat":7.94061,"lng":-81.01511},{"city":"El Alto","state":"Veraguas Province","population":85,"lat":8.51178,"lng":-81.0364},{"city":"San José","state":"Veraguas Province","population":84,"lat":8.46578,"lng":-80.80365},{"city":"La Guinea","state":"Panamá","population":83,"lat":8.34267,"lng":-78.93},{"city":"Mogollón","state":"Los Santos Province","population":79,"lat":7.64923,"lng":-80.45718},{"city":"La Tronosa","state":"Los Santos Province","population":79,"lat":7.43618,"lng":-80.58971},{"city":"Pásiga","state":"Panamá","population":77,"lat":8.94079,"lng":-78.90895},{"city":"Río Hondo","state":"Los Santos Province","population":76,"lat":7.71429,"lng":-80.35734},{"city":"Barnizal","state":"Veraguas Province","population":74,"lat":8.4046,"lng":-80.77765},{"city":"Quebrada de Oro","state":"Veraguas Province","population":73,"lat":8.03548,"lng":-81.38692},{"city":"Río Grande","state":"Veraguas Province","population":71,"lat":7.71907,"lng":-81.33423},{"city":"Leones Arriba","state":"Herrera Province","population":71,"lat":7.77035,"lng":-80.85126},{"city":"Las Marias","state":"Coclé","population":71,"lat":8.89007,"lng":-80.22004},{"city":"Punta Laurel","state":"Bocas del Toro Province","population":69,"lat":9.14124,"lng":-82.12696},{"city":"Leones Arriba","state":"Veraguas Province","population":69,"lat":7.75415,"lng":-81.11556},{"city":"San Marcelo","state":"Veraguas Province","population":66,"lat":8.27229,"lng":-81.14648},{"city":"Los Cerros de Paja","state":"Herrera Province","population":61,"lat":7.72064,"lng":-80.67081},{"city":"Limón de Tijeras","state":"Herrera Province","population":56,"lat":7.82269,"lng":-80.91598},{"city":"La Laguna","state":"Veraguas Province","population":52,"lat":8.34088,"lng":-80.72931},{"city":"Barranco Colorado","state":"Coclé","population":52,"lat":8.38777,"lng":-80.63673},{"city":"Cauchero","state":"Bocas del Toro Province","population":40,"lat":9.15226,"lng":-82.2645},{"city":"Boquerón","state":"Veraguas Province","population":38,"lat":8.24351,"lng":-80.85837},{"city":"El Macano","state":"Los Santos Province","population":34,"lat":7.68778,"lng":-80.40533},{"city":"El Cocla","state":"Veraguas Province","population":32,"lat":8.32179,"lng":-80.91809},{"city":"Loma Yuca","state":"Ngöbe-Buglé Comarca","population":17,"lat":8.72184,"lng":-81.40208},{"city":"Las Palmas","state":"Los Santos Province","population":13,"lat":7.68314,"lng":-80.49728},{"city":"El Porvenir","state":"Guna Yala","population":10,"lat":9.55276,"lng":-78.9523},{"city":"Las Zangüengas","state":"Panamá Oeste Province","population":0,"lat":8.95811,"lng":-79.86979},{"city":"Tucutí","state":"Darién","population":0,"lat":7.96014,"lng":-77.9322},{"city":"Pueblo Nuevo","state":"Darién","population":0,"lat":8.15362,"lng":-78.24442},{"city":"Soloy","state":"Ngöbe-Buglé Comarca","population":0,"lat":8.49692,"lng":-82.07202},{"city":"Setegantí","state":"Darién","population":0,"lat":8.29398,"lng":-78.08924},{"city":"Sardinilla","state":"Colón","population":0,"lat":9.30311,"lng":-79.63616},{"city":"Santa Rosa Número Uno","state":"Panamá Oeste Province","population":0,"lat":8.86834,"lng":-80.09771},{"city":"Santa Rita","state":"Coclé","population":0,"lat":8.49613,"lng":-80.19038},{"city":"Santa Catalina","state":"Ngöbe-Buglé Comarca","population":0,"lat":8.78112,"lng":-81.33507},{"city":"San Juan","state":"Chiriquí Province","population":0,"lat":8.27962,"lng":-81.99544},{"city":"San José","state":"Veraguas Province","population":0,"lat":8.37052,"lng":-81.41527},{"city":"San Francisco","state":"Panamá","population":0,"lat":8.99235,"lng":-79.50818},{"city":"San Antonio","state":"Veraguas Province","population":0,"lat":8.0722,"lng":-80.92971},{"city":"Salud","state":"Colón","population":0,"lat":9.2067,"lng":-80.13205},{"city":"Río Grande","state":"Ngöbe-Buglé Comarca","population":0,"lat":8.61713,"lng":-81.3033},{"city":"Arco Iris","state":"Colón","population":0,"lat":9.33818,"lng":-79.89245},{"city":"Quebrada del Rosario Arriba","state":"Herrera Province","population":0,"lat":7.71758,"lng":-80.73888},{"city":"Quebrada de Loro","state":"Ngöbe-Buglé Comarca","population":0,"lat":8.35442,"lng":-81.91803},{"city":"Potrero de Caña","state":"Ngöbe-Buglé Comarca","population":0,"lat":8.29102,"lng":-81.69698},{"city":"Pinogana","state":"Darién","population":0,"lat":8.11724,"lng":-77.68307},{"city":"Piedra Roja","state":"Ngöbe-Buglé Comarca","population":0,"lat":8.5703,"lng":-81.74661},{"city":"Peña Blanca","state":"Ngöbe-Buglé Comarca","population":0,"lat":8.47011,"lng":-81.68797},{"city":"Paya","state":"Darién","population":0,"lat":7.90575,"lng":-77.40374},{"city":"Palo Grande","state":"Chiriquí Province","population":0,"lat":8.35163,"lng":-82.60639},{"city":"Nueva Providencia","state":"Colón","population":0,"lat":9.26333,"lng":-79.81556},{"city":"Miguel de La Borda","state":"Colón","population":0,"lat":9.15398,"lng":-80.30595},{"city":"Mariabé","state":"Los Santos Province","population":0,"lat":7.58343,"lng":-80.06419},{"city":"Maraca","state":"Ngöbe-Buglé Comarca","population":0,"lat":8.37613,"lng":-81.73334},{"city":"Los Valles","state":"Veraguas Province","population":0,"lat":8.44613,"lng":-81.19663},{"city":"Los Corotúes","state":"Veraguas Province","population":0,"lat":8.41171,"lng":-81.0997},{"city":"Llano Tugrí","state":"Ngöbe-Buglé Comarca","population":0,"lat":8.47927,"lng":-81.71211},{"city":"Llano Grande","state":"Coclé","population":0,"lat":8.45505,"lng":-80.23041},{"city":"Las Ollas Arriba","state":"Panamá Oeste Province","population":0,"lat":8.81282,"lng":-79.90055},{"city":"La Soledad","state":"Veraguas Province","population":0,"lat":7.87885,"lng":-81.26793},{"city":"Las Cabras","state":"Herrera Province","population":0,"lat":7.87704,"lng":-80.54811},{"city":"Gobernadora","state":"Veraguas Province","population":0,"lat":7.55931,"lng":-81.18553},{"city":"Lagarterita","state":"Panamá Oeste Province","population":0,"lat":9.07944,"lng":-79.91389},{"city":"La Encantada","state":"Colón","population":0,"lat":9.09705,"lng":-80.19306},{"city":"La Carrillo","state":"Veraguas Province","population":0,"lat":7.97016,"lng":-80.88166},{"city":"La Cabuya","state":"Herrera Province","population":0,"lat":7.98516,"lng":-80.76414},{"city":"La Boca del Guásimo","state":"Colón","population":0,"lat":9.05829,"lng":-80.33142},{"city":"Juay","state":"Chiriquí Province","population":0,"lat":8.2869,"lng":-81.94759},{"city":"Jaramillo Arriba","state":"Chiriquí Province","population":0,"lat":8.78621,"lng":-82.4231},{"city":"Hato Pilón","state":"Ngöbe-Buglé Comarca","population":0,"lat":8.40172,"lng":-81.86809},{"city":"Hato Julí","state":"Ngöbe-Buglé Comarca","population":0,"lat":8.35259,"lng":-81.84839},{"city":"Hato Jobo","state":"Ngöbe-Buglé Comarca","population":0,"lat":8.41025,"lng":-81.89239},{"city":"Hato Culantro","state":"Ngöbe-Buglé Comarca","population":0,"lat":8.47209,"lng":-81.86204},{"city":"Gonzalo Vásquez","state":"Panamá","population":0,"lat":8.41976,"lng":-78.45189},{"city":"Gobea","state":"Colón","population":0,"lat":9.16794,"lng":-80.25383},{"city":"Gatú","state":"Veraguas Province","population":0,"lat":8.52817,"lng":-80.95721},{"city":"Puerto Lindo","state":"Colón","population":0,"lat":9.60539,"lng":-79.58564},{"city":"El Prado","state":"Veraguas Province","population":0,"lat":8.23667,"lng":-81.50097},{"city":"El Piro","state":"Ngöbe-Buglé Comarca","population":0,"lat":8.21185,"lng":-81.5315},{"city":"Pilón","state":"Veraguas Province","population":0,"lat":7.95679,"lng":-81.07226},{"city":"El Pájaro","state":"Herrera Province","population":0,"lat":7.94741,"lng":-80.57407},{"city":"Salto Dupí","state":"Ngöbe-Buglé Comarca","population":0,"lat":8.35043,"lng":-81.88822},{"city":"El Limón","state":"Herrera Province","population":0,"lat":8.05889,"lng":-80.77205},{"city":"El Espino Amarillo","state":"Los Santos Province","population":0,"lat":7.67605,"lng":-80.43644},{"city":"El Espino","state":"Panamá Oeste Province","population":0,"lat":8.4845,"lng":-80.02094},{"city":"El Espinal","state":"Los Santos Province","population":0,"lat":7.86669,"lng":-80.32195},{"city":"El Bebedero","state":"Los Santos Province","population":0,"lat":7.41414,"lng":-80.4574},{"city":"El Barrero","state":"Herrera Province","population":0,"lat":7.93352,"lng":-80.52043},{"city":"El Bale","state":"Ngöbe-Buglé Comarca","population":0,"lat":8.346,"lng":-81.37156},{"city":"Dos Ríos","state":"Chiriquí Province","population":0,"lat":8.53316,"lng":-82.3848},{"city":"Llano Culebra","state":"Chiriquí Province","population":0,"lat":8.30388,"lng":-81.61455},{"city":"Cuipo","state":"Colón","population":0,"lat":9.08048,"lng":-80.05391},{"city":"Cuango","state":"Colón","population":0,"lat":9.56872,"lng":-79.31065},{"city":"Coclecito","state":"Colón","population":0,"lat":8.81006,"lng":-80.55609},{"city":"Chupá","state":"Los Santos Province","population":0,"lat":7.80223,"lng":-80.57278},{"city":"Chepigana","state":"Darién","population":0,"lat":8.28445,"lng":-78.04189},{"city":"Chacarero","state":"Chiriquí Province","population":0,"lat":8.49255,"lng":-82.5996},{"city":"Cerro Venado","state":"Ngöbe-Buglé Comarca","population":0,"lat":8.22818,"lng":-81.57421},{"city":"Cerro Silvestre","state":"Panamá Oeste Province","population":0,"lat":8.9402,"lng":-79.67991},{"city":"Cerro Plata","state":"Veraguas Province","population":0,"lat":8.28607,"lng":-81.36602},{"city":"Cerro Iglesia","state":"Ngöbe-Buglé Comarca","population":0,"lat":8.29122,"lng":-81.79701},{"city":"Cerro Iglesia","state":"Chiriquí Province","population":0,"lat":8.29048,"lng":-81.56557},{"city":"Cascabel","state":"Ngöbe-Buglé Comarca","population":0,"lat":8.52723,"lng":-81.87593},{"city":"Calidonia","state":"Panamá","population":0,"lat":8.96726,"lng":-79.53586},{"city":"Cacique","state":"Colón","population":0,"lat":9.6118,"lng":-79.61581},{"city":"Burunga","state":"Panamá Oeste Province","population":0,"lat":8.96185,"lng":-79.67228},{"city":"Boca de Río Indio","state":"Colón","population":0,"lat":9.19273,"lng":-80.19068},{"city":"Boca de Río Chiriquí","state":"Ngöbe-Buglé Comarca","population":0,"lat":8.84065,"lng":-81.56461},{"city":"Betania","state":"Panamá","population":0,"lat":9.01156,"lng":-79.52763},{"city":"Bella Vista","state":"Panamá","population":0,"lat":8.98475,"lng":-79.52538},{"city":"Bajos de Güera","state":"Los Santos Province","population":0,"lat":7.54424,"lng":-80.62623},{"city":"Altos de Güera","state":"Los Santos Province","population":0,"lat":7.53123,"lng":-80.62094},{"city":"Alto Caballero","state":"Ngöbe-Buglé Comarca","population":0,"lat":8.29324,"lng":-81.67511},{"city":"Agua de Salud","state":"Ngöbe-Buglé Comarca","population":0,"lat":8.5,"lng":-81.464},{"city":"Achiote","state":"Colón","population":0,"lat":9.22237,"lng":-80.01889},{"city":"Jingurudo","state":"Emberá","population":0,"lat":7.87747,"lng":-78.08388},{"city":"Lajas Blancas","state":"Emberá","population":0,"lat":8.415,"lng":-77.80872},{"city":"Barriales","state":"Darién","population":0,"lat":8.59396,"lng":-78.38409},{"city":"Platanillo","state":"Darién","population":0,"lat":8.81962,"lng":-78.38267},{"city":"Agua Fría Número Uno","state":"Darién","population":0,"lat":8.85957,"lng":-78.19776},{"city":"Norteño","state":"Ngöbe-Buglé Comarca","population":0,"lat":9.00308,"lng":-82.31476},{"city":"Rambala","state":"Bocas del Toro Province","population":0,"lat":8.92617,"lng":-82.18378},{"city":"Valle de Las Minas","state":"Chiriquí Province","population":0,"lat":8.66405,"lng":-82.22196},{"city":"Coronte","state":"Ngöbe-Buglé Comarca","population":0,"lat":8.74,"lng":-81.786},{"city":"Cabecera de Cerro Puerco","state":"Ngöbe-Buglé Comarca","population":0,"lat":8.30678,"lng":-81.7555},{"city":"Santa Lucía","state":"Chiriquí Province","population":0,"lat":8.23199,"lng":-81.82611},{"city":"El Puerto","state":"Chiriquí Province","population":0,"lat":8.2152,"lng":-81.81001},{"city":"Mirones","state":"Ngöbe-Buglé Comarca","population":0,"lat":8.55735,"lng":-81.7275},{"city":"Bajo Solís","state":"Chiriquí Province","population":0,"lat":8.32708,"lng":-81.53306},{"city":"Bella Vista","state":"Chiriquí Province","population":0,"lat":8.21474,"lng":-81.61984},{"city":"Cerro Pelado","state":"Ngöbe-Buglé Comarca","population":0,"lat":8.16247,"lng":-81.53917},{"city":"Río Luís","state":"Veraguas Province","population":0,"lat":8.68267,"lng":-81.21948},{"city":"Güibale","state":"Ngöbe-Buglé Comarca","population":0,"lat":8.51398,"lng":-81.35948},{"city":"Ciricito Abajo","state":"Panamá Oeste Province","population":0,"lat":8.8204,"lng":-80.06866}]}}