{"timezone":"America/Maceio","countries":{"Brazil":[{"city":"Maceió","state":"Alagoas","population":1031597,"lat":-9.66583,"lng":-35.73528},{"city":"Aracaju","state":"Sergipe","population":664908,"lat":-10.91111,"lng":-37.07167},{"city":"Arapiraca","state":"Alagoas","population":243661,"lat":-9.7525,"lng":-36.66111},{"city":"Nossa Senhora do Socorro","state":"Sergipe","population":192330,"lat":-10.855,"lng":-37.12611},{"city":"Itabaiana","state":"Sergipe","population":103440,"lat":-10.685,"lng":-37.42528},{"city":"Lagarto","state":"Sergipe","population":101579,"lat":-10.91722,"lng":-37.65},{"city":"Rio Largo","state":"Alagoas","population":97435,"lat":-9.47833,"lng":-35.85333},{"city":"São Cristóvão","state":"Sergipe","population":95612,"lat":-11.01472,"lng":-37.20639},{"city":"Estância","state":"Sergipe","population":65078,"lat":-11.26833,"lng":-37.43833},{"city":"Marechal Deodoro","state":"Alagoas","population":62341,"lat":-9.71028,"lng":-35.895},{"city":"União dos Palmares","state":"Alagoas","population":60874,"lat":-9.16278,"lng":-36.03194},{"city":"Penedo","state":"Alagoas","population":60189,"lat":-10.29028,"lng":-36.58639},{"city":"São Miguel dos Campos","state":"Alagoas","population":53391,"lat":-9.78111,"lng":-36.09361},{"city":"Delmiro Gouveia","state":"Alagoas","population":52809,"lat":-9.38861,"lng":-37.99917},{"city":"Coruripe","state":"Alagoas","population":51788,"lat":-10.12556,"lng":-36.17556},{"city":"Tobias Barreto","state":"Sergipe","population":50905,"lat":-11.18389,"lng":-37.99833},{"city":"Santana do Ipanema","state":"Alagoas","population":47397,"lat":-9.37833,"lng":-37.24528},{"city":"Simão Dias","state":"Sergipe","population":42578,"lat":-10.73833,"lng":-37.81111},{"city":"Barra dos Coqueiros","state":"Sergipe","population":41511,"lat":-10.90889,"lng":-37.03861},{"city":"Nossa Senhora da Glória","state":"Sergipe","population":41212,"lat":-10.21833,"lng":-37.42028},{"city":"Itabaianinha","state":"Sergipe","population":40678,"lat":-11.27389,"lng":-37.79},{"city":"Teotônio Vilela","state":"Alagoas","population":39161,"lat":-9.90971,"lng":-36.35611},{"city":"Atalaia","state":"Alagoas","population":38530,"lat":-9.50194,"lng":-36.02278},{"city":"Girau do Ponciano","state":"Alagoas","population":37335,"lat":-9.88417,"lng":-36.82889},{"city":"Pilar","state":"Alagoas","population":36499,"lat":-9.59722,"lng":-35.95667},{"city":"Itaporanga d'Ajuda","state":"Sergipe","population":34411,"lat":-10.99806,"lng":-37.31056},{"city":"Poço Redondo","state":"Sergipe","population":33439,"lat":-9.805,"lng":-37.68444},{"city":"Maragogi","state":"Alagoas","population":33232,"lat":-9.01222,"lng":-35.2225},{"city":"Campo Alegre","state":"Alagoas","population":32714,"lat":-9.78194,"lng":-36.35083},{"city":"São Sebastião","state":"Alagoas","population":32701,"lat":-9.93361,"lng":-36.55417},{"city":"São Luís do Quitunde","state":"Alagoas","population":31792,"lat":-9.31833,"lng":-35.56111},{"city":"Capela","state":"Sergipe","population":31645,"lat":-10.50333,"lng":-37.05278},{"city":"São José da Tapera","state":"Alagoas","population":31557,"lat":-9.55833,"lng":-37.38111},{"city":"Canindé de São Francisco","state":"Sergipe","population":26834,"lat":-9.66,"lng":-37.78944},{"city":"Propriá","state":"Sergipe","population":26618,"lat":-10.21111,"lng":-36.84028},{"city":"Porto da Folha","state":"Sergipe","population":26576,"lat":-9.91722,"lng":-37.27833},{"city":"Craíbas","state":"Alagoas","population":26115,"lat":-9.61806,"lng":-36.76806},{"city":"Murici","state":"Alagoas","population":25933,"lat":-9.30667,"lng":-35.94333},{"city":"Limoeiro de Anadia","state":"Alagoas","population":25197,"lat":-9.74056,"lng":-36.50278},{"city":"Satuba","state":"Alagoas","population":25000,"lat":-9.56333,"lng":-35.82444},{"city":"Nossa Senhora das Dores","state":"Sergipe","population":24996,"lat":-10.49167,"lng":-37.19333},{"city":"Boquim","state":"Sergipe","population":24636,"lat":-11.14694,"lng":-37.62056},{"city":"Porto Calvo","state":"Alagoas","population":24520,"lat":-9.045,"lng":-35.39833},{"city":"Igaci","state":"Alagoas","population":24452,"lat":-9.53694,"lng":-36.63361},{"city":"Viçosa","state":"Alagoas","population":24423,"lat":-9.37139,"lng":-36.24083},{"city":"Junqueiro","state":"Alagoas","population":24381,"lat":-9.92528,"lng":-36.47583},{"city":"Matriz de Camaragibe","state":"Alagoas","population":24330,"lat":-9.15167,"lng":-35.53333},{"city":"Pão de Açúcar","state":"Alagoas","population":24291,"lat":-9.74833,"lng":-37.43667},{"city":"Traipu","state":"Alagoas","population":24124,"lat":-9.97056,"lng":-37.00333},{"city":"Laranjeiras","state":"Sergipe","population":23975,"lat":-10.80639,"lng":-37.17},{"city":"Umbaúba","state":"Sergipe","population":23917,"lat":-11.38333,"lng":-37.65778},{"city":"Feira Grande","state":"Alagoas","population":23191,"lat":-9.90028,"lng":-36.6775},{"city":"Piranhas","state":"Alagoas","population":23053,"lat":-9.62361,"lng":-37.75667},{"city":"Mata Grande","state":"Alagoas","population":22147,"lat":-9.1175,"lng":-37.73222},{"city":"Igreja Nova","state":"Alagoas","population":22125,"lat":-10.12528,"lng":-36.66194},{"city":"Boca da Mata","state":"Alagoas","population":21517,"lat":-9.64139,"lng":-36.22028},{"city":"São José da Laje","state":"Alagoas","population":21193,"lat":-9.00972,"lng":-36.05833},{"city":"Olho d'Água das Flores","state":"Alagoas","population":21132,"lat":-9.53611,"lng":-37.29389},{"city":"Salgado","state":"Sergipe","population":20279,"lat":-11.03194,"lng":-37.475},{"city":"Porto Real do Colégio","state":"Alagoas","population":20262,"lat":-10.18583,"lng":-36.84},{"city":"Aquidabã","state":"Sergipe","population":20131,"lat":-10.28139,"lng":-37.01861},{"city":"Carira","state":"Sergipe","population":19939,"lat":-10.36083,"lng":-37.70111},{"city":"Água Branca","state":"Alagoas","population":19550,"lat":-9.26083,"lng":-37.93611},{"city":"Taquarana","state":"Alagoas","population":19422,"lat":-9.645,"lng":-36.49722},{"city":"Lagoa da Canoa","state":"Alagoas","population":18831,"lat":-9.82972,"lng":-36.73778},{"city":"Riachão do Dantas","state":"Sergipe","population":18313,"lat":-11.06889,"lng":-37.725},{"city":"Campo do Brito","state":"Sergipe","population":18149,"lat":-10.73333,"lng":-37.49333},{"city":"Areia Branca","state":"Sergipe","population":18081,"lat":-10.75778,"lng":-37.31528},{"city":"Major Isidoro","state":"Alagoas","population":17834,"lat":-9.53222,"lng":-36.985},{"city":"Joaquim Gomes","state":"Alagoas","population":17386,"lat":-9.13333,"lng":-35.74833},{"city":"Batalha","state":"Alagoas","population":17103,"lat":-9.67778,"lng":-37.12472},{"city":"Cristinápolis","state":"Sergipe","population":17100,"lat":-11.47556,"lng":-37.75528},{"city":"Ribeirópolis","state":"Sergipe","population":17033,"lat":-10.53944,"lng":-37.41667},{"city":"Barra de Santo Antônio","state":"Alagoas","population":16735,"lat":-9.40472,"lng":-35.50722},{"city":"Cajueiro","state":"Alagoas","population":16605,"lat":-9.39667,"lng":-36.15361},{"city":"Indiaroba","state":"Sergipe","population":16549,"lat":-11.51917,"lng":-37.51167},{"city":"Neópolis","state":"Sergipe","population":16426,"lat":-10.32,"lng":-36.57944},{"city":"Japaratuba","state":"Sergipe","population":16209,"lat":-10.59333,"lng":-36.94028},{"city":"Piaçabuçu","state":"Alagoas","population":16201,"lat":-10.40556,"lng":-36.43444},{"city":"Canapi","state":"Alagoas","population":15743,"lat":-9.11694,"lng":-37.60222},{"city":"Maruim","state":"Sergipe","population":15719,"lat":-10.7375,"lng":-37.08167},{"city":"Messias","state":"Alagoas","population":15707,"lat":-9.38333,"lng":-35.84167},{"city":"Estrela de Alagoas","state":"Alagoas","population":15701,"lat":-9.39028,"lng":-36.76},{"city":"Inhapi","state":"Alagoas","population":15417,"lat":-9.22139,"lng":-37.74861},{"city":"Capela","state":"Alagoas","population":15068,"lat":-9.4075,"lng":-36.07361},{"city":"Cajueiro","state":"Alagoas","population":15062,"lat":-9.70926,"lng":-36.44785},{"city":"Frei Paulo","state":"Sergipe","population":14530,"lat":-10.54944,"lng":-37.53444},{"city":"Monte Alegre de Sergipe","state":"Sergipe","population":14336,"lat":-10.02722,"lng":-37.56222},{"city":"Anadia","state":"Alagoas","population":14193,"lat":-9.68444,"lng":-36.30417},{"city":"Paripueira","state":"Alagoas","population":14176,"lat":-9.465,"lng":-35.55167},{"city":"Passo de Camaragibe","state":"Alagoas","population":14076,"lat":-9.23833,"lng":-35.49333},{"city":"Ibateguara","state":"Alagoas","population":13992,"lat":-8.9725,"lng":-35.93944},{"city":"Maribondo","state":"Alagoas","population":13968,"lat":-9.57722,"lng":-36.30528},{"city":"Carmópolis","state":"Sergipe","population":13853,"lat":-10.64806,"lng":-36.98889},{"city":"Santa Luzia do Itanhy","state":"Sergipe","population":13616,"lat":-11.35525,"lng":-37.44943},{"city":"Japoatã","state":"Sergipe","population":13407,"lat":-10.34667,"lng":-36.80111},{"city":"Poço das Trincheiras","state":"Alagoas","population":12974,"lat":-9.3125,"lng":-37.28556},{"city":"Pacatuba","state":"Sergipe","population":12502,"lat":-10.45333,"lng":-36.65139},{"city":"Tomar do Geru","state":"Sergipe","population":12012,"lat":-11.37333,"lng":-37.84056},{"city":"Ouro Branco","state":"Alagoas","population":11699,"lat":-9.16667,"lng":-37.35667},{"city":"Santana do Mundaú","state":"Alagoas","population":11568,"lat":-9.16806,"lng":-36.22222},{"city":"Malhador","state":"Sergipe","population":11533,"lat":-10.65778,"lng":-37.30472},{"city":"Quebrangulo","state":"Alagoas","population":11305,"lat":-9.31889,"lng":-36.47111},{"city":"Gararu","state":"Sergipe","population":11096,"lat":-9.9675,"lng":-37.08333},{"city":"Santo Amaro das Brotas","state":"Sergipe","population":11092,"lat":-10.78889,"lng":-37.05444},{"city":"Moita Bonita","state":"Sergipe","population":11050,"lat":-10.5775,"lng":-37.34278},{"city":"Olivença","state":"Alagoas","population":11048,"lat":-9.51861,"lng":-37.19056},{"city":"Coité do Nóia","state":"Alagoas","population":11036,"lat":-9.63222,"lng":-36.57861},{"city":"Pariconha","state":"Alagoas","population":10803,"lat":-9.25278,"lng":-38.00472},{"city":"Cacimbinhas","state":"Alagoas","population":10701,"lat":-9.40028,"lng":-36.99028},{"city":"São Domingos","state":"Sergipe","population":10327,"lat":-10.79139,"lng":-37.56778},{"city":"Arauá","state":"Sergipe","population":10318,"lat":-11.26222,"lng":-37.61972},{"city":"Novo Lino","state":"Alagoas","population":10298,"lat":-8.915,"lng":-35.64667},{"city":"Dois Riachos","state":"Alagoas","population":9906,"lat":-9.3925,"lng":-37.10056},{"city":"Branquinha","state":"Alagoas","population":9786,"lat":-9.24556,"lng":-36.01528},{"city":"Flexeiras","state":"Alagoas","population":9767,"lat":-10.33231,"lng":-36.31384},{"city":"Maravilha","state":"Alagoas","population":9715,"lat":-9.23556,"lng":-37.35},{"city":"Jequiá da Praia","state":"Alagoas","population":9625,"lat":-10.01095,"lng":-36.02509},{"city":"Porto de Pedras","state":"Alagoas","population":9508,"lat":-9.15833,"lng":-35.295},{"city":"Japaratinga","state":"Alagoas","population":9443,"lat":-9.08833,"lng":-35.25833},{"city":"Rosário do Catete","state":"Sergipe","population":9295,"lat":-10.69611,"lng":-37.03056},{"city":"Nossa Senhora Aparecida","state":"Sergipe","population":9232,"lat":-10.4425,"lng":-37.48917},{"city":"Carneiros","state":"Alagoas","population":9200,"lat":-9.4825,"lng":-37.37722},{"city":"Riachuelo","state":"Sergipe","population":8748,"lat":-10.72833,"lng":-37.18722},{"city":"São Miguel dos Milagres","state":"Alagoas","population":8687,"lat":-9.26556,"lng":-35.37306},{"city":"Olho d'Água do Casado","state":"Alagoas","population":8522,"lat":-9.50194,"lng":-37.83389},{"city":"Ilha das Flores","state":"Sergipe","population":8321,"lat":-10.43639,"lng":-36.54},{"city":"Campo Grande","state":"Alagoas","population":8293,"lat":-10.23333,"lng":-36.5},{"city":"Barra de São Miguel","state":"Alagoas","population":8118,"lat":-9.84,"lng":-35.90778},{"city":"Pirambu","state":"Sergipe","population":7913,"lat":-10.73778,"lng":-36.85611},{"city":"Brejo Grande","state":"Sergipe","population":7841,"lat":-10.42944,"lng":-36.46611},{"city":"Siriri","state":"Sergipe","population":7834,"lat":-10.60389,"lng":-37.11278},{"city":"Muribeca","state":"Sergipe","population":7822,"lat":-10.42722,"lng":-36.95917},{"city":"Flexeiras","state":"Alagoas","population":7782,"lat":-9.1975,"lng":-35.78083},{"city":"Pedrinhas","state":"Sergipe","population":7396,"lat":-11.19167,"lng":-37.67389},{"city":"Santana do São Francisco","state":"Sergipe","population":7346,"lat":-10.29111,"lng":-36.60806},{"city":"Monteirópolis","state":"Alagoas","population":7341,"lat":-9.60278,"lng":-37.24833},{"city":"Santa Luzia do Norte","state":"Alagoas","population":7065,"lat":-9.60333,"lng":-35.8225},{"city":"Macambira","state":"Sergipe","population":6838,"lat":-10.66639,"lng":-37.54083},{"city":"Campestre","state":"Alagoas","population":6807,"lat":-8.84583,"lng":-35.56806},{"city":"Paulo Jacinto","state":"Alagoas","population":6697,"lat":-9.36611,"lng":-36.36972},{"city":"Roteiro","state":"Alagoas","population":6607,"lat":-9.83278,"lng":-35.97778},{"city":"São Brás","state":"Alagoas","population":6557,"lat":-10.12778,"lng":-36.90056},{"city":"Nossa Senhora de Lourdes","state":"Sergipe","population":6268,"lat":-10.07944,"lng":-37.05778},{"city":"Chã Preta","state":"Alagoas","population":6010,"lat":-9.25528,"lng":-36.29611},{"city":"Feira Nova","state":"Sergipe","population":5975,"lat":-10.26417,"lng":-37.31306},{"city":"Tanque d'Arca","state":"Alagoas","population":5909,"lat":-9.53194,"lng":-36.43278},{"city":"Belo Monte","state":"Alagoas","population":5898,"lat":-9.82833,"lng":-37.28},{"city":"Gracho Cardoso","state":"Sergipe","population":5834,"lat":-10.22667,"lng":-37.19833},{"city":"Coqueiro Seco","state":"Alagoas","population":5700,"lat":-9.63833,"lng":-35.80306},{"city":"Pinhão","state":"Sergipe","population":5677,"lat":-10.56722,"lng":-37.72278},{"city":"Jacuípe","state":"Alagoas","population":5432,"lat":-8.84167,"lng":-35.46},{"city":"Cedro de São João","state":"Sergipe","population":5391,"lat":-10.25167,"lng":-36.88444},{"city":"Jacaré dos Homens","state":"Alagoas","population":5182,"lat":-9.63556,"lng":-37.20472},{"city":"Jaramataia","state":"Alagoas","population":5075,"lat":-9.65944,"lng":-37.00194},{"city":"Minador do Negrão","state":"Alagoas","population":4938,"lat":-9.30528,"lng":-36.86472},{"city":"Belém","state":"Alagoas","population":4820,"lat":-9.57111,"lng":-36.49222},{"city":"Itabi","state":"Sergipe","population":4745,"lat":-10.12639,"lng":-37.10306},{"city":"Palestina","state":"Alagoas","population":4410,"lat":-9.67194,"lng":-37.32917},{"city":"Olho d'Água Grande","state":"Alagoas","population":4384,"lat":-10.05833,"lng":-36.81667},{"city":"Divina Pastora","state":"Sergipe","population":4340,"lat":-10.68861,"lng":-37.14833},{"city":"Jundiá","state":"Alagoas","population":4176,"lat":-8.93472,"lng":-35.57361},{"city":"Feliz Deserto","state":"Alagoas","population":4038,"lat":-10.29194,"lng":-36.30611},{"city":"Santa Rosa de Lima","state":"Sergipe","population":3937,"lat":-10.64639,"lng":-37.19389},{"city":"Cumbe","state":"Sergipe","population":3824,"lat":-10.355,"lng":-37.18306},{"city":"Canhoba","state":"Sergipe","population":3791,"lat":-10.13833,"lng":-36.98472},{"city":"Malhada dos Bois","state":"Sergipe","population":3579,"lat":-10.34944,"lng":-36.92417},{"city":"São Miguel do Aleixo","state":"Sergipe","population":3434,"lat":-10.38806,"lng":-37.38111},{"city":"Telha","state":"Sergipe","population":3274,"lat":-10.20833,"lng":-36.88389},{"city":"São Francisco","state":"Sergipe","population":3243,"lat":-10.33333,"lng":-36.88778},{"city":"Mar Vermelho","state":"Alagoas","population":3212,"lat":-9.4475,"lng":-36.38806},{"city":"General Maynard","state":"Sergipe","population":3037,"lat":-10.68889,"lng":-36.98389},{"city":"Pindoba","state":"Alagoas","population":2786,"lat":-9.47528,"lng":-36.29},{"city":"Pedra Mole","state":"Sergipe","population":2778,"lat":-10.61667,"lng":-37.68694},{"city":"Amparo do São Francisco","state":"Sergipe","population":2170,"lat":-10.13389,"lng":-36.92972},{"city":"Senador Rui Palmeira","state":"Alagoas","population":0,"lat":-9.4675,"lng":-37.4573},{"city":"Nossa Senhora Aparecida","state":"Sergipe","population":0,"lat":-10.39761,"lng":-37.4537}]}}