{"timezone":"America/Recife","countries":{"Brazil":[{"city":"Recife","state":"Pernambuco","population":1653461,"lat":-8.05389,"lng":-34.88111},{"city":"Jaboatão","state":"Pernambuco","population":702621,"lat":-8.18028,"lng":-35.00139},{"city":"Jaboatão dos Guararapes","state":"Pernambuco","population":644037,"lat":-8.11278,"lng":-35.01472},{"city":"Caruaru","state":"Pernambuco","population":402290,"lat":-8.28333,"lng":-35.97611},{"city":"Petrolina","state":"Pernambuco","population":386791,"lat":-9.39861,"lng":-40.50083},{"city":"Olinda","state":"Pernambuco","population":366754,"lat":-8.00889,"lng":-34.85528},{"city":"Paulista","state":"Pernambuco","population":342167,"lat":-7.94083,"lng":-34.87306},{"city":"Cabo de Santo Agostinho","state":"Pernambuco","population":216969,"lat":-8.28773,"lng":-35.02925},{"city":"Camaragibe","state":"Pernambuco","population":155771,"lat":-8.02167,"lng":-34.98111},{"city":"Garanhuns","state":"Pernambuco","population":151064,"lat":-8.88202,"lng":-36.50216},{"city":"Vitória de Santo Antão","state":"Pernambuco","population":134084,"lat":-8.11806,"lng":-35.29139},{"city":"Igarassu","state":"Pernambuco","population":122312,"lat":-7.83417,"lng":-34.90639},{"city":"São Lourenço da Mata","state":"Pernambuco","population":111249,"lat":-8.00222,"lng":-35.01833},{"city":"Ipojuca","state":"Pernambuco","population":105638,"lat":-8.39889,"lng":-35.06389},{"city":"Abreu e Lima","state":"Pernambuco","population":103945,"lat":-7.91167,"lng":-34.90278},{"city":"Santa Cruz do Capibaribe","state":"Pernambuco","population":98254,"lat":-7.9575,"lng":-36.20472},{"city":"Gravatá","state":"Pernambuco","population":91887,"lat":-8.20111,"lng":-35.56472},{"city":"Araripina","state":"Pernambuco","population":90104,"lat":-7.57611,"lng":-40.49833},{"city":"Serra Talhada","state":"Pernambuco","population":86915,"lat":-7.99194,"lng":-38.29833},{"city":"Goiana","state":"Pernambuco","population":85160,"lat":-7.56056,"lng":-35.0025},{"city":"Belo Jardim","state":"Pernambuco","population":83647,"lat":-8.33556,"lng":-36.42417},{"city":"Carpina","state":"Pernambuco","population":83205,"lat":-7.85083,"lng":-35.25472},{"city":"Arcoverde","state":"Pernambuco","population":82003,"lat":-8.41889,"lng":-37.05389},{"city":"Ouricuri","state":"Pernambuco","population":65245,"lat":-7.8825,"lng":-40.08167},{"city":"Bezerros","state":"Pernambuco","population":64809,"lat":-8.23333,"lng":-35.79694},{"city":"Surubim","state":"Pernambuco","population":64120,"lat":-7.83306,"lng":-35.75472},{"city":"Pesqueira","state":"Pernambuco","population":62722,"lat":-8.35778,"lng":-36.69639},{"city":"Salgueiro","state":"Pernambuco","population":62372,"lat":-8.07417,"lng":-39.11917},{"city":"Escada","state":"Pernambuco","population":62252,"lat":-8.35917,"lng":-35.22361},{"city":"Paudalho","state":"Pernambuco","population":56665,"lat":-7.89667,"lng":-35.17972},{"city":"Limoeiro","state":"Pernambuco","population":56510,"lat":-7.87472,"lng":-35.45028},{"city":"Moreno","state":"Pernambuco","population":55292,"lat":-8.11861,"lng":-35.09222},{"city":"Palmares","state":"Pernambuco","population":54584,"lat":-8.68333,"lng":-35.59167},{"city":"Buíque","state":"Pernambuco","population":54425,"lat":-8.62306,"lng":-37.15583},{"city":"Brejo da Madre de Deus","state":"Pernambuco","population":51107,"lat":-8.14583,"lng":-36.37111},{"city":"São Bento do Una","state":"Pernambuco","population":49449,"lat":-8.52278,"lng":-36.44444},{"city":"Bom Conselho","state":"Pernambuco","population":46192,"lat":-9.16972,"lng":-36.67972},{"city":"Timbaúba","state":"Pernambuco","population":46147,"lat":-7.50528,"lng":-35.31833},{"city":"Águas Belas","state":"Pernambuco","population":43713,"lat":-9.11139,"lng":-37.12306},{"city":"Afogados da Ingazeira","state":"Pernambuco","population":42407,"lat":-7.75083,"lng":-37.63917},{"city":"Barreiros","state":"Pernambuco","population":42056,"lat":-8.81833,"lng":-35.18639},{"city":"Toritama","state":"Pernambuco","population":41137,"lat":-8.00667,"lng":-36.05667},{"city":"Sirinhaém","state":"Pernambuco","population":40852,"lat":-8.59083,"lng":-35.11611},{"city":"Lajedo","state":"Pernambuco","population":39582,"lat":-8.66361,"lng":-36.32},{"city":"Custódia","state":"Pernambuco","population":39403,"lat":-8.0875,"lng":-37.64306},{"city":"Bom Jardim","state":"Pernambuco","population":39278,"lat":-7.79583,"lng":-35.58722},{"city":"Bonito","state":"Pernambuco","population":39163,"lat":-8.47028,"lng":-35.72861},{"city":"Aliança","state":"Pernambuco","population":37372,"lat":-7.60333,"lng":-35.23083},{"city":"São Caitano","state":"Pernambuco","population":37126,"lat":-8.32583,"lng":-36.14278},{"city":"Itambé","state":"Pernambuco","population":36626,"lat":-7.41028,"lng":-35.11278},{"city":"Bodocó","state":"Pernambuco","population":36129,"lat":-7.77833,"lng":-39.94111},{"city":"São José do Belmonte","state":"Pernambuco","population":34843,"lat":-7.86139,"lng":-38.75972},{"city":"Petrolândia","state":"Pernambuco","population":34161,"lat":-8.97917,"lng":-38.21944},{"city":"Itaíba","state":"Pernambuco","population":33691,"lat":-8.9475,"lng":-37.42278},{"city":"Ribeirão","state":"Pernambuco","population":33507,"lat":-8.51444,"lng":-35.37778},{"city":"Exu","state":"Pernambuco","population":33436,"lat":-7.51194,"lng":-39.72417},{"city":"Catende","state":"Pernambuco","population":33279,"lat":-8.66667,"lng":-35.71667},{"city":"Sertânia","state":"Pernambuco","population":32811,"lat":-8.07361,"lng":-37.26444},{"city":"Cabrobó","state":"Pernambuco","population":31746,"lat":-8.51417,"lng":-39.31},{"city":"Floresta","state":"Pernambuco","population":31627,"lat":-8.60111,"lng":-38.56861},{"city":"São José do Egito","state":"Pernambuco","population":31004,"lat":-7.47889,"lng":-37.27444},{"city":"Nazaré da Mata","state":"Pernambuco","population":30648,"lat":-7.74167,"lng":-35.22778},{"city":"Ipubi","state":"Pernambuco","population":30603,"lat":-7.65194,"lng":-40.14889},{"city":"Caetés","state":"Pernambuco","population":30441,"lat":-8.77306,"lng":-36.6225},{"city":"Glória do Goitá","state":"Pernambuco","population":30370,"lat":-8.00167,"lng":-35.29278},{"city":"Trindade","state":"Pernambuco","population":30321,"lat":-7.76194,"lng":-40.26778},{"city":"Ibimirim","state":"Pernambuco","population":28760,"lat":-8.54056,"lng":-37.69028},{"city":"Passira","state":"Pernambuco","population":28340,"lat":-7.995,"lng":-35.58056},{"city":"Itapissuma","state":"Pernambuco","population":27749,"lat":-7.77639,"lng":-34.89222},{"city":"João Alfredo","state":"Pernambuco","population":27725,"lat":-7.85583,"lng":-35.58833},{"city":"Tabira","state":"Pernambuco","population":27681,"lat":-7.59083,"lng":-37.53944},{"city":"Pombos","state":"Pernambuco","population":27552,"lat":-8.14139,"lng":-35.39583},{"city":"Inajá","state":"Pernambuco","population":27488,"lat":-8.90167,"lng":-37.82389},{"city":"Água Preta","state":"Pernambuco","population":27221,"lat":-8.7075,"lng":-35.53056},{"city":"Tupanatinga","state":"Pernambuco","population":26937,"lat":-8.75333,"lng":-37.33972},{"city":"Vicência","state":"Pernambuco","population":26359,"lat":-7.65694,"lng":-35.32667},{"city":"Ilha de Itamaracá","state":"Pernambuco","population":25529,"lat":-7.74778,"lng":-34.82556},{"city":"Condado","state":"Pernambuco","population":25383,"lat":-7.58583,"lng":-35.10583},{"city":"Canhotinho","state":"Pernambuco","population":25090,"lat":-8.88222,"lng":-36.19111},{"city":"Taquaritinga do Norte","state":"Pernambuco","population":24736,"lat":-7.90306,"lng":-36.04417},{"city":"Agrestina","state":"Pernambuco","population":24615,"lat":-8.45806,"lng":-35.94472},{"city":"Cupira","state":"Pernambuco","population":24301,"lat":-8.61667,"lng":-35.95},{"city":"Lagoa Grande","state":"Pernambuco","population":24088,"lat":-8.99694,"lng":-40.27194},{"city":"Tacaratu","state":"Pernambuco","population":23902,"lat":-9.10528,"lng":-38.14917},{"city":"Macaparana","state":"Pernambuco","population":23879,"lat":-7.55472,"lng":-35.45306},{"city":"São João","state":"Pernambuco","population":23837,"lat":-8.87556,"lng":-36.36667},{"city":"Manari","state":"Pernambuco","population":23763,"lat":-8.96389,"lng":-37.62833},{"city":"Tamandaré","state":"Pernambuco","population":23561,"lat":-8.75632,"lng":-35.09995},{"city":"Panelas","state":"Pernambuco","population":22991,"lat":-8.66361,"lng":-36.00583},{"city":"Pedra","state":"Pernambuco","population":22795,"lat":-8.49694,"lng":-36.94083},{"city":"Feira Nova","state":"Pernambuco","population":22169,"lat":-7.95083,"lng":-35.38917},{"city":"Vertentes","state":"Pernambuco","population":21959,"lat":-7.90278,"lng":-35.98833},{"city":"Orobó","state":"Pernambuco","population":21808,"lat":-7.745,"lng":-35.60222},{"city":"Chã Grande","state":"Pernambuco","population":21224,"lat":-8.23833,"lng":-35.46167},{"city":"Altinho","state":"Pernambuco","population":21185,"lat":-8.48972,"lng":-36.05944},{"city":"Flores","state":"Pernambuco","population":20835,"lat":-7.86806,"lng":-37.97472},{"city":"Riacho das Almas","state":"Pernambuco","population":20639,"lat":-8.13389,"lng":-35.85639},{"city":"Cachoeirinha","state":"Pernambuco","population":20612,"lat":-8.48639,"lng":-36.23306},{"city":"São Joaquim do Monte","state":"Pernambuco","population":20037,"lat":-8.4325,"lng":-35.80444},{"city":"Rio Formoso","state":"Pernambuco","population":20009,"lat":-8.66877,"lng":-35.16277},{"city":"Araçoiaba","state":"Pernambuco","population":19936,"lat":-7.79028,"lng":-35.09083},{"city":"Carnaíba","state":"Pernambuco","population":19513,"lat":-7.80528,"lng":-37.79389},{"city":"Afrânio","state":"Pernambuco","population":19349,"lat":-8.515,"lng":-41.005},{"city":"Lagoa do Itaenga","state":"Pernambuco","population":19003,"lat":-7.93611,"lng":-35.29028},{"city":"Capoeiras","state":"Pernambuco","population":18890,"lat":-8.73472,"lng":-36.62667},{"city":"São José da Coroa Grande","state":"Pernambuco","population":18825,"lat":-8.89778,"lng":-35.14778},{"city":"Belém de São Francisco","state":"Pernambuco","population":18713,"lat":-8.75389,"lng":-38.96583},{"city":"Sanharó","state":"Pernambuco","population":18624,"lat":-8.36056,"lng":-36.56556},{"city":"Parnamirim","state":"Pernambuco","population":18612,"lat":-8.09056,"lng":-39.57833},{"city":"Amaraji","state":"Pernambuco","population":18471,"lat":-8.38306,"lng":-35.4525},{"city":"Serrita","state":"Pernambuco","population":18207,"lat":-7.93333,"lng":-39.29583},{"city":"Camocim de São Félix","state":"Pernambuco","population":17991,"lat":-8.35861,"lng":-35.76194},{"city":"Lagoa do Carro","state":"Pernambuco","population":17981,"lat":-7.84472,"lng":-35.31972},{"city":"Gameleira","state":"Pernambuco","population":17973,"lat":-8.58444,"lng":-35.38667},{"city":"Quipapá","state":"Pernambuco","population":17928,"lat":-8.82778,"lng":-36.01167},{"city":"Dormentes","state":"Pernambuco","population":17749,"lat":-8.44722,"lng":-40.77111},{"city":"Correntes","state":"Pernambuco","population":17660,"lat":-9.12889,"lng":-36.33028},{"city":"Iati","state":"Pernambuco","population":17605,"lat":-9.04583,"lng":-36.84611},{"city":"Venturosa","state":"Pernambuco","population":17251,"lat":-8.57472,"lng":-36.87417},{"city":"São Vicente Férrer","state":"Pernambuco","population":16677,"lat":-7.59111,"lng":-35.49139},{"city":"Itaquitinga","state":"Pernambuco","population":16554,"lat":-7.66778,"lng":-35.10167},{"city":"Cumaru","state":"Pernambuco","population":16252,"lat":-8.00611,"lng":-35.69722},{"city":"Colônia Leopoldina","state":"Pernambuco","population":15949,"lat":-8.90889,"lng":-35.725},{"city":"Jataúba","state":"Pernambuco","population":15843,"lat":-7.99,"lng":-36.49639},{"city":"Ferreiros","state":"Pernambuco","population":15794,"lat":-7.4475,"lng":-35.24417},{"city":"Jupi","state":"Pernambuco","population":15329,"lat":-8.71167,"lng":-36.415},{"city":"Triunfo","state":"Pernambuco","population":14705,"lat":-7.83806,"lng":-38.10167},{"city":"Alagoinha","state":"Pernambuco","population":14355,"lat":-8.46639,"lng":-36.77583},{"city":"Mirandiba","state":"Pernambuco","population":14166,"lat":-8.12028,"lng":-38.72944},{"city":"Lagoa dos Gatos","state":"Pernambuco","population":14076,"lat":-8.65833,"lng":-35.9},{"city":"Jatobá","state":"Pernambuco","population":14020,"lat":-9.18306,"lng":-38.26889},{"city":"Santa Maria do Cambucá","state":"Pernambuco","population":14013,"lat":-7.82917,"lng":-35.88056},{"city":"Tracunhaém","state":"Pernambuco","population":13867,"lat":-7.80472,"lng":-35.24},{"city":"Primavera","state":"Pernambuco","population":13838,"lat":-8.33139,"lng":-35.35417},{"city":"Saloá","state":"Pernambuco","population":13836,"lat":-8.97583,"lng":-36.6875},{"city":"Itapetim","state":"Pernambuco","population":13791,"lat":-7.37833,"lng":-37.19028},{"city":"Tacaimbó","state":"Pernambuco","population":13738,"lat":-8.31611,"lng":-36.29333},{"city":"Jurema","state":"Pernambuco","population":13648,"lat":-8.71806,"lng":-36.13583},{"city":"Frei Miguelinho","state":"Pernambuco","population":13636,"lat":-7.93972,"lng":-35.91222},{"city":"Orocó","state":"Pernambuco","population":13613,"lat":-8.61563,"lng":-39.60035},{"city":"Casinhas","state":"Pernambuco","population":13489,"lat":-7.74111,"lng":-35.72111},{"city":"Chã de Alegria","state":"Pernambuco","population":13461,"lat":-8.00111,"lng":-35.21278},{"city":"Joaquim Nabuco","state":"Pernambuco","population":13269,"lat":-8.62444,"lng":-35.53333},{"city":"São Benedito do Sul","state":"Pernambuco","population":13113,"lat":-8.80728,"lng":-35.93348},{"city":"Carnaubeira da Penha","state":"Pernambuco","population":12682,"lat":-8.31855,"lng":-38.74357},{"city":"Barra de Guabiraba","state":"Pernambuco","population":12616,"lat":-8.41649,"lng":-35.66287},{"city":"Paranatama","state":"Pernambuco","population":12199,"lat":-8.92083,"lng":-36.65806},{"city":"Santa Filomena","state":"Pernambuco","population":12106,"lat":-8.1625,"lng":-40.61556},{"city":"Betânia","state":"Pernambuco","population":11981,"lat":-8.27472,"lng":-38.03417},{"city":"Lagoa do Ouro","state":"Pernambuco","population":11933,"lat":-9.1275,"lng":-36.45833},{"city":"Xexéu","state":"Pernambuco","population":11611,"lat":-8.80222,"lng":-35.62694},{"city":"Santa Cruz da Baixa Verde","state":"Pernambuco","population":11567,"lat":-7.82056,"lng":-38.15278},{"city":"Jucati","state":"Pernambuco","population":11517,"lat":-8.70639,"lng":-36.48889},{"city":"Calçado","state":"Pernambuco","population":11445,"lat":-8.74222,"lng":-36.33389},{"city":"Iguaraci","state":"Pernambuco","population":11366,"lat":-7.83528,"lng":-37.51528},{"city":"Machados","state":"Pernambuco","population":11333,"lat":-7.68222,"lng":-35.52278},{"city":"Sairé","state":"Pernambuco","population":10887,"lat":-8.3275,"lng":-35.70556},{"city":"Cedro","state":"Pernambuco","population":10845,"lat":-7.72167,"lng":-39.23889},{"city":"Belém de Maria","state":"Pernambuco","population":10829,"lat":-8.62556,"lng":-35.83},{"city":"Angelim","state":"Pernambuco","population":10580,"lat":-8.89028,"lng":-36.28583},{"city":"Moreilândia","state":"Pernambuco","population":10540,"lat":-7.62744,"lng":-39.55135},{"city":"Cortês","state":"Pernambuco","population":10512,"lat":-8.47028,"lng":-35.54111},{"city":"Poção","state":"Pernambuco","population":10500,"lat":-8.18639,"lng":-36.705},{"city":"Jaqueira","state":"Pernambuco","population":10247,"lat":-8.72667,"lng":-35.79333},{"city":"Santa Terezinha","state":"Pernambuco","population":10244,"lat":-7.37778,"lng":-37.48},{"city":"Brejão","state":"Pernambuco","population":9399,"lat":-9.03028,"lng":-36.56861},{"city":"Maraial","state":"Pernambuco","population":9359,"lat":-8.7825,"lng":-35.80889},{"city":"Verdejante","state":"Pernambuco","population":9169,"lat":-7.92556,"lng":-38.97167},{"city":"Terra Nova","state":"Pernambuco","population":8920,"lat":-8.22972,"lng":-39.37556},{"city":"Brejinho","state":"Pernambuco","population":8010,"lat":-9.1,"lng":-38.28333},{"city":"Tuparetama","state":"Pernambuco","population":8005,"lat":-7.60222,"lng":-37.31139},{"city":"Camutanga","state":"Pernambuco","population":7972,"lat":-7.40694,"lng":-35.27444},{"city":"Brejinho","state":"Pernambuco","population":7720,"lat":-7.34944,"lng":-37.28611},{"city":"Vertente do Lério","state":"Pernambuco","population":7558,"lat":-7.77139,"lng":-35.85},{"city":"Ibirajuba","state":"Pernambuco","population":7344,"lat":-8.58056,"lng":-36.17944},{"city":"Granito","state":"Pernambuco","population":7206,"lat":-7.71611,"lng":-39.61472},{"city":"Palmeirina","state":"Pernambuco","population":7031,"lat":-9.00444,"lng":-36.32583},{"city":"Quixabá","state":"Pernambuco","population":6554,"lat":-7.72028,"lng":-37.84833},{"city":"Terezinha","state":"Pernambuco","population":6513,"lat":-9.05611,"lng":-36.62278},{"city":"Carnaíba","state":"Pernambuco","population":6019,"lat":-8.7,"lng":-37.66667},{"city":"Salgadinho","state":"Pernambuco","population":5727,"lat":-7.93639,"lng":-35.63278},{"city":"Calumbi","state":"Pernambuco","population":5367,"lat":-7.94139,"lng":-38.15},{"city":"Solidão","state":"Pernambuco","population":5210,"lat":-7.60028,"lng":-37.65194},{"city":"Ingazeira","state":"Pernambuco","population":4959,"lat":-8.63333,"lng":-38.65},{"city":"Itacuruba","state":"Pernambuco","population":4490,"lat":-8.72722,"lng":-38.68333},{"city":"Fernando de Noronha (Distrito Estadual)","state":"Pernambuco","population":3012,"lat":-3.84028,"lng":-32.41083},{"city":"Santa Cruz","state":"Pernambuco","population":0,"lat":-8.23945,"lng":-40.33227},{"city":"Buenos Aires","state":"Pernambuco","population":0,"lat":-7.72306,"lng":-35.3263}]}}