{"timezone":"America/Guatemala","countries":{"Guatemala":[{"city":"Guatemala City","state":"Guatemala","population":994938,"lat":14.64072,"lng":-90.51327},{"city":"Villa Nueva","state":"Guatemala","population":618397,"lat":14.52512,"lng":-90.58544},{"city":"Mixco","state":"Guatemala","population":465773,"lat":14.63077,"lng":-90.60711},{"city":"Cobán","state":"Alta Verapaz","population":212047,"lat":15.47025,"lng":-90.37455},{"city":"Quetzaltenango","state":"Quetzaltenango","population":180706,"lat":14.84462,"lng":-91.52316},{"city":"Jalapa","state":"Jalapa","population":159840,"lat":14.63542,"lng":-89.99112},{"city":"Escuintla","state":"Escuintla","population":156313,"lat":14.30097,"lng":-90.78816},{"city":"Villa Canales","state":"Guatemala","population":155423,"lat":14.48285,"lng":-90.53425},{"city":"Jutiapa","state":"Jutiapa","population":145880,"lat":14.28491,"lng":-89.88798},{"city":"Chichicastenango","state":"Quiché","population":141567,"lat":14.94333,"lng":-91.11116},{"city":"San Juan Sacatepéquez","state":"Guatemala","population":136886,"lat":14.71889,"lng":-90.64417},{"city":"Petapa","state":"Guatemala","population":135447,"lat":14.50189,"lng":-90.56196},{"city":"Santa Lucía Cotzumalguapa","state":"Escuintla","population":112780,"lat":14.33505,"lng":-91.02339},{"city":"Chiquimula","state":"Chiquimula","population":111505,"lat":14.8009,"lng":-89.54641},{"city":"Coatepeque","state":"Quetzaltenango","population":105415,"lat":14.70413,"lng":-91.86426},{"city":"Chinautla","state":"Guatemala","population":104972,"lat":14.70289,"lng":-90.49983},{"city":"Totonicapán","state":"Totonicapán","population":103952,"lat":14.91188,"lng":-91.36054},{"city":"Puerto Barrios","state":"Izabal Department","population":100593,"lat":15.72724,"lng":-88.59787},{"city":"Chimaltenango","state":"Chimaltenango","population":96985,"lat":14.65881,"lng":-90.8216},{"city":"Malacatán","state":"San Marcos","population":92816,"lat":14.91132,"lng":-92.05788},{"city":"Retalhuleu","state":"Retalhuleu","population":90505,"lat":14.53575,"lng":-91.67848},{"city":"Santa Catarina Pinula","state":"Guatemala","population":80582,"lat":14.57047,"lng":-90.49925},{"city":"San José Pinula","state":"Guatemala","population":79844,"lat":14.546,"lng":-90.41288},{"city":"Huehuetenango","state":"Huehuetenango","population":79426,"lat":15.32097,"lng":-91.47001},{"city":"Santa Cruz del Quiché","state":"Quiché","population":78279,"lat":15.02995,"lng":-91.14876},{"city":"Mazatenango","state":"Suchitepeque","population":77431,"lat":14.53412,"lng":-91.50311},{"city":"Panzos","state":"Alta Verapaz","population":71846,"lat":15.39862,"lng":-89.64147},{"city":"Amatitlán","state":"Guatemala","population":71836,"lat":14.4774,"lng":-90.63489},{"city":"Palín","state":"Escuintla","population":65873,"lat":14.40358,"lng":-90.69659},{"city":"Salamá","state":"Baja Verapaz","population":65275,"lat":15.1021,"lng":-90.31906},{"city":"Chicacao","state":"Suchitepeque","population":60735,"lat":14.54295,"lng":-91.32636},{"city":"Zacapa","state":"Zacapa","population":60424,"lat":14.96867,"lng":-89.52732},{"city":"Comitancillo","state":"San Marcos","population":59489,"lat":15.08937,"lng":-91.74971},{"city":"Fraijanes","state":"Guatemala","population":58922,"lat":14.46528,"lng":-90.44083},{"city":"San Pedro Ayampuc","state":"Guatemala","population":58609,"lat":14.77943,"lng":-90.45318},{"city":"Patzún","state":"Chimaltenango","population":58240,"lat":14.68189,"lng":-91.01397},{"city":"San Francisco El Alto","state":"Totonicapán","population":57894,"lat":14.9449,"lng":-91.4431},{"city":"Ostuncalco","state":"Quetzaltenango","population":51828,"lat":14.86899,"lng":-91.62137},{"city":"Soloma","state":"Huehuetenango","population":49030,"lat":15.65841,"lng":-91.42994},{"city":"Asunción Mita","state":"Jutiapa","population":48297,"lat":14.33365,"lng":-89.71094},{"city":"Colomba","state":"Quetzaltenango","population":47544,"lat":14.7073,"lng":-91.73167},{"city":"Barberena","state":"Santa Rosa Department","population":47093,"lat":14.30739,"lng":-90.36156},{"city":"San Marcos","state":"San Marcos","population":47063,"lat":14.96437,"lng":-91.79486},{"city":"Antigua Guatemala","state":"Sacatepéquez","population":46054,"lat":14.55636,"lng":-90.7332},{"city":"Sololá","state":"Sololá","population":45373,"lat":14.7707,"lng":-91.18344},{"city":"Masagua","state":"Escuintla","population":45323,"lat":14.20306,"lng":-90.84806},{"city":"Cantel","state":"Quetzaltenango","population":42142,"lat":14.81154,"lng":-91.45536},{"city":"Cuilapa","state":"Santa Rosa Department","population":41359,"lat":14.27537,"lng":-90.29865},{"city":"Patulul","state":"Suchitepeque","population":40683,"lat":14.42321,"lng":-91.16049},{"city":"San Pedro Sacatepéquez","state":"San Marcos","population":40021,"lat":14.96807,"lng":-91.76172},{"city":"Nuevo San Carlos","state":"Retalhuleu","population":39565,"lat":14.593,"lng":-91.6939},{"city":"Jacaltenango","state":"Huehuetenango","population":37171,"lat":15.66662,"lng":-91.71177},{"city":"Yepocapa","state":"Chimaltenango","population":34948,"lat":14.50195,"lng":-90.95396},{"city":"Tecpán Guatemala","state":"Chimaltenango","population":34519,"lat":14.76181,"lng":-90.99247},{"city":"Ciudad Vieja","state":"Sacatepéquez","population":33405,"lat":14.52396,"lng":-90.76308},{"city":"Santiago Atitlán","state":"Sololá","population":33309,"lat":14.63823,"lng":-91.22901},{"city":"Comalapa","state":"Chimaltenango","population":32312,"lat":14.74086,"lng":-90.88761},{"city":"Momostenango","state":"Totonicapán","population":31739,"lat":15.04437,"lng":-91.40864},{"city":"San Benito","state":"Petén","population":30764,"lat":16.91675,"lng":-89.91898},{"city":"Santiago Sacatepéquez","state":"Sacatepéquez","population":29238,"lat":14.6351,"lng":-90.67654},{"city":"San Sebastián","state":"Retalhuleu","population":29167,"lat":14.56177,"lng":-91.64865},{"city":"Jalpatagua","state":"Jutiapa","population":28832,"lat":14.1369,"lng":-90.00908},{"city":"Sumpango","state":"Sacatepéquez","population":28488,"lat":14.64623,"lng":-90.73427},{"city":"Nahualá","state":"Sololá","population":27690,"lat":14.8429,"lng":-91.31799},{"city":"San Andrés Itzapa","state":"Chimaltenango","population":24992,"lat":14.62222,"lng":-90.84314},{"city":"Guastatoya","state":"El Progreso","population":24831,"lat":14.85442,"lng":-90.06991},{"city":"San Luis Jilotepeque","state":"Jalapa","population":24679,"lat":14.64724,"lng":-89.72463},{"city":"San Felipe","state":"Retalhuleu","population":24446,"lat":14.62304,"lng":-91.595},{"city":"Zaragoza","state":"Chimaltenango","population":24022,"lat":14.64968,"lng":-90.89034},{"city":"La Gomera","state":"Escuintla","population":24001,"lat":14.08213,"lng":-91.05383},{"city":"Alotenango","state":"Sacatepéquez","population":23986,"lat":14.48585,"lng":-90.80437},{"city":"Nebaj","state":"Quiché","population":23301,"lat":15.40614,"lng":-91.14682},{"city":"Cabricán","state":"Quetzaltenango","population":23033,"lat":15.07485,"lng":-91.648},{"city":"San Francisco Zapotitlán","state":"Suchitepeque","population":22533,"lat":14.58939,"lng":-91.52144},{"city":"Santa María de Jesús","state":"Sacatepéquez","population":21795,"lat":14.49452,"lng":-90.71036},{"city":"Patzicía","state":"Chimaltenango","population":21249,"lat":14.63194,"lng":-90.92659},{"city":"San Lucas Sacatepéquez","state":"Sacatepéquez","population":20723,"lat":14.61075,"lng":-90.65681},{"city":"Esquipulas","state":"Chiquimula","population":20674,"lat":14.56571,"lng":-89.35166},{"city":"El Estor","state":"Izabal Department","population":20489,"lat":15.53221,"lng":-89.33111},{"city":"Flores","state":"Petén","population":20464,"lat":16.92258,"lng":-89.89941},{"city":"San Pablo Jocopilas","state":"Suchitepeque","population":20433,"lat":14.58882,"lng":-91.45188},{"city":"San Cristóbal Verapaz","state":"Alta Verapaz","population":19664,"lat":15.36663,"lng":-90.47825},{"city":"Salcajá","state":"Quetzaltenango","population":19434,"lat":14.87964,"lng":-91.45699},{"city":"Gualán","state":"Zacapa","population":19354,"lat":15.11952,"lng":-89.35721},{"city":"Morales","state":"Izabal Department","population":18994,"lat":15.47225,"lng":-88.8407},{"city":"Guazacapán","state":"Santa Rosa Department","population":18855,"lat":14.07417,"lng":-90.41667},{"city":"Puerto San José","state":"Escuintla","population":18655,"lat":13.92216,"lng":-90.81906},{"city":"Palencia","state":"Guatemala","population":18574,"lat":14.66715,"lng":-90.35721},{"city":"Tiquisate","state":"Escuintla","population":18189,"lat":14.28356,"lng":-91.36063},{"city":"Lívingston","state":"Izabal Department","population":17923,"lat":15.82826,"lng":-88.75039},{"city":"Jocotenango","state":"Sacatepéquez","population":17918,"lat":14.57814,"lng":-90.73804},{"city":"El Asintal","state":"Retalhuleu","population":17388,"lat":14.59626,"lng":-91.72744},{"city":"Poptún","state":"Petén","population":17320,"lat":16.33111,"lng":-89.41694},{"city":"Santa Bárbara","state":"Suchitepeque","population":17172,"lat":14.43563,"lng":-91.22685},{"city":"Chisec","state":"Alta Verapaz","population":17018,"lat":15.81311,"lng":-90.28896},{"city":"La Esperanza","state":"Quetzaltenango","population":16461,"lat":14.87169,"lng":-91.5614},{"city":"San Pedro Carchá","state":"Alta Verapaz","population":16353,"lat":15.47745,"lng":-90.31105},{"city":"Sanarate","state":"El Progreso","population":15843,"lat":14.78828,"lng":-90.19876},{"city":"El Tejar","state":"Chimaltenango","population":15639,"lat":14.64683,"lng":-90.79122},{"city":"El Palmar","state":"Quetzaltenango","population":15167,"lat":14.65083,"lng":-91.578},{"city":"Rabinal","state":"Baja Verapaz","population":15157,"lat":15.0853,"lng":-90.49255},{"city":"San Andrés Xecul","state":"Totonicapán","population":15074,"lat":14.90482,"lng":-91.48307},{"city":"Santa Catarina Ixtahuacán","state":"Sololá","population":14734,"lat":14.79797,"lng":-91.35866},{"city":"San Lucas Tolimán","state":"Sololá","population":14545,"lat":14.59471,"lng":-91.14659},{"city":"San Pedro Sacatepéquez","state":"Guatemala","population":14315,"lat":14.68612,"lng":-90.64253},{"city":"Zunil","state":"Quetzaltenango","population":14118,"lat":14.78463,"lng":-91.48345},{"city":"Barillas","state":"Huehuetenango","population":14100,"lat":15.80361,"lng":-91.31583},{"city":"San Miguel Chicaj","state":"Baja Verapaz","population":13747,"lat":15.09472,"lng":-90.39442},{"city":"San Pablo","state":"San Marcos","population":13668,"lat":14.93269,"lng":-92.00415},{"city":"San Antonio Suchitepéquez","state":"Suchitepeque","population":13666,"lat":14.53938,"lng":-91.41442},{"city":"Monjas","state":"Jalapa","population":13541,"lat":14.50309,"lng":-89.87246},{"city":"La Democracia","state":"Escuintla","population":13400,"lat":14.22919,"lng":-90.94806},{"city":"San Juan Chamelco","state":"Alta Verapaz","population":13264,"lat":15.42433,"lng":-90.33044},{"city":"San Mateo Ixtatán","state":"Huehuetenango","population":13213,"lat":15.83194,"lng":-91.47806},{"city":"Joyabaj","state":"Quiché","population":13164,"lat":14.99311,"lng":-90.80161},{"city":"Chiquimulilla","state":"Santa Rosa Department","population":12842,"lat":14.0838,"lng":-90.38547},{"city":"Pastores","state":"Sacatepéquez","population":12621,"lat":14.59433,"lng":-90.75473},{"city":"Almolonga","state":"Quetzaltenango","population":12299,"lat":14.81591,"lng":-91.49464},{"city":"Santa Lucía Milpas Altas","state":"Sacatepéquez","population":12234,"lat":14.57655,"lng":-90.67632},{"city":"Acatenango","state":"Chimaltenango","population":12136,"lat":14.55451,"lng":-90.94368},{"city":"El Quetzal","state":"San Marcos","population":12122,"lat":14.76865,"lng":-91.81757},{"city":"Sacapulas","state":"Quiché","population":12088,"lat":15.28801,"lng":-91.08914},{"city":"Senahú","state":"Alta Verapaz","population":12084,"lat":15.4164,"lng":-89.82215},{"city":"Flores Costa Cuca","state":"Quetzaltenango","population":11984,"lat":14.63238,"lng":-91.86341},{"city":"Magdalena Milpas Altas","state":"Sacatepéquez","population":11856,"lat":14.54801,"lng":-90.67477},{"city":"Chajul","state":"Quiché","population":11657,"lat":15.48523,"lng":-91.0352},{"city":"Atescatempa","state":"Jutiapa","population":11543,"lat":14.1755,"lng":-89.74184},{"city":"Melchor de Mencos","state":"Petén","population":11457,"lat":17.06606,"lng":-89.15229},{"city":"Ciudad Tecún Umán","state":"San Marcos","population":11432,"lat":14.67737,"lng":-92.14039},{"city":"Panajachel","state":"Sololá","population":11142,"lat":14.74185,"lng":-91.15676},{"city":"Nueva Concepción","state":"Escuintla","population":11121,"lat":14.2,"lng":-91.3},{"city":"San Juan Cotzal","state":"Quiché","population":11046,"lat":15.43368,"lng":-91.03481},{"city":"Cuyotenango","state":"Suchitepeque","population":10825,"lat":14.54006,"lng":-91.57179},{"city":"Santa Catarina Mita","state":"Jutiapa","population":10817,"lat":14.45131,"lng":-89.74285},{"city":"Cubulco","state":"Baja Verapaz","population":10681,"lat":15.10452,"lng":-90.62871},{"city":"Dolores","state":"Petén","population":10604,"lat":16.51178,"lng":-89.41704},{"city":"San Agustín Acasaguastlán","state":"El Progreso","population":10335,"lat":14.945,"lng":-89.96967},{"city":"Oratorio","state":"Santa Rosa Department","population":10155,"lat":14.22806,"lng":-90.17583},{"city":"Nueva Santa Rosa","state":"Santa Rosa Department","population":10130,"lat":14.38111,"lng":-90.27611},{"city":"Nuevo León","state":"Huehuetenango","population":10000,"lat":15.79369,"lng":-91.09237},{"city":"Huitán","state":"Quetzaltenango","population":9958,"lat":15.0492,"lng":-91.63944},{"city":"Champerico","state":"Retalhuleu","population":9941,"lat":14.29206,"lng":-91.91339},{"city":"San Martín Jilotepeque","state":"Chimaltenango","population":9846,"lat":14.78008,"lng":-90.79259},{"city":"San Pedro La Laguna","state":"Sololá","population":9681,"lat":14.69297,"lng":-91.27201},{"city":"Parramos","state":"Chimaltenango","population":9613,"lat":14.60891,"lng":-90.80303},{"city":"Santa Ana","state":"Petén","population":9523,"lat":16.80582,"lng":-89.82708},{"city":"Zacualpa","state":"Quiché","population":9241,"lat":15.02681,"lng":-90.87815},{"city":"San Cristóbal Cucho","state":"San Marcos","population":9152,"lat":14.90505,"lng":-91.78123},{"city":"Sayaxché","state":"Petén","population":9100,"lat":16.52446,"lng":-90.18801},{"city":"Tactic","state":"Alta Verapaz","population":8999,"lat":15.32218,"lng":-90.35448},{"city":"Samayac","state":"Quetzaltenango","population":8994,"lat":14.58084,"lng":-91.46135},{"city":"Estanzuela","state":"Zacapa","population":8937,"lat":14.99777,"lng":-89.57285},{"city":"Concepción Huista","state":"Huehuetenango","population":8925,"lat":15.62378,"lng":-91.66521},{"city":"El Tumbador","state":"San Marcos","population":8856,"lat":14.86375,"lng":-91.93416},{"city":"Santo Domingo Xenacoj","state":"Sacatepéquez","population":8791,"lat":14.68057,"lng":-90.70012},{"city":"San Raimundo","state":"Guatemala","population":8689,"lat":14.76462,"lng":-90.59493},{"city":"La Libertad","state":"Petén","population":8646,"lat":16.7885,"lng":-90.11698},{"city":"Chiantla","state":"Huehuetenango","population":8465,"lat":15.35484,"lng":-91.45807},{"city":"San Miguel Dueñas","state":"Sacatepéquez","population":8424,"lat":14.52241,"lng":-90.79938},{"city":"Cunén","state":"Quiché","population":8400,"lat":15.33626,"lng":-91.02776},{"city":"Jocotán","state":"Chiquimula","population":8387,"lat":14.82072,"lng":-89.38991},{"city":"Pajapita","state":"San Marcos","population":8164,"lat":14.72152,"lng":-92.03521},{"city":"Moyuta","state":"Jutiapa","population":8145,"lat":14.03861,"lng":-90.08083},{"city":"Nuevo Progreso","state":"San Marcos","population":8113,"lat":14.79174,"lng":-91.91946},{"city":"San Jerónimo","state":"Baja Verapaz","population":8093,"lat":15.06032,"lng":-90.2405},{"city":"Concepción Chiquirichapa","state":"Quetzaltenango","population":8080,"lat":14.8551,"lng":-91.6236},{"city":"Santa Cruz Balanyá","state":"Chimaltenango","population":7825,"lat":14.68522,"lng":-90.91906},{"city":"San Antonio Aguas Calientes","state":"Sacatepéquez","population":7811,"lat":14.54676,"lng":-90.78054},{"city":"San Antonio La Paz","state":"El Progreso","population":7781,"lat":14.75888,"lng":-90.28485},{"city":"Casillas","state":"Santa Rosa Department","population":7698,"lat":14.41915,"lng":-90.24328},{"city":"Río Bravo","state":"Suchitepeque","population":7568,"lat":14.40042,"lng":-91.31713},{"city":"San Miguel Sigüilá","state":"Quetzaltenango","population":7551,"lat":14.89547,"lng":-91.61457},{"city":"Mataquescuintla","state":"Jalapa","population":7539,"lat":14.52917,"lng":-90.18417},{"city":"Chahal","state":"Alta Verapaz","population":7465,"lat":15.79122,"lng":-89.60518},{"city":"El Progreso","state":"Jutiapa","population":7350,"lat":14.35604,"lng":-89.84854},{"city":"San Andrés","state":"Petén","population":7235,"lat":16.96863,"lng":-89.91181},{"city":"San Vicente Pacaya","state":"Escuintla","population":7162,"lat":14.41466,"lng":-90.63613},{"city":"Chuarrancho","state":"Guatemala","population":7149,"lat":14.81794,"lng":-90.51568},{"city":"Santo Tomás La Unión","state":"Suchitepeque","population":7081,"lat":14.63219,"lng":-91.41075},{"city":"Santa María Chiquimula","state":"Totonicapán","population":6980,"lat":15.02992,"lng":-91.3292},{"city":"San Carlos Sija","state":"Quetzaltenango","population":6831,"lat":14.98436,"lng":-91.54912},{"city":"San Luis","state":"Petén","population":6776,"lat":16.19889,"lng":-89.44028},{"city":"Uspantán","state":"Quiché","population":6664,"lat":15.34672,"lng":-90.8705},{"city":"Taxisco","state":"Santa Rosa Department","population":6518,"lat":14.06719,"lng":-90.46791},{"city":"La Libertad","state":"Huehuetenango","population":6439,"lat":15.51421,"lng":-91.86944},{"city":"Tacaná","state":"San Marcos","population":6438,"lat":15.24058,"lng":-92.06721},{"city":"Teculután","state":"Zacapa","population":6407,"lat":14.98901,"lng":-89.71936},{"city":"San José Acatempa","state":"Jutiapa","population":6367,"lat":14.26528,"lng":-90.12694},{"city":"Santo Domingo Suchitepéquez","state":"Suchitepeque","population":6270,"lat":14.47901,"lng":-91.48327},{"city":"San Bartolomé Milpas Altas","state":"Sacatepéquez","population":6261,"lat":14.6069,"lng":-90.67807},{"city":"Santa Cruz Naranjo","state":"Santa Rosa Department","population":6254,"lat":14.38806,"lng":-90.36972},{"city":"San Pablo La Laguna","state":"Sololá","population":6186,"lat":14.72092,"lng":-91.27242},{"city":"Concepción Tutuapa","state":"San Marcos","population":6006,"lat":15.2394,"lng":-91.8446},{"city":"Río Hondo","state":"Zacapa","population":5997,"lat":15.04505,"lng":-89.58523},{"city":"San José Poaquil","state":"Chimaltenango","population":5987,"lat":14.81808,"lng":-90.91248},{"city":"Santa Rosa de Lima","state":"Santa Rosa Department","population":5984,"lat":14.38806,"lng":-90.29556},{"city":"Santa Cruz Verapaz","state":"Alta Verapaz","population":5843,"lat":15.37342,"lng":-90.42857},{"city":"San Antonio Huista","state":"Huehuetenango","population":5669,"lat":15.6501,"lng":-91.77163},{"city":"Aguacatán","state":"Huehuetenango","population":5572,"lat":15.34222,"lng":-91.31141},{"city":"San Mateo","state":"Quetzaltenango","population":5534,"lat":14.858,"lng":-91.59004},{"city":"San Bernardino","state":"Suchitepeque","population":5501,"lat":14.5424,"lng":-91.45811},{"city":"Purulhá","state":"Baja Verapaz","population":5370,"lat":15.23566,"lng":-90.23571},{"city":"Santa Clara La Laguna","state":"Sololá","population":5306,"lat":14.71509,"lng":-91.30355},{"city":"Ipala","state":"Chiquimula","population":5283,"lat":14.61987,"lng":-89.6194},{"city":"San Andrés Villa Seca","state":"Retalhuleu","population":5102,"lat":14.57801,"lng":-91.58539},{"city":"Usumatlán","state":"Zacapa","population":4987,"lat":14.94779,"lng":-89.77712},{"city":"Santa Eulalia","state":"Huehuetenango","population":4921,"lat":15.7306,"lng":-91.45846},{"city":"San José del Golfo","state":"Guatemala","population":4908,"lat":14.76414,"lng":-90.37228},{"city":"La Reforma","state":"San Marcos","population":4905,"lat":14.80104,"lng":-91.82233},{"city":"Tucurú","state":"Alta Verapaz","population":4772,"lat":15.29402,"lng":-90.11916},{"city":"Cabañas","state":"Zacapa","population":4678,"lat":14.93333,"lng":-89.8},{"city":"Cahabón","state":"Alta Verapaz","population":4671,"lat":15.60662,"lng":-89.81172},{"city":"San Juan La Laguna","state":"Sololá","population":4608,"lat":14.69453,"lng":-91.28666},{"city":"Jerez","state":"Jutiapa","population":4421,"lat":14.09083,"lng":-89.7511},{"city":"San Martín Zapotitlán","state":"Retalhuleu","population":4419,"lat":14.60794,"lng":-91.60613},{"city":"Ocós","state":"San Marcos","population":4417,"lat":14.50998,"lng":-92.19298},{"city":"Tajumulco","state":"San Marcos","population":4329,"lat":15.08349,"lng":-91.92225},{"city":"San Rafael Pie de la Cuesta","state":"San Marcos","population":4320,"lat":14.93052,"lng":-91.91388},{"city":"El Jícaro","state":"El Progreso","population":4242,"lat":14.91333,"lng":-89.89654},{"city":"Pueblo Nuevo Viñas","state":"Santa Rosa Department","population":4211,"lat":14.22576,"lng":-90.47613},{"city":"San Cristóbal Totonicapán","state":"Totonicapán","population":4191,"lat":14.91682,"lng":-91.4406},{"city":"Quezaltepeque","state":"Chiquimula","population":4126,"lat":14.63553,"lng":-89.44241},{"city":"San Gabriel","state":"Suchitepeque","population":4118,"lat":14.51076,"lng":-91.50745},{"city":"Iztapa","state":"Escuintla","population":4020,"lat":13.93333,"lng":-90.7075},{"city":"San Francisco","state":"Petén","population":3954,"lat":16.7978,"lng":-89.93507},{"city":"Pochuta","state":"Chimaltenango","population":3879,"lat":14.5445,"lng":-91.08904},{"city":"Sansare","state":"El Progreso","population":3792,"lat":14.74572,"lng":-90.11615},{"city":"Génova","state":"Quetzaltenango","population":3744,"lat":14.62216,"lng":-91.8358},{"city":"Ixtahuacán","state":"Huehuetenango","population":3708,"lat":15.41688,"lng":-91.76927},{"city":"La Unión","state":"Zacapa","population":3682,"lat":14.96656,"lng":-89.29023},{"city":"San Miguel Ixtahuacán","state":"San Marcos","population":3662,"lat":15.27247,"lng":-91.74785},{"city":"San Martín Sacatepéquez","state":"Quetzaltenango","population":3658,"lat":14.82443,"lng":-91.64192},{"city":"Santa María Ixhuatán","state":"Santa Rosa Department","population":3634,"lat":14.19,"lng":-90.27472},{"city":"San Antonio Palopó","state":"Sololá","population":3588,"lat":14.69232,"lng":-91.11638},{"city":"San Pedro Necta","state":"Huehuetenango","population":3554,"lat":15.49142,"lng":-91.76551},{"city":"Los Amates","state":"Izabal Department","population":3417,"lat":15.25645,"lng":-89.09723},{"city":"Conguaco","state":"Jutiapa","population":3415,"lat":14.04417,"lng":-90.03111},{"city":"San Pedro Pinula","state":"Jalapa","population":3302,"lat":14.66349,"lng":-89.84625},{"city":"Concepción","state":"Sololá","population":3292,"lat":14.78417,"lng":-91.14754},{"city":"Todos Santos Cuchumatán","state":"Huehuetenango","population":3289,"lat":15.50846,"lng":-91.60382},{"city":"Santa Catarina Barahona","state":"Sacatepéquez","population":3214,"lat":14.55135,"lng":-90.78598},{"city":"Pueblo Nuevo","state":"Suchitepeque","population":3116,"lat":14.64709,"lng":-91.53946},{"city":"Catarina","state":"San Marcos","population":3040,"lat":14.85354,"lng":-92.07682},{"city":"Yupiltepeque","state":"Jutiapa","population":3028,"lat":14.19705,"lng":-89.79262},{"city":"Santiago Chimaltenango","state":"Huehuetenango","population":3020,"lat":15.47658,"lng":-91.69656},{"city":"Santa Catarina Palopó","state":"Sololá","population":2948,"lat":14.72335,"lng":-91.13428},{"city":"Cajolá","state":"Quetzaltenango","population":2927,"lat":14.92205,"lng":-91.61478},{"city":"Guanagazapa","state":"Escuintla","population":2842,"lat":14.22598,"lng":-90.64332},{"city":"Agua Blanca","state":"Jutiapa","population":2776,"lat":14.49805,"lng":-89.64961},{"city":"San Miguel Acatán","state":"Huehuetenango","population":2773,"lat":15.70401,"lng":-91.59771},{"city":"Zunilito","state":"Suchitepeque","population":2745,"lat":14.61264,"lng":-91.5098},{"city":"Huité","state":"Zacapa","population":2712,"lat":14.92786,"lng":-89.71627},{"city":"Santa Cruz Muluá","state":"Retalhuleu","population":2706,"lat":14.58153,"lng":-91.62441},{"city":"Chinique","state":"Quiché","population":2693,"lat":15.04147,"lng":-91.02594},{"city":"San Marcos La Laguna","state":"Sololá","population":2681,"lat":14.72504,"lng":-91.25844},{"city":"San Juan Bautista","state":"Suchitepeque","population":2680,"lat":14.42274,"lng":-91.17904},{"city":"Tejutla","state":"San Marcos","population":2653,"lat":15.12254,"lng":-91.80635},{"city":"San Manuel Chaparrón","state":"Jalapa","population":2624,"lat":14.51987,"lng":-89.76917},{"city":"San Andrés Semetabaj","state":"Sololá","population":2605,"lat":14.74497,"lng":-91.13344},{"city":"San Rafael Las Flores","state":"Santa Rosa Department","population":2572,"lat":14.47604,"lng":-90.17855},{"city":"Morazán","state":"El Progreso","population":2554,"lat":14.93278,"lng":-90.14306},{"city":"San Juan Ixcoy","state":"Huehuetenango","population":2535,"lat":15.60022,"lng":-91.44639},{"city":"Nentón","state":"Huehuetenango","population":2530,"lat":15.80113,"lng":-91.75423},{"city":"San José El Ídolo","state":"Suchitepeque","population":2412,"lat":14.45016,"lng":-91.42222},{"city":"Chiché","state":"Quiché","population":2406,"lat":15.00885,"lng":-91.06379},{"city":"Santa Apolonia","state":"Chimaltenango","population":2396,"lat":14.79049,"lng":-90.97267},{"city":"El Chol","state":"Baja Verapaz","population":2391,"lat":14.96055,"lng":-90.48799},{"city":"San José La Arada","state":"Chiquimula","population":2361,"lat":14.72266,"lng":-89.58599},{"city":"Pachalum","state":"Quiché","population":2344,"lat":14.92472,"lng":-90.66278},{"city":"El Adelanto","state":"Jutiapa","population":2341,"lat":14.17102,"lng":-89.82715},{"city":"Ixchiguán","state":"San Marcos","population":2263,"lat":15.16375,"lng":-91.93256},{"city":"Quesada","state":"Jutiapa","population":2250,"lat":14.27028,"lng":-90.04028},{"city":"San Juan Tecuaco","state":"Santa Rosa Department","population":2210,"lat":14.08361,"lng":-90.26649},{"city":"San Cristóbal Acasaguastlán","state":"El Progreso","population":2171,"lat":14.92485,"lng":-89.87427},{"city":"San Lorenzo","state":"Suchitepeque","population":2165,"lat":14.48606,"lng":-91.51263},{"city":"Malacatancito","state":"Huehuetenango","population":2121,"lat":15.24457,"lng":-91.49901},{"city":"Chicamán","state":"Quiché","population":2090,"lat":15.34786,"lng":-90.79968},{"city":"San Miguel Panán","state":"Suchitepeque","population":2024,"lat":14.52865,"lng":-91.36733},{"city":"San Antonio Ilotenango","state":"Quiché","population":2021,"lat":15.05472,"lng":-91.22986},{"city":"Lanquín","state":"Alta Verapaz","population":2006,"lat":15.57568,"lng":-89.98078},{"city":"Santa Ana Huista","state":"Huehuetenango","population":2004,"lat":15.68085,"lng":-91.82005},{"city":"San Andrés Sajcabajá","state":"Quiché","population":1988,"lat":15.17603,"lng":-90.9422},{"city":"San Juan Atitán","state":"Huehuetenango","population":1910,"lat":15.42886,"lng":-91.62398},{"city":"El Rodeo","state":"San Marcos","population":1887,"lat":14.91447,"lng":-91.97631},{"city":"Pasaco","state":"Jutiapa","population":1873,"lat":13.97722,"lng":-90.20639},{"city":"Cuilco","state":"Huehuetenango","population":1713,"lat":15.40719,"lng":-91.94667},{"city":"Canillá","state":"Quiché","population":1698,"lat":15.16549,"lng":-90.85256},{"city":"Palestina de los Altos","state":"Quetzaltenango","population":1691,"lat":14.93338,"lng":-91.69403},{"city":"Olopa","state":"Chiquimula","population":1690,"lat":14.69229,"lng":-89.35003},{"city":"Colotenango","state":"Huehuetenango","population":1690,"lat":15.40602,"lng":-91.71267},{"city":"San Antonio Sacatepéquez","state":"San Marcos","population":1658,"lat":14.9606,"lng":-91.73154},{"city":"Sibinal","state":"San Marcos","population":1657,"lat":15.14963,"lng":-92.04892},{"city":"San Juan Ermita","state":"Chiquimula","population":1623,"lat":14.76471,"lng":-89.43014},{"city":"San Bartolomé Jocotenango","state":"Quiché","population":1620,"lat":15.19153,"lng":-91.07806},{"city":"Zapotitlán","state":"Jutiapa","population":1617,"lat":14.13917,"lng":-89.82628},{"city":"Camotán","state":"Chiquimula","population":1597,"lat":14.82017,"lng":-89.37224},{"city":"Esquipulas Palo Gordo","state":"San Marcos","population":1533,"lat":14.94135,"lng":-91.82564},{"city":"San Rafael Petzal","state":"Huehuetenango","population":1525,"lat":15.40487,"lng":-91.66451},{"city":"San Jacinto","state":"Chiquimula","population":1519,"lat":14.67687,"lng":-89.50272},{"city":"Comapa","state":"Jutiapa","population":1493,"lat":14.11282,"lng":-89.91471},{"city":"Santa María Visitación","state":"Sololá","population":1487,"lat":14.71717,"lng":-91.30844},{"city":"Santa Cruz La Laguna","state":"Sololá","population":1422,"lat":14.74421,"lng":-91.20716},{"city":"Santa Lucia La Reforma","state":"Totonicapán","population":1406,"lat":15.12819,"lng":-91.23619},{"city":"San Sebastián Huehuetenango","state":"Huehuetenango","population":1311,"lat":15.38768,"lng":-91.6153},{"city":"Santa Lucía Utatlán","state":"Sololá","population":1305,"lat":14.77135,"lng":-91.267},{"city":"Concepción Las Minas","state":"Chiquimula","population":1295,"lat":14.52173,"lng":-89.45717},{"city":"San Bartolo","state":"Totonicapán","population":1290,"lat":15.08438,"lng":-91.45606},{"city":"San José Ojetenán","state":"San Marcos","population":1269,"lat":15.21667,"lng":-91.96667},{"city":"San José","state":"Petén","population":1201,"lat":16.98333,"lng":-89.9},{"city":"Sibilia","state":"Quetzaltenango","population":1180,"lat":14.99391,"lng":-91.62371},{"city":"San Francisco la Unión","state":"Quetzaltenango","population":1170,"lat":14.9235,"lng":-91.54157},{"city":"San Rafael La Independencia","state":"Huehuetenango","population":1059,"lat":15.7015,"lng":-91.53553},{"city":"San Pédro Jocopilas","state":"Quiché","population":1040,"lat":15.09525,"lng":-91.15135},{"city":"Tamahú","state":"Alta Verapaz","population":1012,"lat":15.3089,"lng":-90.23599},{"city":"Patzité","state":"Quiché","population":1003,"lat":14.96426,"lng":-91.20788},{"city":"San Lorenzo","state":"San Marcos","population":945,"lat":15.03087,"lng":-91.73534},{"city":"Granados","state":"Baja Verapaz","population":937,"lat":14.91649,"lng":-90.52292},{"city":"Santa Bárbara","state":"Huehuetenango","population":888,"lat":15.31617,"lng":-91.63279},{"city":"San José Chacayá","state":"Sololá","population":839,"lat":14.77096,"lng":-91.21564},{"city":"Río Blanco","state":"San Marcos","population":829,"lat":15.0382,"lng":-91.68463},{"city":"San Sebastián Coatán","state":"Huehuetenango","population":801,"lat":15.73584,"lng":-91.56285},{"city":"Tectitán","state":"Huehuetenango","population":743,"lat":15.3063,"lng":-92.06051},{"city":"Sipacapa","state":"San Marcos","population":661,"lat":15.21246,"lng":-91.63416},{"city":"San Diego","state":"Zacapa","population":557,"lat":14.78979,"lng":-89.77639},{"city":"San Gaspar Ixchil","state":"Huehuetenango","population":551,"lat":15.38796,"lng":-91.72564},{"city":"Unión","state":"Huehuetenango","population":0,"lat":15.92176,"lng":-91.77647},{"city":"Siquinalá","state":"Escuintla","population":0,"lat":14.30679,"lng":-90.96709},{"city":"San José Ojetenam","state":"San Marcos","population":0,"lat":15.23443,"lng":-91.97317},{"city":"San Jorge","state":"Zacapa","population":0,"lat":14.92588,"lng":-89.58875},{"city":"San Carlos Alzatate","state":"Jalapa","population":0,"lat":14.49778,"lng":-90.06028},{"city":"Raxruhá","state":"Alta Verapaz","population":0,"lat":15.86587,"lng":-90.04061},{"city":"Playa Grande","state":"Quiché","population":0,"lat":15.9855,"lng":-90.77292},{"city":"Olintepeque","state":"Quetzaltenango","population":0,"lat":14.88605,"lng":-91.51472},{"city":"La Tinta","state":"Alta Verapaz","population":0,"lat":15.31667,"lng":-89.88333},{"city":"La Democracia","state":"Huehuetenango","population":0,"lat":15.62544,"lng":-91.8867},{"city":"La Blanca","state":"San Marcos","population":0,"lat":14.57889,"lng":-92.14137},{"city":"El Chal","state":"Petén","population":0,"lat":16.64255,"lng":-89.65291},{"city":"San Juan Ostuncalco","state":"Quetzaltenango","population":0,"lat":14.87328,"lng":-91.6897},{"city":"La Máquina","state":"Suchitepeque","population":0,"lat":14.30189,"lng":-91.56703},{"city":"Fray Bartolomé de Las Casas","state":"Alta Verapaz","population":0,"lat":15.8051,"lng":-89.8605}]}}