{"timezone":"America/Managua","countries":{"Nicaragua":[{"city":"Managua","state":"Managua Department","population":973087,"lat":12.13282,"lng":-86.2504},{"city":"León","state":"León Department","population":144538,"lat":12.43527,"lng":-86.87862},{"city":"Masaya","state":"Masaya Department","population":130113,"lat":11.97316,"lng":-86.09587},{"city":"Chinandega","state":"Chinandega Department","population":126387,"lat":12.62951,"lng":-87.13133},{"city":"Matagalpa","state":"Matagalpa Department","population":109089,"lat":12.92795,"lng":-85.91906},{"city":"Estelí","state":"Estelí Department","population":96422,"lat":13.09291,"lng":-86.35589},{"city":"Granada","state":"Granada Department","population":89409,"lat":11.93062,"lng":-85.95368},{"city":"Mateare","state":"Managua Department","population":61234,"lat":12.23512,"lng":-86.42809},{"city":"Jinotega","state":"Jinotega Department","population":55000,"lat":13.09103,"lng":-86.00234},{"city":"El Viejo","state":"Chinandega Department","population":53504,"lat":12.66348,"lng":-87.16663},{"city":"Nueva Guinea","state":"South Caribbean Coast","population":52929,"lat":11.68758,"lng":-84.45616},{"city":"Tipitapa","state":"Managua Department","population":50000,"lat":12.19732,"lng":-86.09706},{"city":"Juigalpa","state":"Chontales Department","population":50000,"lat":12.10591,"lng":-85.36549},{"city":"Ciudad Sandino","state":"Managua Department","population":50000,"lat":12.15889,"lng":-86.34417},{"city":"Bluefields","state":"South Caribbean Coast","population":44373,"lat":12.01292,"lng":-83.76449},{"city":"Diriamba","state":"Carazo Department","population":35008,"lat":11.85812,"lng":-86.23922},{"city":"Ocotal","state":"Nueva Segovia Department","population":33928,"lat":13.63222,"lng":-86.47399},{"city":"Puerto Cabezas","state":"North Caribbean Coast","population":33635,"lat":14.03507,"lng":-83.38882},{"city":"Chichigalpa","state":"Chinandega Department","population":33137,"lat":12.57758,"lng":-87.02705},{"city":"Rivas","state":"Rivas Department","population":30000,"lat":11.43977,"lng":-85.82749},{"city":"San Rafael del Sur","state":"Managua Department","population":29836,"lat":11.84854,"lng":-86.43839},{"city":"Jinotepe","state":"Carazo Department","population":29507,"lat":11.84828,"lng":-86.19916},{"city":"Boaco","state":"Boaco Department","population":29046,"lat":12.47255,"lng":-85.65956},{"city":"Nagarote","state":"León Department","population":26270,"lat":12.26593,"lng":-86.56474},{"city":"Jalapa","state":"Nueva Segovia Department","population":24037,"lat":13.92221,"lng":-86.12346},{"city":"La Paz Centro","state":"León Department","population":23481,"lat":12.34,"lng":-86.67528},{"city":"San Marcos","state":"Carazo Department","population":23347,"lat":11.90949,"lng":-86.20351},{"city":"Masatepe","state":"Masaya Department","population":21452,"lat":11.91445,"lng":-86.14458},{"city":"Nandaime","state":"Granada Department","population":20810,"lat":11.75696,"lng":-86.05286},{"city":"Rama","state":"South Caribbean Coast","population":20456,"lat":12.15965,"lng":-84.21952},{"city":"Somoto","state":"Madriz Department","population":20316,"lat":13.4841,"lng":-86.58229},{"city":"Corinto","state":"Chinandega Department","population":19183,"lat":12.4825,"lng":-87.17304},{"city":"Río Blanco","state":"Matagalpa Department","population":17018,"lat":12.93435,"lng":-85.22354},{"city":"Camoapa","state":"Boaco Department","population":16653,"lat":12.38383,"lng":-85.51277},{"city":"El Crucero","state":"Managua Department","population":16469,"lat":11.99008,"lng":-86.30954},{"city":"Siuna","state":"North Caribbean Coast","population":16056,"lat":13.73321,"lng":-84.77725},{"city":"Somotillo","state":"Chinandega Department","population":15385,"lat":13.04387,"lng":-86.90506},{"city":"Santo Tomás","state":"Chontales Department","population":14809,"lat":12.06938,"lng":-85.09059},{"city":"Quilalí","state":"Nueva Segovia Department","population":13590,"lat":13.56695,"lng":-86.026},{"city":"San Carlos","state":"Río San Juan Department","population":13451,"lat":11.12711,"lng":-84.77794},{"city":"Ciudad Darío","state":"Matagalpa Department","population":13318,"lat":12.73143,"lng":-86.12402},{"city":"Ticuantepe","state":"Managua Department","population":13209,"lat":12.02263,"lng":-86.20493},{"city":"El Sauce","state":"León Department","population":11898,"lat":12.88687,"lng":-86.53903},{"city":"Condega","state":"Estelí Department","population":11000,"lat":13.36502,"lng":-86.39846},{"city":"Acoyapa","state":"Chontales Department","population":10563,"lat":11.97028,"lng":-85.17113},{"city":"Matiguás","state":"Matagalpa Department","population":10523,"lat":12.83734,"lng":-85.46218},{"city":"Diriomo","state":"Granada Department","population":10113,"lat":11.87631,"lng":-86.05184},{"city":"Telica","state":"León Department","population":8776,"lat":12.522,"lng":-86.85938},{"city":"San Lorenzo","state":"Boaco Department","population":8694,"lat":12.3783,"lng":-85.66646},{"city":"South End","state":"South Caribbean Coast","population":8011,"lat":12.17,"lng":-83.041},{"city":"Bocana de Paiwas","state":"South Caribbean Coast","population":7872,"lat":12.78571,"lng":-85.12269},{"city":"Las Praderas","state":"Jinotega Department","population":7836,"lat":13.17,"lng":-85.85},{"city":"Villa Sandino","state":"Chontales Department","population":7799,"lat":12.0483,"lng":-84.99362},{"city":"San Juan del Sur","state":"Rivas Department","population":7790,"lat":11.25292,"lng":-85.87049},{"city":"Niquinohomo","state":"Masaya Department","population":7732,"lat":11.90518,"lng":-86.09446},{"city":"Larreynaga","state":"León Department","population":7703,"lat":12.67692,"lng":-86.57193},{"city":"Puerto Morazán","state":"Chinandega Department","population":7671,"lat":12.85042,"lng":-87.17167},{"city":"San Jorge","state":"Rivas Department","population":7158,"lat":11.45584,"lng":-85.80308},{"city":"Nindirí","state":"Masaya Department","population":7073,"lat":12.00324,"lng":-86.12051},{"city":"Dolores","state":"Carazo Department","population":7065,"lat":11.85672,"lng":-86.21552},{"city":"Wiwilí","state":"Nueva Segovia Department","population":6955,"lat":13.62679,"lng":-85.8254},{"city":"La Concepción","state":"Masaya Department","population":6946,"lat":11.93711,"lng":-86.18976},{"city":"Nandasmo","state":"Masaya Department","population":6934,"lat":11.92411,"lng":-86.12072},{"city":"Pearl City","state":"South Caribbean Coast","population":6809,"lat":12.34294,"lng":-83.67123},{"city":"Waslala","state":"North Caribbean Coast","population":6498,"lat":13.335,"lng":-85.37},{"city":"Waspán","state":"North Caribbean Coast","population":6403,"lat":14.74189,"lng":-83.9717},{"city":"Posoltega","state":"Chinandega Department","population":6403,"lat":12.54422,"lng":-86.97982},{"city":"Bonanza","state":"North Caribbean Coast","population":6315,"lat":14.02885,"lng":-84.59103},{"city":"El Realejo","state":"Chinandega Department","population":6208,"lat":12.54333,"lng":-87.16517},{"city":"Santo Domingo","state":"Chontales Department","population":5827,"lat":12.26438,"lng":-85.08235},{"city":"San Rafael del Norte","state":"Jinotega Department","population":5458,"lat":13.21248,"lng":-86.11089},{"city":"Belén","state":"Rivas Department","population":5415,"lat":11.50299,"lng":-85.88935},{"city":"El Ayote","state":"Chontales Department","population":5406,"lat":12.19046,"lng":-85.28737},{"city":"Potosí","state":"Rivas Department","population":5222,"lat":11.49416,"lng":-85.8568},{"city":"Villa El Carmen","state":"Managua Department","population":5219,"lat":11.98009,"lng":-86.50571},{"city":"Tisma","state":"Masaya Department","population":5182,"lat":12.08194,"lng":-86.01739},{"city":"Masachapa","state":"Managua Department","population":5000,"lat":11.78687,"lng":-86.51416},{"city":"San Juan de Limay","state":"Estelí Department","population":4997,"lat":13.17603,"lng":-86.61234},{"city":"Muy Muy","state":"Matagalpa Department","population":4839,"lat":12.76224,"lng":-85.62915},{"city":"Pueblo Nuevo","state":"Estelí Department","population":4608,"lat":13.37984,"lng":-86.48075},{"city":"San Sebastián de Yalí","state":"Jinotega Department","population":4514,"lat":13.3054,"lng":-86.18641},{"city":"Puerto Sandino","state":"León Department","population":4371,"lat":12.19896,"lng":-86.7622},{"city":"Teustepe","state":"Boaco Department","population":4287,"lat":12.4203,"lng":-85.79798},{"city":"Poneloya","state":"León Department","population":4232,"lat":12.37404,"lng":-87.03793},{"city":"San Miguelito","state":"Río San Juan Department","population":4181,"lat":11.40255,"lng":-84.89991},{"city":"Jiquilillo","state":"Chinandega Department","population":4142,"lat":12.74593,"lng":-87.4516},{"city":"Moyogalpa","state":"Rivas Department","population":3940,"lat":11.54006,"lng":-85.69795},{"city":"San Dionisio","state":"Matagalpa Department","population":3910,"lat":12.76023,"lng":-85.85018},{"city":"Diriá","state":"Granada Department","population":3903,"lat":11.8842,"lng":-86.05508},{"city":"San Fernando","state":"Nueva Segovia Department","population":3899,"lat":13.67755,"lng":-86.31486},{"city":"San Juan de Río Coco","state":"Madriz Department","population":3820,"lat":13.54476,"lng":-86.16499},{"city":"Palacagüina","state":"Madriz Department","population":3678,"lat":13.45566,"lng":-86.40622},{"city":"Muelle de los Bueyes","state":"South Caribbean Coast","population":3587,"lat":12.06999,"lng":-84.53503},{"city":"Achuapa","state":"León Department","population":3299,"lat":13.0537,"lng":-86.59004},{"city":"La Libertad","state":"Chontales Department","population":3127,"lat":12.21635,"lng":-85.16595},{"city":"El Rosario","state":"Carazo Department","population":2991,"lat":11.77756,"lng":-86.37374},{"city":"Santa Rosa del Peñón","state":"León Department","population":2913,"lat":12.80116,"lng":-86.36994},{"city":"San Ramón","state":"Matagalpa Department","population":2827,"lat":12.92344,"lng":-85.83898},{"city":"Altagracia","state":"Rivas Department","population":2771,"lat":11.56615,"lng":-85.5784},{"city":"El Almendro","state":"Río San Juan Department","population":2681,"lat":11.67859,"lng":-84.70269},{"city":"Tola","state":"Rivas Department","population":2638,"lat":11.43927,"lng":-85.93891},{"city":"La Paz de Carazo","state":"Carazo Department","population":2454,"lat":11.82311,"lng":-86.12781},{"city":"Cuapa","state":"Chontales Department","population":2400,"lat":12.26875,"lng":-85.38205},{"city":"San José de Bocay","state":"Jinotega Department","population":2367,"lat":13.54204,"lng":-85.53942},{"city":"Mozonte","state":"Nueva Segovia Department","population":2338,"lat":13.66034,"lng":-86.43841},{"city":"Catarina","state":"Masaya Department","population":2327,"lat":11.91197,"lng":-86.07383},{"city":"Yalagüina","state":"Madriz Department","population":2265,"lat":13.48383,"lng":-86.49305},{"city":"Totogalpa","state":"Madriz Department","population":2265,"lat":13.56284,"lng":-86.49254},{"city":"La Concordia","state":"Jinotega Department","population":2249,"lat":13.19528,"lng":-86.16659},{"city":"Valle San Francisco","state":"Managua Department","population":2219,"lat":12.51667,"lng":-86.28333},{"city":"San José de los Remates","state":"Boaco Department","population":2115,"lat":12.5975,"lng":-85.76174},{"city":"San Juan de Oriente","state":"Masaya Department","population":2111,"lat":11.90624,"lng":-86.07343},{"city":"Telpaneca","state":"Madriz Department","population":2037,"lat":13.53151,"lng":-86.2871},{"city":"Quezalguaque","state":"León Department","population":1974,"lat":12.50683,"lng":-86.90292},{"city":"Terrabona","state":"Matagalpa Department","population":1902,"lat":12.73028,"lng":-85.96474},{"city":"Santa Lucía","state":"Boaco Department","population":1869,"lat":12.53262,"lng":-85.71074},{"city":"Ciudad Antigua","state":"Nueva Segovia Department","population":1787,"lat":13.6406,"lng":-86.30815},{"city":"Buenos Aires","state":"Rivas Department","population":1692,"lat":11.46916,"lng":-85.81661},{"city":"La Cruz de Río Grande","state":"South Caribbean Coast","population":1669,"lat":13.1129,"lng":-84.18588},{"city":"LLano de La Cruz","state":"Jinotega Department","population":1643,"lat":13.12449,"lng":-86.00833},{"city":"El Jicaral","state":"León Department","population":1446,"lat":12.72676,"lng":-86.38057},{"city":"San José de Cusmapa","state":"Madriz Department","population":1419,"lat":13.28841,"lng":-86.65539},{"city":"Morrito","state":"Río San Juan Department","population":1360,"lat":11.62118,"lng":-85.08052},{"city":"El Tortuguero","state":"South Caribbean Coast","population":1292,"lat":12.82247,"lng":-84.19629},{"city":"Comalapa","state":"Chontales Department","population":1272,"lat":12.28345,"lng":-85.51081},{"city":"Las Sabanas","state":"Madriz Department","population":1257,"lat":13.34302,"lng":-86.62184},{"city":"Cárdenas","state":"Rivas Department","population":1204,"lat":11.19639,"lng":-85.5089},{"city":"Murra","state":"Nueva Segovia Department","population":1179,"lat":13.7585,"lng":-86.01843},{"city":"La Conquista","state":"Carazo Department","population":919,"lat":11.73426,"lng":-86.19279},{"city":"San Lucas","state":"Madriz Department","population":910,"lat":13.4138,"lng":-86.6111},{"city":"Krukira","state":"North Caribbean Coast","population":861,"lat":14.16834,"lng":-83.30666},{"city":"San Francisco","state":"Chinandega Department","population":856,"lat":12.82613,"lng":-87.44557},{"city":"Cinco Pinos","state":"Chinandega Department","population":784,"lat":13.22956,"lng":-86.86808},{"city":"El Castillo de La Concepción","state":"Río San Juan Department","population":735,"lat":11.01844,"lng":-84.39811},{"city":"Santa María","state":"Nueva Segovia Department","population":720,"lat":13.74665,"lng":-86.70934},{"city":"Grey Town","state":"Río San Juan Department","population":642,"lat":10.94684,"lng":-83.73467},{"city":"Santo Tomás del Norte","state":"Chinandega Department","population":608,"lat":13.1861,"lng":-86.92267},{"city":"Dipilto","state":"Nueva Segovia Department","population":467,"lat":13.72106,"lng":-86.50619},{"city":"Prinzapolka","state":"North Caribbean Coast","population":394,"lat":13.40708,"lng":-83.56452},{"city":"Macuelizo","state":"Nueva Segovia Department","population":374,"lat":13.65328,"lng":-86.61297},{"city":"Villanueva","state":"Chinandega Department","population":0,"lat":12.96353,"lng":-86.81517},{"city":"Tonalá","state":"Chinandega Department","population":0,"lat":12.7673,"lng":-87.13323},{"city":"Sébaco","state":"Matagalpa Department","population":0,"lat":12.85321,"lng":-86.0963},{"city":"Santa Teresa","state":"Carazo Department","population":0,"lat":11.80299,"lng":-86.16312},{"city":"San Pedro de Lóvago","state":"Chontales Department","population":0,"lat":12.12943,"lng":-85.11523},{"city":"San Pedro del Norte","state":"Chinandega Department","population":0,"lat":13.27611,"lng":-86.87782},{"city":"San Nicolás","state":"Estelí Department","population":0,"lat":12.93236,"lng":-86.34805},{"city":"San Isidro","state":"Matagalpa Department","population":0,"lat":12.92957,"lng":-86.19521},{"city":"San Francisco Libre","state":"Managua Department","population":0,"lat":12.50497,"lng":-86.29942},{"city":"San Francisco del Norte","state":"Chinandega Department","population":0,"lat":13.19921,"lng":-86.77101},{"city":"El Cuá","state":"Jinotega Department","population":0,"lat":13.36844,"lng":-85.67335},{"city":"Mulukukú","state":"North Caribbean Coast","population":0,"lat":13.17611,"lng":-84.95522},{"city":"Malpaisillo","state":"León Department","population":0,"lat":12.59374,"lng":-86.67952},{"city":"La Trinidad","state":"Estelí Department","population":0,"lat":12.96881,"lng":-86.23534},{"city":"Kukra Hill","state":"South Caribbean Coast","population":0,"lat":12.24096,"lng":-83.74517},{"city":"Karawala","state":"South Caribbean Coast","population":0,"lat":12.93072,"lng":-83.57724},{"city":"Esquipulas","state":"Matagalpa Department","population":0,"lat":12.66446,"lng":-85.78734},{"city":"El Rosario","state":"Carazo Department","population":0,"lat":11.8328,"lng":-86.16526},{"city":"El Jícaro","state":"Nueva Segovia Department","population":0,"lat":13.7229,"lng":-86.13852},{"city":"Boca de Sábalos","state":"Río San Juan Department","population":0,"lat":11.05,"lng":-84.46667},{"city":"Santa Maía de Pantasma","state":"Jinotega Department","population":0,"lat":13.34809,"lng":-85.94451},{"city":"Wiwilí de Jinotega","state":"Jinotega Department","population":0,"lat":13.61494,"lng":-85.81676},{"city":"El Coral","state":"Chontales Department","population":0,"lat":11.91781,"lng":-84.64827},{"city":"Waslala","state":"North Caribbean Coast","population":0,"lat":13.33581,"lng":-85.37054},{"city":"El Ayote","state":"South Caribbean Coast","population":0,"lat":12.49952,"lng":-84.81519},{"city":"La Dalia","state":"Matagalpa Department","population":0,"lat":13.13652,"lng":-85.73738},{"city":"Rancho Grande","state":"Matagalpa Department","population":0,"lat":13.23695,"lng":-85.55817},{"city":"Pantasma","state":"Jinotega Department","population":0,"lat":13.3491,"lng":-85.9437}]}}