{"timezone":"America/Tegucigalpa","countries":{"Honduras":[{"city":"Tegucigalpa","state":"Francisco Morazán Department","population":850848,"lat":14.0818,"lng":-87.20681},{"city":"San Pedro Sula","state":"Cortés Department","population":801259,"lat":15.50585,"lng":-88.02588},{"city":"La Ceiba","state":"Atlántida Department","population":222055,"lat":15.75971,"lng":-86.78221},{"city":"Choloma","state":"Cortés Department","population":139100,"lat":15.61444,"lng":-87.95302},{"city":"El Progreso","state":"Yoro Department","population":100810,"lat":15.4,"lng":-87.8},{"city":"Ciudad Choluteca","state":"Choluteca Department","population":75872,"lat":13.30569,"lng":-87.17882},{"city":"Comayagua","state":"Comayagua Department","population":58784,"lat":14.45577,"lng":-87.63968},{"city":"Puerto Cortez","state":"Cortés Department","population":48013,"lat":15.82562,"lng":-87.92968},{"city":"La Lima","state":"Cortés Department","population":45955,"lat":15.43333,"lng":-87.91667},{"city":"Danlí","state":"El Paraíso Department","population":44799,"lat":14.03333,"lng":-86.58333},{"city":"Siguatepeque","state":"Comayagua Department","population":43141,"lat":14.59691,"lng":-87.83102},{"city":"Juticalpa","state":"Olancho Department","population":33686,"lat":14.66438,"lng":-86.22246},{"city":"Villanueva","state":"Cortés Department","population":31571,"lat":15.31476,"lng":-87.99383},{"city":"Tocoa","state":"Colón Department","population":30785,"lat":15.68333,"lng":-86.0},{"city":"Tela","state":"Atlántida Department","population":29325,"lat":15.77425,"lng":-87.46731},{"city":"Santa Rosa de Copán","state":"Copán Department","population":27753,"lat":14.77388,"lng":-88.7756},{"city":"Olanchito","state":"Yoro Department","population":25969,"lat":15.48131,"lng":-86.57415},{"city":"San Lorenzo","state":"Valle Department","population":22289,"lat":13.42417,"lng":-87.44722},{"city":"Cofradía","state":"Cortés Department","population":20353,"lat":15.4,"lng":-88.15},{"city":"El Paraíso","state":"El Paraíso Department","population":18779,"lat":13.86667,"lng":-86.55},{"city":"La Paz","state":"La Paz Department","population":17555,"lat":14.32124,"lng":-87.67589},{"city":"Yoro","state":"Yoro Department","population":15774,"lat":15.13824,"lng":-87.12838},{"city":"Potrerillos","state":"Cortés Department","population":15707,"lat":15.23008,"lng":-87.96386},{"city":"Santa Bárbara","state":"Santa Bárbara Department","population":15119,"lat":14.92217,"lng":-88.23756},{"city":"La Entrada","state":"Copán Department","population":14705,"lat":15.06381,"lng":-88.74627},{"city":"Nacaome","state":"Valle Department","population":13929,"lat":13.53917,"lng":-87.48913},{"city":"Intibucá","state":"Intibucá Department","population":13741,"lat":14.31226,"lng":-88.17608},{"city":"Talanga","state":"Francisco Morazán Department","population":13492,"lat":14.4,"lng":-87.08333},{"city":"Guaimaca","state":"Francisco Morazán Department","population":12899,"lat":14.53333,"lng":-86.81667},{"city":"Santa Rita","state":"Yoro Department","population":12869,"lat":15.16667,"lng":-87.28333},{"city":"Morazán","state":"Yoro Department","population":11076,"lat":15.31667,"lng":-87.6},{"city":"Santa Cruz de Yojoa","state":"Cortés Department","population":10230,"lat":14.98086,"lng":-87.89091},{"city":"Marcala","state":"La Paz Department","population":10054,"lat":14.15661,"lng":-88.03466},{"city":"Sabá","state":"Colón Department","population":9666,"lat":15.46667,"lng":-86.25},{"city":"Trujillo","state":"Colón Department","population":9646,"lat":15.91741,"lng":-85.95263},{"city":"El Negrito","state":"Yoro Department","population":9303,"lat":15.31667,"lng":-87.7},{"city":"Baracoa","state":"Cortés Department","population":9202,"lat":15.77581,"lng":-87.85255},{"city":"San Marcos de Colón","state":"Choluteca Department","population":8821,"lat":13.43333,"lng":-86.8},{"city":"Nueva Ocotepeque","state":"Ocotepeque Department","population":8780,"lat":14.43382,"lng":-89.18281},{"city":"Pimienta Vieja","state":"Cortés Department","population":8761,"lat":15.23333,"lng":-87.96667},{"city":"Gracias","state":"Lempira Department","population":7909,"lat":14.59065,"lng":-88.58612},{"city":"Agua Blanca Sur","state":"Yoro Department","population":7592,"lat":15.25,"lng":-87.88333},{"city":"Coxen Hole","state":"Bay Islands","population":7514,"lat":16.31553,"lng":-86.53966},{"city":"Las Vegas, Santa Barbara","state":"Santa Bárbara Department","population":7487,"lat":14.87649,"lng":-88.07473},{"city":"El Triunfo","state":"Choluteca Department","population":7182,"lat":13.11667,"lng":-87.0},{"city":"Jesús de Otoro","state":"Intibucá Department","population":6988,"lat":14.48775,"lng":-87.98181},{"city":"La Alianza","state":"Valle Department","population":6923,"lat":13.51222,"lng":-87.72444},{"city":"Monjarás","state":"Choluteca Department","population":6772,"lat":13.20056,"lng":-87.37417},{"city":"Campamento","state":"Olancho Department","population":6560,"lat":14.55,"lng":-86.65},{"city":"San Manuel","state":"Cortés Department","population":6389,"lat":15.33143,"lng":-87.92115},{"city":"Copán Ruinas","state":"Copán Department","population":6336,"lat":14.83936,"lng":-89.15583},{"city":"Mezapa","state":"Atlántida Department","population":6324,"lat":15.58333,"lng":-87.65},{"city":"Las Trojes","state":"El Paraíso Department","population":6253,"lat":14.06667,"lng":-85.98333},{"city":"Azacualpa","state":"Santa Bárbara Department","population":5949,"lat":15.34364,"lng":-88.55226},{"city":"Villa de San Francisco","state":"Francisco Morazán Department","population":5914,"lat":14.16667,"lng":-86.96667},{"city":"San Juan Pueblo","state":"Atlántida Department","population":5735,"lat":15.58333,"lng":-87.23333},{"city":"San Luis","state":"Santa Bárbara Department","population":5733,"lat":15.12692,"lng":-88.43931},{"city":"Guanaja","state":"Bay Islands","population":5538,"lat":16.44186,"lng":-85.88717},{"city":"San Francisco de la Paz","state":"Olancho Department","population":5411,"lat":14.9,"lng":-86.2},{"city":"Villa de San Antonio","state":"Comayagua Department","population":5390,"lat":14.32594,"lng":-87.61351},{"city":"Ajuterique","state":"Comayagua Department","population":5354,"lat":14.38304,"lng":-87.70965},{"city":"San Marcos","state":"Ocotepeque Department","population":5346,"lat":14.40788,"lng":-88.95525},{"city":"Florida","state":"Copán Department","population":5340,"lat":15.02692,"lng":-88.83567},{"city":"La Esperanza","state":"Intibucá Department","population":5318,"lat":14.30158,"lng":-88.16725},{"city":"Cuyamel","state":"Cortés Department","population":5022,"lat":15.66505,"lng":-88.19478},{"city":"Puerto Lempira","state":"Gracias a Dios Department","population":5000,"lat":15.26566,"lng":-83.77436},{"city":"San Antonio de Cortés","state":"Cortés Department","population":4955,"lat":15.11611,"lng":-88.04074},{"city":"Omoa","state":"Cortés Department","population":4763,"lat":15.77603,"lng":-88.03833},{"city":"Corquín","state":"Copán Department","population":4752,"lat":14.56667,"lng":-88.86667},{"city":"La Libertad","state":"Comayagua Department","population":4673,"lat":14.75792,"lng":-87.60759},{"city":"Taulabé","state":"Comayagua Department","population":4660,"lat":14.69251,"lng":-87.96537},{"city":"Valle de Ángeles","state":"Francisco Morazán Department","population":4649,"lat":14.1578,"lng":-87.04263},{"city":"Santa María del Real","state":"Olancho Department","population":4587,"lat":14.76667,"lng":-85.95},{"city":"Arizona","state":"Atlántida Department","population":4444,"lat":15.63333,"lng":-87.31667},{"city":"Trinidad","state":"Santa Bárbara Department","population":4276,"lat":15.14237,"lng":-88.23321},{"city":"Teupasenti","state":"El Paraíso Department","population":4207,"lat":14.21667,"lng":-86.7},{"city":"La Jutosa","state":"Cortés Department","population":4183,"lat":15.64166,"lng":-87.99201},{"city":"Tras Cerros","state":"Santa Bárbara Department","population":4174,"lat":15.3,"lng":-88.66667},{"city":"Brus Laguna","state":"Gracias a Dios Department","population":4067,"lat":15.75,"lng":-84.48333},{"city":"La Masica","state":"Atlántida Department","population":4022,"lat":15.61667,"lng":-87.11667},{"city":"San José de Colinas","state":"Santa Bárbara Department","population":3985,"lat":15.04101,"lng":-88.30186},{"city":"Naco","state":"Cortés Department","population":3966,"lat":15.39106,"lng":-88.18312},{"city":"San Marcos","state":"Santa Bárbara Department","population":3923,"lat":15.30248,"lng":-88.41605},{"city":"Zambrano","state":"Francisco Morazán Department","population":3873,"lat":14.26667,"lng":-87.4},{"city":"Lejamaní","state":"Comayagua Department","population":3835,"lat":14.36681,"lng":-87.7072},{"city":"Naranjito","state":"Santa Bárbara Department","population":3813,"lat":14.95297,"lng":-88.68333},{"city":"Pinalejo","state":"Santa Bárbara Department","population":3767,"lat":15.38705,"lng":-88.39207},{"city":"Bonito Oriental","state":"Colón Department","population":3732,"lat":15.74765,"lng":-85.73559},{"city":"Langue","state":"Valle Department","population":3679,"lat":13.62083,"lng":-87.6525},{"city":"San Juan de Flores","state":"Francisco Morazán Department","population":3633,"lat":14.26667,"lng":-87.03333},{"city":"Gualaco","state":"Olancho Department","population":3601,"lat":15.02521,"lng":-86.07076},{"city":"Dulce Nombre","state":"Copán Department","population":3589,"lat":14.84802,"lng":-88.8316},{"city":"Jutiquile","state":"Olancho Department","population":3585,"lat":14.71667,"lng":-86.08333},{"city":"Santa Ana","state":"Atlántida Department","population":3579,"lat":15.65,"lng":-87.06667},{"city":"Pueblo Nuevo","state":"Cortés Department","population":3556,"lat":15.34655,"lng":-87.99041},{"city":"Minas de Oro","state":"Comayagua Department","population":3554,"lat":14.79611,"lng":-87.34654},{"city":"Peña Blanca","state":"Cortés Department","population":3552,"lat":15.53333,"lng":-88.05},{"city":"San Nicolás","state":"Santa Bárbara Department","population":3522,"lat":14.9423,"lng":-88.32796},{"city":"Quimistán","state":"Santa Bárbara Department","population":3517,"lat":15.34752,"lng":-88.4052},{"city":"Río Lindo","state":"Cortés Department","population":3479,"lat":15.0462,"lng":-87.98632},{"city":"San Esteban","state":"Olancho Department","population":3439,"lat":15.21231,"lng":-85.76996},{"city":"Agua Fría","state":"Valle Department","population":3196,"lat":13.46889,"lng":-87.55111},{"city":"Pespire","state":"Choluteca Department","population":3172,"lat":13.59222,"lng":-87.36167},{"city":"El Porvenir","state":"Francisco Morazán Department","population":3153,"lat":13.76167,"lng":-87.34583},{"city":"Lepaera","state":"Lempira Department","population":3137,"lat":14.77876,"lng":-88.5902},{"city":"Elíxir","state":"Colón Department","population":3079,"lat":15.48333,"lng":-86.3},{"city":"Yarumela","state":"La Paz Department","population":3059,"lat":14.33578,"lng":-87.64557},{"city":"La Unión","state":"Lempira Department","population":3054,"lat":14.81387,"lng":-88.40845},{"city":"Casa Quemada","state":"Cortés Department","population":3036,"lat":15.11667,"lng":-88.08333},{"city":"Flores","state":"Comayagua Department","population":3018,"lat":14.29442,"lng":-87.57142},{"city":"Las Lajas","state":"Comayagua Department","population":3011,"lat":14.78333,"lng":-87.75},{"city":"El Pino","state":"Atlántida Department","population":3004,"lat":15.7,"lng":-86.93333},{"city":"Zamora","state":"Colón Department","population":2999,"lat":15.63333,"lng":-86.06667},{"city":"Armenta","state":"Cortés Department","population":2989,"lat":15.5,"lng":-88.05},{"city":"Morocelí","state":"El Paraíso Department","population":2984,"lat":14.11667,"lng":-86.86667},{"city":"El Ciruelo","state":"Santa Bárbara Department","population":2980,"lat":15.29443,"lng":-88.5083},{"city":"El Porvenir","state":"Cortés Department","population":2940,"lat":15.83333,"lng":-87.93333},{"city":"Cucuyagua","state":"Copán Department","population":2939,"lat":14.64777,"lng":-88.87385},{"city":"Arada","state":"Santa Bárbara Department","population":2913,"lat":14.84582,"lng":-88.30108},{"city":"Victoria","state":"Yoro Department","population":2884,"lat":15.50381,"lng":-87.82625},{"city":"Corocito","state":"Colón Department","population":2855,"lat":15.75,"lng":-85.78333},{"city":"Salamá","state":"Olancho Department","population":2820,"lat":14.83333,"lng":-86.58333},{"city":"Jutiapa","state":"Atlántida Department","population":2815,"lat":15.76667,"lng":-86.51667},{"city":"San Francisco","state":"Atlántida Department","population":2806,"lat":15.65,"lng":-87.05},{"city":"Ojojona","state":"Francisco Morazán Department","population":2790,"lat":13.93389,"lng":-87.29583},{"city":"Sulaco","state":"Yoro Department","population":2760,"lat":14.91667,"lng":-87.26667},{"city":"Barra Patuca","state":"Gracias a Dios Department","population":2758,"lat":15.8,"lng":-84.28333},{"city":"Quebrada de Arena","state":"Colón Department","population":2723,"lat":15.76667,"lng":-85.91667},{"city":"Güinope","state":"El Paraíso Department","population":2716,"lat":13.88333,"lng":-86.93333},{"city":"Santa Rita, Copan","state":"Copán Department","population":2704,"lat":14.86748,"lng":-89.1},{"city":"French Harbor","state":"Bay Islands","population":2698,"lat":16.35,"lng":-86.43333},{"city":"La Mina","state":"Yoro Department","population":2690,"lat":15.31667,"lng":-87.83333},{"city":"Támara","state":"Francisco Morazán Department","population":2683,"lat":14.16913,"lng":-87.34067},{"city":"Jacaleapa","state":"El Paraíso Department","population":2578,"lat":14.01667,"lng":-86.66667},{"city":"El Rosario","state":"Comayagua Department","population":2575,"lat":14.8,"lng":-87.76667},{"city":"Sambo Creek","state":"Atlántida Department","population":2532,"lat":15.81667,"lng":-86.68333},{"city":"Toyós","state":"Yoro Department","population":2530,"lat":15.55,"lng":-87.65},{"city":"La Guacamaya","state":"Yoro Department","population":2525,"lat":15.25,"lng":-87.8},{"city":"El Zapotal del Norte","state":"Cortés Department","population":2508,"lat":15.51667,"lng":-88.05},{"city":"Sula","state":"Santa Bárbara Department","population":2502,"lat":15.24765,"lng":-88.56047},{"city":"La Ermita","state":"Francisco Morazán Department","population":2495,"lat":14.46667,"lng":-87.06667},{"city":"El Níspero","state":"Santa Bárbara Department","population":2474,"lat":14.76667,"lng":-88.33333},{"city":"Río Blanquito","state":"Cortés Department","population":2458,"lat":15.72756,"lng":-87.90151},{"city":"Santiago de Puringla","state":"La Paz Department","population":2433,"lat":14.35783,"lng":-87.9041},{"city":"San Vicente Centenario","state":"Santa Bárbara Department","population":2430,"lat":14.89045,"lng":-88.28534},{"city":"San Francisco de Becerra","state":"Olancho Department","population":2411,"lat":14.63333,"lng":-86.1},{"city":"Sinuapa","state":"Ocotepeque Department","population":2389,"lat":14.44305,"lng":-89.18594},{"city":"La Unión","state":"Atlántida Department","population":2382,"lat":15.71667,"lng":-87.0},{"city":"San Jerónimo","state":"Choluteca Department","population":2381,"lat":13.17667,"lng":-87.13639},{"city":"Yuscarán","state":"El Paraíso Department","population":2371,"lat":13.94439,"lng":-86.85241},{"city":"Jericó","state":"Colón Department","population":2364,"lat":15.95,"lng":-85.96667},{"city":"Belén Gualcho","state":"Ocotepeque Department","population":2359,"lat":14.48333,"lng":-88.8},{"city":"Orica","state":"Francisco Morazán Department","population":2342,"lat":14.7,"lng":-86.95},{"city":"San Ignacio","state":"Francisco Morazán Department","population":2330,"lat":14.65,"lng":-87.03333},{"city":"Ojo de Agua","state":"El Paraíso Department","population":2330,"lat":14.01667,"lng":-86.35},{"city":"Guaimitas","state":"Yoro Department","population":2321,"lat":15.5,"lng":-87.71667},{"city":"Villa Nueva","state":"Francisco Morazán Department","population":2295,"lat":14.03169,"lng":-87.14132},{"city":"Santa Lucía","state":"Francisco Morazán Department","population":2288,"lat":14.11568,"lng":-87.11368},{"city":"El Porvenir","state":"Atlántida Department","population":2269,"lat":15.75,"lng":-86.93333},{"city":"Corozal","state":"Atlántida Department","population":2261,"lat":15.8,"lng":-86.71667},{"city":"Quebrada Seca","state":"Cortés Department","population":2248,"lat":15.66065,"lng":-87.9493},{"city":"Monterrey","state":"Cortés Department","population":2234,"lat":15.58937,"lng":-87.88138},{"city":"Trinidad de Copán","state":"Copán Department","population":2232,"lat":14.94567,"lng":-88.7422},{"city":"San Nicolás","state":"Copán Department","population":2231,"lat":15.00341,"lng":-88.75167},{"city":"El Triunfo de la Cruz","state":"Atlántida Department","population":2190,"lat":15.76667,"lng":-87.43333},{"city":"Cane","state":"La Paz Department","population":2190,"lat":14.27933,"lng":-87.65794},{"city":"La Sarrosa","state":"Yoro Department","population":2188,"lat":15.23333,"lng":-87.83333},{"city":"El Plan","state":"Cortés Department","population":2176,"lat":15.32641,"lng":-87.94984},{"city":"Yorito","state":"Yoro Department","population":2169,"lat":15.06667,"lng":-87.28333},{"city":"Cañaveral","state":"Cortés Department","population":2137,"lat":14.98401,"lng":-88.02486},{"city":"La Flecha","state":"Santa Bárbara Department","population":2136,"lat":15.29237,"lng":-88.48953},{"city":"Amapala","state":"Valle Department","population":2136,"lat":13.29222,"lng":-87.65389},{"city":"Nueva Esperanza","state":"Yoro Department","population":2120,"lat":15.26667,"lng":-87.6},{"city":"Protección","state":"Santa Bárbara Department","population":2101,"lat":15.02764,"lng":-88.6469},{"city":"Nuevo Chamelecón","state":"Cortés Department","population":2098,"lat":15.38333,"lng":-88.01667},{"city":"Dulce Nombre de Culmí","state":"Olancho Department","population":2091,"lat":15.1,"lng":-85.53333},{"city":"Lepaterique","state":"Francisco Morazán Department","population":2090,"lat":14.06667,"lng":-87.46667},{"city":"Sabanagrande","state":"Francisco Morazán Department","population":2056,"lat":13.80778,"lng":-87.25917},{"city":"Río Abajo","state":"Francisco Morazán Department","population":2055,"lat":14.16927,"lng":-87.20515},{"city":"El Suyatal","state":"Francisco Morazán Department","population":2027,"lat":14.51667,"lng":-87.21667},{"city":"La Esperanza","state":"Colón Department","population":2014,"lat":15.63333,"lng":-85.76667},{"city":"Chalmeca","state":"Copán Department","population":2008,"lat":15.09579,"lng":-88.68036},{"city":"Vallecillo","state":"Francisco Morazán Department","population":1986,"lat":14.51667,"lng":-87.4},{"city":"La Concepción","state":"Olancho Department","population":1985,"lat":14.7,"lng":-86.23333},{"city":"San Luis","state":"Comayagua Department","population":1967,"lat":14.74935,"lng":-87.40846},{"city":"El Mochito","state":"Santa Bárbara Department","population":1950,"lat":14.86667,"lng":-88.08333},{"city":"San Francisco de Yojoa","state":"Cortés Department","population":1946,"lat":15.01442,"lng":-87.9716},{"city":"Marcovia","state":"Choluteca Department","population":1928,"lat":13.28806,"lng":-87.30972},{"city":"El Tular","state":"Valle Department","population":1927,"lat":13.46639,"lng":-87.51528},{"city":"El Llano","state":"Cortés Department","population":1923,"lat":15.17939,"lng":-87.87952},{"city":"El Milagro","state":"Cortés Department","population":1917,"lat":15.4,"lng":-87.96667},{"city":"El Ocote","state":"Yoro Department","population":1908,"lat":15.41667,"lng":-86.56667},{"city":"Punuare","state":"Olancho Department","population":1905,"lat":14.73333,"lng":-85.96667},{"city":"San José","state":"Yoro Department","population":1897,"lat":15.31667,"lng":-87.16667},{"city":"Erandique","state":"Lempira Department","population":1882,"lat":14.23787,"lng":-88.46447},{"city":"San Francisco del Valle","state":"Ocotepeque Department","population":1878,"lat":14.43542,"lng":-88.95608},{"city":"San Pedro de Tutule","state":"La Paz Department","population":1876,"lat":14.25145,"lng":-87.85414},{"city":"Antigua Ocotepeque","state":"Ocotepeque Department","population":1862,"lat":14.40131,"lng":-89.19971},{"city":"El Marañón","state":"Cortés Department","population":1836,"lat":15.39518,"lng":-88.05437},{"city":"Santa Ana de Yusguare","state":"Choluteca Department","population":1823,"lat":13.30056,"lng":-87.11389},{"city":"El Guapinol","state":"Francisco Morazán Department","population":1817,"lat":13.76667,"lng":-87.46667},{"city":"Arimís","state":"Olancho Department","population":1817,"lat":14.78333,"lng":-86.0},{"city":"Ilama","state":"Santa Bárbara Department","population":1811,"lat":15.06809,"lng":-88.22311},{"city":"Namasigüe","state":"Choluteca Department","population":1804,"lat":13.20472,"lng":-87.13889},{"city":"Lamaní","state":"Comayagua Department","population":1791,"lat":14.19626,"lng":-87.62128},{"city":"San José","state":"Copán Department","population":1789,"lat":14.90235,"lng":-88.72063},{"city":"San Jerónimo","state":"Comayagua Department","population":1789,"lat":14.62674,"lng":-87.60671},{"city":"Atenas de San Cristóbal","state":"Atlántida Department","population":1783,"lat":15.68333,"lng":-87.31667},{"city":"San Agustín","state":"Copán Department","population":1777,"lat":14.81958,"lng":-88.93562},{"city":"Agualote","state":"Santa Bárbara Department","population":1759,"lat":15.33621,"lng":-88.55312},{"city":"El Bálsamo","state":"Yoro Department","population":1741,"lat":15.06667,"lng":-87.46667},{"city":"Salamá","state":"Colón Department","population":1737,"lat":15.75,"lng":-85.96667},{"city":"Jocón","state":"Yoro Department","population":1731,"lat":15.28333,"lng":-86.96667},{"city":"Arenal","state":"Yoro Department","population":1722,"lat":15.35,"lng":-86.83333},{"city":"San Antonio","state":"Yoro Department","population":1711,"lat":15.33333,"lng":-87.15},{"city":"Guayape","state":"Olancho Department","population":1703,"lat":14.71667,"lng":-86.83333},{"city":"El Obraje","state":"El Paraíso Department","population":1703,"lat":14.0,"lng":-86.43333},{"city":"Atima","state":"Santa Bárbara Department","population":1703,"lat":14.93253,"lng":-88.48965},{"city":"Ocote Paulino","state":"Yoro Department","population":1697,"lat":15.41667,"lng":-87.6},{"city":"Santa Rita","state":"Santa Bárbara Department","population":1687,"lat":14.91667,"lng":-88.21667},{"city":"Los Naranjos","state":"Cortés Department","population":1684,"lat":14.94398,"lng":-88.03654},{"city":"El Chichicaste","state":"El Paraíso Department","population":1671,"lat":14.06667,"lng":-86.3},{"city":"La Estancia","state":"Yoro Department","population":1668,"lat":15.28333,"lng":-87.55},{"city":"Orocuina","state":"Choluteca Department","population":1655,"lat":13.48167,"lng":-87.105},{"city":"El Pedernal","state":"Francisco Morazán Department","population":1648,"lat":14.7,"lng":-87.11667},{"city":"Tepusteca","state":"Yoro Department","population":1638,"lat":15.41667,"lng":-86.31667},{"city":"San Juan de Opoa","state":"Copán Department","population":1636,"lat":14.779,"lng":-88.69641},{"city":"San José de Tarros","state":"Santa Bárbara Department","population":1634,"lat":15.3,"lng":-88.7},{"city":"Cuyalí","state":"El Paraíso Department","population":1572,"lat":13.88333,"lng":-86.55},{"city":"Chotepe","state":"Cortés Department","population":1564,"lat":15.41667,"lng":-87.98333},{"city":"Ayapa","state":"Yoro Department","population":1559,"lat":15.11174,"lng":-87.17557},{"city":"Lomitas","state":"Yoro Department","population":1552,"lat":15.1,"lng":-87.21667},{"city":"La Rosa","state":"Yoro Department","population":1552,"lat":15.35,"lng":-87.06667},{"city":"Sensenti","state":"Ocotepeque Department","population":1551,"lat":14.49379,"lng":-88.93761},{"city":"La Sabana","state":"Cortés Department","population":1524,"lat":15.37351,"lng":-87.93176},{"city":"Marale","state":"Francisco Morazán Department","population":1523,"lat":14.88333,"lng":-87.15},{"city":"El Rincón","state":"Comayagua Department","population":1522,"lat":14.578,"lng":-87.92815},{"city":"Iralaya","state":"Gracias a Dios Department","population":1520,"lat":15.0,"lng":-83.23333},{"city":"La Estancia","state":"Olancho Department","population":1508,"lat":15.05,"lng":-86.35},{"city":"Auas","state":"Gracias a Dios Department","population":1505,"lat":15.48333,"lng":-84.33333},{"city":"Mojimán","state":"Yoro Department","population":1498,"lat":15.28094,"lng":-87.58652},{"city":"Armenia","state":"Yoro Department","population":1488,"lat":15.46667,"lng":-86.36667},{"city":"La Encarnación","state":"Ocotepeque Department","population":1484,"lat":14.66676,"lng":-89.08751},{"city":"Rancho Grande","state":"Comayagua Department","population":1484,"lat":14.68852,"lng":-87.49525},{"city":"Wawina","state":"Gracias a Dios Department","population":1481,"lat":15.41667,"lng":-84.43333},{"city":"San Sebastián","state":"Comayagua Department","population":1471,"lat":14.24582,"lng":-87.63981},{"city":"Concepción de Guasistagua","state":"Comayagua Department","population":1470,"lat":14.60764,"lng":-87.65499},{"city":"Bálsamo Oriental","state":"Yoro Department","population":1465,"lat":15.48333,"lng":-86.33333},{"city":"San José","state":"La Paz Department","population":1463,"lat":14.24809,"lng":-87.95951},{"city":"Laguna Verde","state":"Santa Bárbara Department","population":1460,"lat":15.2,"lng":-88.16667},{"city":"Tornabé","state":"Atlántida Department","population":1452,"lat":15.75,"lng":-87.55},{"city":"San Buenaventura","state":"Cortés Department","population":1452,"lat":15.0243,"lng":-87.99447},{"city":"Lucerna","state":"Ocotepeque Department","population":1452,"lat":14.55817,"lng":-88.9345},{"city":"Yaguacire","state":"Francisco Morazán Department","population":1449,"lat":14.01573,"lng":-87.216},{"city":"La Libertad","state":"Lempira Department","population":1444,"lat":14.81132,"lng":-88.58715},{"city":"Cusuna","state":"Colón Department","population":1441,"lat":15.85,"lng":-85.23333},{"city":"El Lolo","state":"Francisco Morazán Department","population":1438,"lat":14.1345,"lng":-87.2545},{"city":"El Tigre","state":"Cortés Department","population":1435,"lat":14.93333,"lng":-87.98333},{"city":"San José del Boquerón","state":"Cortés Department","population":1432,"lat":15.51856,"lng":-87.89786},{"city":"Gualjoco","state":"Santa Bárbara Department","population":1432,"lat":14.9599,"lng":-88.23735},{"city":"Santa Cruz","state":"El Paraíso Department","population":1430,"lat":13.86667,"lng":-86.63333},{"city":"Los Tangos","state":"Copán Department","population":1424,"lat":15.14585,"lng":-88.67931},{"city":"La Labor","state":"Ocotepeque Department","population":1416,"lat":14.48625,"lng":-89.00272},{"city":"Oropolí","state":"El Paraíso Department","population":1412,"lat":13.81667,"lng":-86.81667},{"city":"Río Chiquito","state":"Cortés Department","population":1405,"lat":15.63407,"lng":-88.24136},{"city":"Quebradas","state":"Francisco Morazán Department","population":1405,"lat":14.5,"lng":-87.35},{"city":"El Guayabito","state":"Olancho Department","population":1404,"lat":14.83333,"lng":-86.03333},{"city":"Punta Ocote","state":"Yoro Department","population":1399,"lat":15.2,"lng":-87.28333},{"city":"Nueva Armenia","state":"Atlántida Department","population":1392,"lat":15.79556,"lng":-86.49845},{"city":"El Sauce","state":"Comayagua Department","population":1389,"lat":14.5285,"lng":-87.66571},{"city":"Puerto Alto","state":"Cortés Department","population":1385,"lat":15.7,"lng":-87.86667},{"city":"Jícaro Galán","state":"Valle Department","population":1370,"lat":13.53167,"lng":-87.43889},{"city":"Subirana","state":"Yoro Department","population":1362,"lat":15.2,"lng":-87.45},{"city":"Santa Elena","state":"Cortés Department","population":1361,"lat":15.38333,"lng":-88.13333},{"city":"Goascorán","state":"Valle Department","population":1350,"lat":13.58333,"lng":-87.61667},{"city":"Ojos de Agua","state":"Copán Department","population":1340,"lat":14.7057,"lng":-88.81617},{"city":"Esquías","state":"Comayagua Department","population":1339,"lat":14.74392,"lng":-87.3712},{"city":"El Porvenir","state":"Comayagua Department","population":1337,"lat":14.58775,"lng":-87.89253},{"city":"Potrerillos","state":"Comayagua Department","population":1334,"lat":14.55137,"lng":-87.8774},{"city":"Oropéndolas","state":"Cortés Department","population":1333,"lat":15.01667,"lng":-87.93333},{"city":"Francia","state":"Colón Department","population":1331,"lat":15.85,"lng":-85.58333},{"city":"San Francisco de Coray","state":"Valle Department","population":1330,"lat":13.66139,"lng":-87.53278},{"city":"El Puente","state":"Choluteca Department","population":1325,"lat":13.28333,"lng":-87.11667},{"city":"Los Planes","state":"La Paz Department","population":1320,"lat":14.05,"lng":-88.01667},{"city":"Camalote","state":"Santa Bárbara Department","population":1319,"lat":15.33333,"lng":-88.33333},{"city":"La Virtud","state":"Lempira Department","population":1315,"lat":14.06137,"lng":-88.69482},{"city":"La Trinidad","state":"Yoro Department","population":1314,"lat":15.1,"lng":-87.2},{"city":"San Nicolás","state":"Olancho Department","population":1313,"lat":14.55,"lng":-86.25},{"city":"Las Vegas","state":"Yoro Department","population":1308,"lat":15.01667,"lng":-87.45},{"city":"San Lucas","state":"El Paraíso Department","population":1307,"lat":13.73333,"lng":-86.95},{"city":"San Diego","state":"El Paraíso Department","population":1306,"lat":14.05,"lng":-86.46667},{"city":"Santa Rosa de Aguán","state":"Colón Department","population":1304,"lat":15.95,"lng":-85.71667},{"city":"Cofradía","state":"Francisco Morazán Department","population":1301,"lat":14.22399,"lng":-87.18014},{"city":"Zopilotepe","state":"Olancho Department","population":1300,"lat":14.6,"lng":-86.26667},{"city":"Guarizama","state":"Olancho Department","population":1300,"lat":14.91667,"lng":-86.33333},{"city":"El Juncal","state":"Yoro Department","population":1286,"lat":15.45,"lng":-86.43333},{"city":"El Cubolero","state":"Valle Department","population":1286,"lat":13.46667,"lng":-87.66667},{"city":"La Playona","state":"Copán Department","population":1285,"lat":15.11803,"lng":-88.98197},{"city":"Travesía","state":"Cortés Department","population":1283,"lat":15.86267,"lng":-87.90471},{"city":"El Olivar","state":"Cortés Department","population":1279,"lat":15.08333,"lng":-87.88333},{"city":"Bejuco","state":"Cortés Department","population":1276,"lat":15.13333,"lng":-87.93333},{"city":"Concordia","state":"Olancho Department","population":1272,"lat":14.61667,"lng":-86.65},{"city":"Taujica","state":"Colón Department","population":1271,"lat":15.7,"lng":-85.91667},{"city":"Mangulile","state":"Olancho Department","population":1263,"lat":15.06667,"lng":-86.8},{"city":"Azacualpa","state":"Santa Bárbara Department","population":1258,"lat":14.71218,"lng":-88.0901},{"city":"Auka","state":"Gracias a Dios Department","population":1254,"lat":14.94087,"lng":-83.83229},{"city":"San Matías","state":"El Paraíso Department","population":1251,"lat":13.98333,"lng":-86.63333},{"city":"Nombre de Jesús","state":"Yoro Department","population":1250,"lat":15.35,"lng":-86.68333},{"city":"Guacamaya","state":"Santa Bárbara Department","population":1250,"lat":15.02044,"lng":-88.15025},{"city":"Jiquinlaca","state":"Intibucá Department","population":1248,"lat":14.00595,"lng":-88.35162},{"city":"Paujiles","state":"Yoro Department","population":1244,"lat":15.1,"lng":-87.35},{"city":"La Guama","state":"Cortés Department","population":1242,"lat":14.88647,"lng":-87.93703},{"city":"Ceguaca","state":"Santa Bárbara Department","population":1239,"lat":14.80232,"lng":-88.20387},{"city":"Paptalaya","state":"Gracias a Dios Department","population":1227,"lat":15.5,"lng":-84.31667},{"city":"Santa Lucía","state":"Ocotepeque Department","population":1224,"lat":14.41667,"lng":-89.2},{"city":"El Guantillo","state":"Francisco Morazán Department","population":1223,"lat":14.6,"lng":-87.3},{"city":"Puerto Castilla","state":"Colón Department","population":1220,"lat":16.01667,"lng":-85.96667},{"city":"Quebrada Larga","state":"El Paraíso Department","population":1217,"lat":14.1,"lng":-86.36667},{"city":"La Guata","state":"Olancho Department","population":1217,"lat":15.08333,"lng":-86.38333},{"city":"El Achiotal","state":"Lempira Department","population":1210,"lat":14.08333,"lng":-88.75},{"city":"Río Esteban","state":"Colón Department","population":1208,"lat":15.83333,"lng":-86.3},{"city":"Joconal","state":"Santa Bárbara Department","population":1206,"lat":15.35519,"lng":-88.63295},{"city":"Corpus","state":"Choluteca Department","population":1199,"lat":13.28889,"lng":-87.03472},{"city":"El Corpús","state":"Copán Department","population":1193,"lat":14.69814,"lng":-88.90862},{"city":"Punta Piedra","state":"Colón Department","population":1188,"lat":15.9,"lng":-85.28333},{"city":"Yamaranguila","state":"Intibucá Department","population":1187,"lat":14.28333,"lng":-88.24199},{"city":"El Escanito","state":"Francisco Morazán Department","population":1184,"lat":14.66667,"lng":-87.1},{"city":"Santa Cruz","state":"Choluteca Department","population":1174,"lat":13.25806,"lng":-87.34833},{"city":"El Obraje","state":"Choluteca Department","population":1172,"lat":13.15417,"lng":-87.13083},{"city":"Cerro Blanco","state":"Comayagua Department","population":1169,"lat":14.66321,"lng":-87.78535},{"city":"Duyure","state":"Choluteca Department","population":1164,"lat":13.63333,"lng":-86.81667},{"city":"Correderos","state":"Santa Bárbara Department","population":1162,"lat":15.41778,"lng":-88.4552},{"city":"Araulí","state":"El Paraíso Department","population":1160,"lat":13.973,"lng":-86.545},{"city":"Jutiapa","state":"El Paraíso Department","population":1153,"lat":13.98333,"lng":-86.4},{"city":"San Antonio","state":"Atlántida Department","population":1151,"lat":15.6,"lng":-87.15},{"city":"Mata de Plátano","state":"Francisco Morazán Department","population":1151,"lat":14.6,"lng":-87.28333},{"city":"Camasca","state":"Intibucá Department","population":1150,"lat":13.99677,"lng":-88.37973},{"city":"Ojos de Agua","state":"Comayagua Department","population":1146,"lat":14.6,"lng":-87.93333},{"city":"Los Caminos","state":"Cortés Department","population":1146,"lat":14.95045,"lng":-87.97531},{"city":"El Chimbo","state":"Francisco Morazán Department","population":1145,"lat":14.13575,"lng":-87.11879},{"city":"Coyoles Central","state":"Yoro Department","population":1144,"lat":15.4,"lng":-86.66667},{"city":"El Perico","state":"Cortés Department","population":1141,"lat":15.08333,"lng":-88.1},{"city":"Las Tejeras","state":"Lempira Department","population":1140,"lat":14.80442,"lng":-88.59508},{"city":"La Bueso","state":"Cortés Department","population":1139,"lat":15.61689,"lng":-87.85688},{"city":"Laguna Seca","state":"Olancho Department","population":1131,"lat":14.7,"lng":-86.1},{"city":"Buenos Aires","state":"Copán Department","population":1131,"lat":15.03333,"lng":-88.96667},{"city":"San Joaquín","state":"Copán Department","population":1130,"lat":15.06053,"lng":-88.91193},{"city":"El Tablón","state":"Francisco Morazán Department","population":1121,"lat":14.03333,"lng":-87.16667},{"city":"Teguajinal","state":"Yoro Department","population":1117,"lat":15.36667,"lng":-86.6},{"city":"Las Ánimas","state":"El Paraíso Department","population":1117,"lat":14.25,"lng":-86.56667},{"city":"Quezailica","state":"Copán Department","population":1115,"lat":14.87652,"lng":-88.72714},{"city":"Silca","state":"Olancho Department","population":1112,"lat":14.83333,"lng":-86.53333},{"city":"San Luis de Planes","state":"Santa Bárbara Department","population":1111,"lat":14.97603,"lng":-88.1251},{"city":"Jamalteca","state":"Comayagua Department","population":1107,"lat":14.69597,"lng":-87.57908},{"city":"Dolores","state":"Copán Department","population":1107,"lat":14.87459,"lng":-88.81637},{"city":"Yaruchel","state":"Ocotepeque Department","population":1105,"lat":14.52794,"lng":-88.81579},{"city":"Aguas del Padre","state":"Comayagua Department","population":1104,"lat":14.58081,"lng":-87.87865},{"city":"Prieta","state":"Colón Department","population":1103,"lat":15.5806,"lng":-86.13664},{"city":"Potrerillos","state":"Cortés Department","population":1102,"lat":15.63333,"lng":-88.3},{"city":"Carbajales","state":"Yoro Department","population":1102,"lat":15.51667,"lng":-86.35},{"city":"Valle de Ángeles","state":"Comayagua Department","population":1101,"lat":14.49921,"lng":-87.63989},{"city":"El Rancho","state":"Cortés Department","population":1101,"lat":15.66667,"lng":-87.95},{"city":"El Benque","state":"El Paraíso Department","population":1101,"lat":14.03333,"lng":-86.46667},{"city":"Manto","state":"Olancho Department","population":1098,"lat":14.91667,"lng":-86.38333},{"city":"Reitoca","state":"Francisco Morazán Department","population":1094,"lat":13.82583,"lng":-87.46528},{"city":"Nueva Jalapa","state":"Santa Bárbara Department","population":1094,"lat":14.91667,"lng":-88.33333},{"city":"Cerro Grande","state":"Francisco Morazán Department","population":1093,"lat":13.81667,"lng":-87.25},{"city":"El Socorro","state":"Comayagua Department","population":1092,"lat":14.62708,"lng":-87.90527},{"city":"San José del Potrero","state":"Comayagua Department","population":1091,"lat":14.83999,"lng":-87.28405},{"city":"El Terrero","state":"Francisco Morazán Department","population":1087,"lat":14.06366,"lng":-87.06602},{"city":"La Zumbadora","state":"Copán Department","population":1086,"lat":15.01433,"lng":-88.90117},{"city":"San José de Las Conchas","state":"Choluteca Department","population":1084,"lat":13.32528,"lng":-87.39556},{"city":"El Guante","state":"Francisco Morazán Department","population":1082,"lat":14.55,"lng":-87.1},{"city":"Agua Azul","state":"Cortés Department","population":1079,"lat":14.91667,"lng":-87.96667},{"city":"Agua Caliente","state":"Copán Department","population":1075,"lat":14.88333,"lng":-88.81667},{"city":"Sandy Bay","state":"Bay Islands","population":1072,"lat":16.32923,"lng":-86.56446},{"city":"San José de Río Tinto","state":"Olancho Department","population":1071,"lat":14.93333,"lng":-85.7},{"city":"Aramecina","state":"Valle Department","population":1071,"lat":13.74222,"lng":-87.71028},{"city":"Trojas","state":"Yoro Department","population":1068,"lat":15.35,"lng":-86.7},{"city":"Petoa","state":"Santa Bárbara Department","population":1067,"lat":15.26939,"lng":-88.28878},{"city":"Loma Alta","state":"Santa Bárbara Department","population":1067,"lat":15.39818,"lng":-88.56251},{"city":"San José de Comayagua","state":"Comayagua Department","population":1066,"lat":14.73333,"lng":-88.03333},{"city":"San Francisco de Cones","state":"Ocotepeque Department","population":1066,"lat":14.51667,"lng":-88.9},{"city":"San Pedro Zacapa","state":"Santa Bárbara Department","population":1065,"lat":14.7565,"lng":-88.11373},{"city":"Baja Mar","state":"Cortés Department","population":1064,"lat":15.88851,"lng":-87.85547},{"city":"Mangrove Bight","state":"Bay Islands","population":1060,"lat":16.46667,"lng":-85.88333},{"city":"La Brea","state":"Colón Department","population":1055,"lat":15.8,"lng":-85.96667},{"city":"Río Bonito","state":"Comayagua Department","population":1054,"lat":14.76667,"lng":-87.88333},{"city":"Pueblo Nuevo","state":"Copán Department","population":1053,"lat":15.0,"lng":-88.75},{"city":"Santa Ana","state":"Francisco Morazán Department","population":1052,"lat":13.93167,"lng":-87.27139},{"city":"Berlín","state":"Santa Bárbara Department","population":1050,"lat":14.84281,"lng":-88.49452},{"city":"Concepción del Sur","state":"Santa Bárbara Department","population":1049,"lat":14.8,"lng":-88.16667},{"city":"San Juan de Planes","state":"Copán Department","population":1048,"lat":14.93333,"lng":-88.78333},{"city":"San Jerónimo","state":"Copán Department","population":1046,"lat":14.96667,"lng":-88.86667},{"city":"Veracruz","state":"Copán Department","population":1045,"lat":14.91667,"lng":-88.78333},{"city":"Taragual","state":"Lempira Department","population":1043,"lat":14.75,"lng":-88.48333},{"city":"Agua Azul Rancho","state":"Cortés Department","population":1043,"lat":14.9,"lng":-87.95},{"city":"Cedros","state":"Francisco Morazán Department","population":1041,"lat":14.6,"lng":-87.11667},{"city":"Tepanguare","state":"La Paz Department","population":1040,"lat":14.33333,"lng":-87.75},{"city":"Los Llanitos","state":"Choluteca Department","population":1040,"lat":13.28694,"lng":-87.33444},{"city":"El Corozal","state":"Santa Bárbara Department","population":1039,"lat":15.06667,"lng":-88.61667},{"city":"El Ocotón","state":"Copán Department","population":1038,"lat":15.03333,"lng":-88.88333},{"city":"San Antonio de la Cuesta","state":"Comayagua Department","population":1033,"lat":14.64299,"lng":-87.60232},{"city":"Callejones","state":"Santa Bárbara Department","population":1033,"lat":15.16667,"lng":-88.65},{"city":"Savannah Bight","state":"Bay Islands","population":1031,"lat":16.48458,"lng":-85.84474},{"city":"Casa Quemada","state":"Santa Bárbara Department","population":1030,"lat":15.26667,"lng":-88.55},{"city":"Agalteca","state":"Francisco Morazán Department","population":1029,"lat":14.45,"lng":-87.26667},{"city":"San Fernando","state":"Ocotepeque Department","population":1026,"lat":14.68333,"lng":-89.11667},{"city":"El Escaño de Tepale","state":"Francisco Morazán Department","population":1026,"lat":14.75,"lng":-87.06667},{"city":"El Tránsito","state":"Ocotepeque Department","population":1025,"lat":14.38333,"lng":-88.91667},{"city":"Liure","state":"El Paraíso Department","population":1022,"lat":13.53583,"lng":-87.09194},{"city":"Mateo","state":"Francisco Morazán Department","population":1021,"lat":14.07731,"lng":-87.3169},{"city":"Chivana","state":"Cortés Department","population":1018,"lat":15.75,"lng":-87.98333},{"city":"El Agua Dulcita","state":"Comayagua Department","population":1017,"lat":14.7,"lng":-87.75},{"city":"El Rusio","state":"Olancho Department","population":1016,"lat":14.46667,"lng":-86.36667},{"city":"Concepción de la Barranca","state":"Copán Department","population":1014,"lat":15.16667,"lng":-88.71667},{"city":"Cololaca","state":"Lempira Department","population":1014,"lat":14.3,"lng":-88.88333},{"city":"Texíguat","state":"El Paraíso Department","population":1012,"lat":13.64972,"lng":-87.0225},{"city":"San Antonio del Norte","state":"La Paz Department","population":1002,"lat":13.88444,"lng":-87.70306},{"city":"La Criba","state":"Valle Department","population":1001,"lat":13.45361,"lng":-87.41333},{"city":"Río Amarillo","state":"Copán Department","population":1000,"lat":14.96667,"lng":-89.13333},{"city":"Las Mercedes","state":"Comayagua Department","population":1000,"lat":14.28333,"lng":-87.56667},{"city":"Piedras Amarillas","state":"Atlántida Department","population":999,"lat":15.68333,"lng":-86.56667},{"city":"Macholoa","state":"Santa Bárbara Department","population":989,"lat":14.91667,"lng":-88.3},{"city":"Lagunas","state":"Lempira Department","population":986,"lat":14.61667,"lng":-88.48333},{"city":"La Esperanza","state":"Cortés Department","population":985,"lat":15.41667,"lng":-88.18333},{"city":"Mercedes","state":"Ocotepeque Department","population":984,"lat":14.43333,"lng":-89.15},{"city":"Chiquila","state":"Santa Bárbara Department","population":983,"lat":15.23333,"lng":-88.58333},{"city":"Alubarén","state":"Francisco Morazán Department","population":983,"lat":13.79611,"lng":-87.46889},{"city":"La Curva","state":"Colón Department","population":981,"lat":15.8,"lng":-85.76667},{"city":"Buenos Aires","state":"Yoro Department","population":980,"lat":15.46667,"lng":-86.4},{"city":"La Colorada","state":"Atlántida Department","population":979,"lat":15.61667,"lng":-86.81667},{"city":"Buenos Aires","state":"Cortés Department","population":979,"lat":15.48333,"lng":-88.18333},{"city":"San Nicolás","state":"Comayagua Department","population":976,"lat":14.71667,"lng":-87.35},{"city":"Morolica","state":"Choluteca Department","population":973,"lat":13.56667,"lng":-86.9},{"city":"Agua Caliente de Linaca","state":"Choluteca Department","population":973,"lat":13.43528,"lng":-87.23167},{"city":"La Jigua","state":"Copán Department","population":971,"lat":15.03333,"lng":-88.8},{"city":"El Zapote","state":"Cortés Department","population":970,"lat":15.01667,"lng":-87.85},{"city":"Waksma","state":"Gracias a Dios Department","population":969,"lat":15.43333,"lng":-84.4},{"city":"Magdalena","state":"Intibucá Department","population":966,"lat":13.86667,"lng":-88.3},{"city":"Azacualpa","state":"Intibucá Department","population":966,"lat":14.26667,"lng":-88.38333},{"city":"San Antonio","state":"Ocotepeque Department","population":962,"lat":14.51667,"lng":-88.96667},{"city":"El Rosario","state":"Olancho Department","population":962,"lat":14.9,"lng":-86.68333},{"city":"San José de Pane","state":"Comayagua Department","population":958,"lat":14.48333,"lng":-87.83333},{"city":"Pueblo Nuevo","state":"Francisco Morazán Department","population":958,"lat":14.38333,"lng":-87.28333},{"city":"El Portillo de González","state":"Yoro Department","population":958,"lat":15.28333,"lng":-87.6},{"city":"El Perico","state":"Choluteca Department","population":957,"lat":13.13889,"lng":-87.03222},{"city":"La Reina","state":"Santa Bárbara Department","population":954,"lat":15.11667,"lng":-88.63333},{"city":"El Edén","state":"Cortés Department","population":954,"lat":14.95,"lng":-88.01667},{"city":"Corinto","state":"Cortés Department","population":954,"lat":15.58333,"lng":-88.36667},{"city":"Jardines","state":"Comayagua Department","population":953,"lat":14.7,"lng":-87.98333},{"city":"Nuevo Celilac","state":"Santa Bárbara Department","population":950,"lat":14.98333,"lng":-88.33333},{"city":"Guatemalita","state":"Lempira Department","population":950,"lat":14.11667,"lng":-88.61667},{"city":"Vivistorio","state":"Copán Department","population":949,"lat":14.9,"lng":-88.73333},{"city":"Coyoles","state":"Yoro Department","population":949,"lat":15.46667,"lng":-86.68333},{"city":"El Ermitano","state":"Santa Bárbara Department","population":947,"lat":15.25,"lng":-88.68333},{"city":"Concepción del Norte","state":"Santa Bárbara Department","population":946,"lat":15.16667,"lng":-88.13333},{"city":"El Buen Pastor","state":"Comayagua Department","population":942,"lat":14.86667,"lng":-87.78333},{"city":"Matarras","state":"Atlántida Department","population":941,"lat":15.51667,"lng":-87.4},{"city":"Mandasta","state":"El Paraíso Department","population":940,"lat":13.73333,"lng":-86.91667},{"city":"Nueva Granada","state":"Cortés Department","population":939,"lat":15.11667,"lng":-88.1},{"city":"San Agustín","state":"Choluteca Department","population":938,"lat":13.2,"lng":-87.11667},{"city":"La Empalizada","state":"Olancho Department","population":933,"lat":14.65,"lng":-86.13333},{"city":"El Derrumbo","state":"Copán Department","population":929,"lat":14.75,"lng":-88.78333},{"city":"Tikiraya","state":"Gracias a Dios Department","population":925,"lat":15.01667,"lng":-83.63333},{"city":"El Durazno","state":"Francisco Morazán Department","population":923,"lat":14.137,"lng":-87.26407},{"city":"Concepción de María","state":"Choluteca Department","population":923,"lat":13.21667,"lng":-87.0},{"city":"Chirinos","state":"Yoro Department","population":921,"lat":15.4,"lng":-86.58333},{"city":"La Esperanza","state":"Copán Department","population":919,"lat":15.05091,"lng":-89.09818},{"city":"Mezapa","state":"Atlántida Department","population":917,"lat":15.55,"lng":-87.38333},{"city":"Los Arroyos","state":"Copán Department","population":916,"lat":14.65,"lng":-88.88333},{"city":"Santa Fe","state":"Ocotepeque Department","population":915,"lat":14.51667,"lng":-89.23333},{"city":"Santa Teresa","state":"Ocotepeque Department","population":914,"lat":14.38333,"lng":-89.0},{"city":"Llano Largo","state":"Ocotepeque Department","population":910,"lat":14.46667,"lng":-89.01667},{"city":"Palo Pintado","state":"Comayagua Department","population":909,"lat":14.51667,"lng":-87.68333},{"city":"Palkaka","state":"Gracias a Dios Department","population":909,"lat":15.31667,"lng":-83.86667},{"city":"El Pescadero","state":"El Paraíso Department","population":909,"lat":13.93333,"lng":-86.55},{"city":"Nueva Florida","state":"Yoro Department","population":904,"lat":15.46667,"lng":-87.5},{"city":"Hicaque","state":"Atlántida Department","population":903,"lat":15.71667,"lng":-87.36667},{"city":"Meámbar","state":"Comayagua Department","population":902,"lat":14.78333,"lng":-87.76667},{"city":"Potrerillos","state":"Santa Bárbara Department","population":900,"lat":15.26667,"lng":-88.43333},{"city":"La Florida","state":"La Paz Department","population":899,"lat":14.06667,"lng":-87.98333},{"city":"Quebrada de Yoro","state":"Yoro Department","population":896,"lat":15.43333,"lng":-87.78333},{"city":"San Juancito","state":"Francisco Morazán Department","population":895,"lat":14.2195,"lng":-87.0656},{"city":"El Rodeo","state":"El Paraíso Department","population":893,"lat":14.28333,"lng":-86.6},{"city":"El Guayabo","state":"Valle Department","population":889,"lat":13.48944,"lng":-87.44389},{"city":"San José de Oriente","state":"Santa Bárbara Department","population":888,"lat":15.03333,"lng":-88.11667},{"city":"La Laguna del Pedernal","state":"Lempira Department","population":888,"lat":14.81667,"lng":-88.56667},{"city":"Sabana Abajo","state":"Olancho Department","population":884,"lat":14.6,"lng":-86.58333},{"city":"San Francisco","state":"Choluteca Department","population":883,"lat":13.36667,"lng":-86.9},{"city":"La Trinidad","state":"Comayagua Department","population":880,"lat":14.71667,"lng":-87.66667},{"city":"El Granzal","state":"Ocotepeque Department","population":876,"lat":14.4,"lng":-88.86667},{"city":"Nueva Armenia","state":"Copán Department","population":875,"lat":15.03333,"lng":-89.1},{"city":"Santa Cruz","state":"Copán Department","population":863,"lat":14.75,"lng":-88.98333},{"city":"Ostumán","state":"Copán Department","population":862,"lat":14.83333,"lng":-89.16667},{"city":"San Francisco de Ojuera","state":"Santa Bárbara Department","population":853,"lat":14.75,"lng":-88.18333},{"city":"Santa Cruz Minas","state":"Santa Bárbara Department","population":834,"lat":15.36667,"lng":-88.3},{"city":"La Unión","state":"Santa Bárbara Department","population":827,"lat":15.13333,"lng":-88.55},{"city":"Las Tapias","state":"Francisco Morazán Department","population":814,"lat":14.0672,"lng":-87.28212},{"city":"La Ruidosa","state":"Copán Department","population":800,"lat":15.23628,"lng":-88.75142},{"city":"Urrutia","state":"Francisco Morazán Department","population":799,"lat":14.75,"lng":-87.03333},{"city":"El Tizatillo","state":"Francisco Morazán Department","population":798,"lat":14.00183,"lng":-87.19768}]}}