{"timezone":"America/Fortaleza","countries":{"Brazil":[{"city":"Fortaleza","state":"Ceará","population":2400000,"lat":-3.71722,"lng":-38.54306},{"city":"São Luís","state":"Maranhão","population":917237,"lat":-2.52972,"lng":-44.30278},{"city":"Natal","state":"Rio Grande do Norte","population":896708,"lat":-5.795,"lng":-35.20944},{"city":"Teresina","state":"Piauí","population":871126,"lat":-5.08917,"lng":-42.80194},{"city":"João Pessoa","state":"Paraíba","population":817511,"lat":-7.115,"lng":-34.86306},{"city":"Caucaia","state":"Ceará","population":355679,"lat":-3.73611,"lng":-38.65306},{"city":"Campina Grande","state":"Paraíba","population":348936,"lat":-7.23056,"lng":-35.88111},{"city":"Parnamirim","state":"Rio Grande do Norte","population":267036,"lat":-5.91556,"lng":-35.26278},{"city":"Mossoró","state":"Rio Grande do Norte","population":264577,"lat":-5.1875,"lng":-37.34417},{"city":"São José de Ribamar","state":"Maranhão","population":244579,"lat":-2.55572,"lng":-44.05992},{"city":"Maracanaú","state":"Ceará","population":234509,"lat":-3.87667,"lng":-38.62556},{"city":"Juazeiro do Norte","state":"Ceará","population":225230,"lat":-7.21306,"lng":-39.31528},{"city":"Imperatriz","state":"Maranhão","population":218106,"lat":-5.52639,"lng":-47.49167},{"city":"Sobral","state":"Ceará","population":203023,"lat":-3.68611,"lng":-40.34972},{"city":"Timon","state":"Maranhão","population":174465,"lat":-5.09417,"lng":-42.83667},{"city":"Caxias","state":"Maranhão","population":156973,"lat":-4.85889,"lng":-43.35611},{"city":"Santa Rita","state":"Paraíba","population":149910,"lat":-7.11389,"lng":-34.97806},{"city":"Paço do Lumiar","state":"Maranhão","population":145643,"lat":-2.53222,"lng":-44.1075},{"city":"Parnaíba","state":"Piauí","population":138008,"lat":-2.90472,"lng":-41.77667},{"city":"Itapipoca","state":"Ceará","population":131123,"lat":-3.49444,"lng":-39.57861},{"city":"Crato","state":"Ceará","population":131050,"lat":-7.23417,"lng":-39.40944},{"city":"São Gonçalo do Amarante","state":"Rio Grande do Norte","population":115838,"lat":-5.79333,"lng":-35.32944},{"city":"Codó","state":"Maranhão","population":114275,"lat":-4.45528,"lng":-43.88556},{"city":"Açailândia","state":"Maranhão","population":106550,"lat":-4.94667,"lng":-47.50472},{"city":"Maranguape","state":"Ceará","population":105093,"lat":-3.89083,"lng":-38.68556},{"city":"Bacabal","state":"Maranhão","population":103711,"lat":-4.23246,"lng":-44.78164},{"city":"Balsas","state":"Maranhão","population":101767,"lat":-7.5325,"lng":-46.03556},{"city":"Iguatu","state":"Ceará","population":98064,"lat":-6.35944,"lng":-39.29861},{"city":"Patos","state":"Paraíba","population":92575,"lat":-7.02444,"lng":-37.28},{"city":"Barra do Corda","state":"Maranhão","population":86662,"lat":-5.50556,"lng":-45.24333},{"city":"Santa Inês","state":"Maranhão","population":85014,"lat":-3.66667,"lng":-45.38},{"city":"Pinheiro","state":"Maranhão","population":84621,"lat":-2.52139,"lng":-45.0825},{"city":"Quixadá","state":"Ceará","population":84168,"lat":-4.97139,"lng":-39.01528},{"city":"Picos","state":"Piauí","population":83090,"lat":-7.07694,"lng":-41.46694},{"city":"Bayeux","state":"Paraíba","population":82742,"lat":-7.125,"lng":-34.93222},{"city":"Macaíba","state":"Rio Grande do Norte","population":82249,"lat":-5.85833,"lng":-35.35389},{"city":"Quixeramobim","state":"Ceará","population":82177,"lat":-5.19917,"lng":-39.29278},{"city":"Pacatuba","state":"Ceará","population":81524,"lat":-3.98417,"lng":-38.62028},{"city":"Tianguá","state":"Ceará","population":81506,"lat":-3.73222,"lng":-40.99167},{"city":"Chapadinha","state":"Maranhão","population":81386,"lat":-3.74167,"lng":-43.36028},{"city":"Ceará-Mirim","state":"Rio Grande do Norte","population":79115,"lat":-5.63444,"lng":-35.42556},{"city":"Crateús","state":"Ceará","population":76390,"lat":-5.17775,"lng":-40.66949},{"city":"Barbalha","state":"Ceará","population":75033,"lat":-7.31111,"lng":-39.30417},{"city":"Canindé","state":"Ceará","population":74174,"lat":-4.35889,"lng":-39.31167},{"city":"Eusébio","state":"Ceará","population":74170,"lat":-3.89,"lng":-38.45056},{"city":"Grajaú","state":"Maranhão","population":73872,"lat":-5.81944,"lng":-46.13861},{"city":"Russas","state":"Ceará","population":72928,"lat":-4.94028,"lng":-37.97583},{"city":"Cascavel","state":"Ceará","population":72720,"lat":-4.13306,"lng":-38.24194},{"city":"Pacajus","state":"Ceará","population":70983,"lat":-4.1725,"lng":-38.46056},{"city":"Horizonte","state":"Ceará","population":70983,"lat":-4.09802,"lng":-38.486},{"city":"Sousa","state":"Paraíba","population":67259,"lat":-6.75917,"lng":-38.22806},{"city":"Cabedelo","state":"Paraíba","population":66519,"lat":-6.98111,"lng":-34.83389},{"city":"Barreirinhas","state":"Maranhão","population":65589,"lat":-2.75556,"lng":-42.82591},{"city":"Piripiri","state":"Piauí","population":65538,"lat":-4.27333,"lng":-41.77694},{"city":"Acaraú","state":"Ceará","population":65264,"lat":-2.88556,"lng":-40.12},{"city":"Aquiraz","state":"Ceará","population":65116,"lat":-3.90139,"lng":-38.39111},{"city":"Itaitinga","state":"Ceará","population":64650,"lat":-3.96944,"lng":-38.52806},{"city":"Cajazeiras","state":"Paraíba","population":63239,"lat":-6.89028,"lng":-38.55528},{"city":"Icó","state":"Ceará","population":62642,"lat":-6.40111,"lng":-38.86222},{"city":"Camocim","state":"Ceará","population":62326,"lat":-2.90222,"lng":-40.84111},{"city":"Floriano","state":"Piauí","population":62036,"lat":-6.76694,"lng":-43.0225},{"city":"Extremoz","state":"Rio Grande do Norte","population":61635,"lat":-5.70556,"lng":-35.30722},{"city":"Morada Nova","state":"Ceará","population":61443,"lat":-5.10667,"lng":-38.3725},{"city":"Coroatá","state":"Maranhão","population":61351,"lat":-4.13,"lng":-44.12417},{"city":"Tauá","state":"Ceará","population":61227,"lat":-6.00306,"lng":-40.29278},{"city":"Caicó","state":"Rio Grande do Norte","population":61146,"lat":-6.45833,"lng":-37.09778},{"city":"Itapecuru Mirim","state":"Maranhão","population":60440,"lat":-3.3925,"lng":-44.35861},{"city":"Viçosa do Ceará","state":"Ceará","population":59712,"lat":-3.56222,"lng":-41.09222},{"city":"Limoeiro do Norte","state":"Ceará","population":59560,"lat":-5.14556,"lng":-38.09806},{"city":"Trairi","state":"Ceará","population":58415,"lat":-3.27778,"lng":-39.26889},{"city":"Santa Luzia","state":"Maranhão","population":57635,"lat":-3.96333,"lng":-45.65833},{"city":"Guarabira","state":"Paraíba","population":57484,"lat":-6.85472,"lng":-35.49},{"city":"Açu","state":"Rio Grande do Norte","population":56496,"lat":-5.57667,"lng":-36.90861},{"city":"Buriticupu","state":"Maranhão","population":55499,"lat":-4.32124,"lng":-46.45468},{"city":"São Gonçalo do Amarante","state":"Ceará","population":54143,"lat":-3.60722,"lng":-38.96833},{"city":"Tutóia","state":"Maranhão","population":53356,"lat":-2.76194,"lng":-42.27444},{"city":"Granja","state":"Ceará","population":53344,"lat":-3.12028,"lng":-40.82611},{"city":"Beberibe","state":"Ceará","population":53114,"lat":-4.17972,"lng":-38.13056},{"city":"Viana","state":"Maranhão","population":51442,"lat":-3.22028,"lng":-45.00361},{"city":"Sapé","state":"Paraíba","population":51306,"lat":-7.09639,"lng":-35.23278},{"city":"Brejo Santo","state":"Ceará","population":51090,"lat":-7.49333,"lng":-38.98722},{"city":"Boa Viagem","state":"Ceará","population":50411,"lat":-5.1275,"lng":-39.73222},{"city":"São Bento","state":"Maranhão","population":48036,"lat":-2.69583,"lng":-44.82139},{"city":"Barras","state":"Piauí","population":47938,"lat":-4.24444,"lng":-42.29444},{"city":"Queimadas","state":"Paraíba","population":47658,"lat":-7.35833,"lng":-35.89833},{"city":"São Benedito","state":"Ceará","population":47640,"lat":-4.04861,"lng":-40.865},{"city":"Altos","state":"Piauí","population":47453,"lat":-5.03806,"lng":-42.46},{"city":"São José de Mipibu","state":"Rio Grande do Norte","population":47286,"lat":-6.07472,"lng":-35.23778},{"city":"Itapagé","state":"Ceará","population":46426,"lat":-3.68667,"lng":-39.58611},{"city":"União","state":"Piauí","population":46119,"lat":-4.58583,"lng":-42.86417},{"city":"Campo Maior","state":"Piauí","population":45793,"lat":-4.82778,"lng":-42.16861},{"city":"Mauriti","state":"Ceará","population":45561,"lat":-7.38917,"lng":-38.77444},{"city":"Presidente Dutra","state":"Maranhão","population":45155,"lat":-5.29,"lng":-44.49},{"city":"Acopiara","state":"Ceará","population":44962,"lat":-6.09528,"lng":-39.4525},{"city":"Mamanguape","state":"Paraíba","population":44599,"lat":-6.83861,"lng":-35.12611},{"city":"Lago da Pedra","state":"Maranhão","population":44403,"lat":-4.56033,"lng":-45.13155},{"city":"Aracati","state":"Ceará","population":44293,"lat":-4.56167,"lng":-37.76972},{"city":"Vargem Grande","state":"Maranhão","population":43261,"lat":-3.54306,"lng":-43.91583},{"city":"Itarema","state":"Ceará","population":42957,"lat":-2.92028,"lng":-39.915},{"city":"José de Freitas","state":"Piauí","population":42559,"lat":-4.75639,"lng":-42.57556},{"city":"Amontada","state":"Ceará","population":42156,"lat":-3.36167,"lng":-39.83167},{"city":"Guaraciaba do Norte","state":"Ceará","population":42053,"lat":-4.16694,"lng":-40.7475},{"city":"Coelho Neto","state":"Maranhão","population":41658,"lat":-4.25667,"lng":-43.01278},{"city":"Santa Helena","state":"Maranhão","population":41561,"lat":-2.23111,"lng":-45.3},{"city":"Currais Novos","state":"Rio Grande do Norte","population":41313,"lat":-6.26083,"lng":-36.51778},{"city":"Ipu","state":"Ceará","population":41081,"lat":-4.32222,"lng":-40.71083},{"city":"Esperantina","state":"Piauí","population":40970,"lat":-3.90167,"lng":-42.23361},{"city":"Zé Doca","state":"Maranhão","population":40801,"lat":-3.27472,"lng":-45.65833},{"city":"Colinas","state":"Maranhão","population":40316,"lat":-6.02583,"lng":-44.24917},{"city":"Pedra Branca","state":"Ceará","population":40187,"lat":-5.45417,"lng":-39.71722},{"city":"Santa Quitéria","state":"Ceará","population":40183,"lat":-4.33194,"lng":-40.15667},{"city":"Araioses","state":"Maranhão","population":39052,"lat":-2.89,"lng":-41.90306},{"city":"Várzea Alegre","state":"Ceará","population":38984,"lat":-6.78889,"lng":-39.29583},{"city":"Paracuru","state":"Ceará","population":38980,"lat":-3.41,"lng":-39.03056},{"city":"São Raimundo Nonato","state":"Piauí","population":38934,"lat":-9.01528,"lng":-42.69944},{"city":"São Mateus do Maranhão","state":"Maranhão","population":38829,"lat":-4.04167,"lng":-44.475},{"city":"Rosário","state":"Maranhão","population":38475,"lat":-2.94047,"lng":-44.24898},{"city":"Oeiras","state":"Piauí","population":38161,"lat":-7.02528,"lng":-42.13111},{"city":"Pedro II","state":"Piauí","population":37894,"lat":-4.42472,"lng":-41.45861},{"city":"Pentecoste","state":"Ceará","population":37813,"lat":-3.79278,"lng":-39.27028},{"city":"Mombaça","state":"Ceará","population":37735,"lat":-5.74306,"lng":-39.6275},{"city":"Massapê","state":"Ceará","population":37697,"lat":-3.52278,"lng":-40.34278},{"city":"Turiaçu","state":"Maranhão","population":37491,"lat":-1.66333,"lng":-45.37167},{"city":"Santa Cruz","state":"Rio Grande do Norte","population":37313,"lat":-6.22944,"lng":-36.02278},{"city":"Amarante do Maranhão","state":"Maranhão","population":37085,"lat":-5.56667,"lng":-46.74222},{"city":"Pedreiras","state":"Maranhão","population":37050,"lat":-4.56889,"lng":-44.59194},{"city":"Santa Rita","state":"Maranhão","population":37035,"lat":-3.13901,"lng":-44.32519},{"city":"Missão Velha","state":"Ceará","population":36822,"lat":-7.24972,"lng":-39.14306},{"city":"Ipueiras","state":"Ceará","population":36798,"lat":-4.54167,"lng":-40.71889},{"city":"Tuntum","state":"Maranhão","population":36251,"lat":-5.25806,"lng":-44.64889},{"city":"Apodi","state":"Rio Grande do Norte","population":36093,"lat":-5.66417,"lng":-37.79889},{"city":"Baturité","state":"Ceará","population":35218,"lat":-4.32861,"lng":-38.88472},{"city":"Nova Cruz","state":"Rio Grande do Norte","population":34269,"lat":-6.47806,"lng":-35.43389},{"city":"Brejo","state":"Maranhão","population":34120,"lat":-3.68444,"lng":-42.75028},{"city":"São Domingos do Maranhão","state":"Maranhão","population":34034,"lat":-5.57583,"lng":-44.38528},{"city":"Jaguaribe","state":"Ceará","population":33726,"lat":-5.89056,"lng":-38.62194},{"city":"Estreito","state":"Maranhão","population":33294,"lat":-6.55573,"lng":-47.44149},{"city":"João Câmara","state":"Rio Grande do Norte","population":33290,"lat":-5.5375,"lng":-35.81972},{"city":"Bom Jardim","state":"Maranhão","population":33100,"lat":-3.54281,"lng":-45.60852},{"city":"Touros","state":"Rio Grande do Norte","population":33035,"lat":-5.19889,"lng":-35.46083},{"city":"Urbano Santos","state":"Maranhão","population":32812,"lat":-3.20778,"lng":-43.40361},{"city":"Bela Cruz","state":"Ceará","population":32775,"lat":-3.05056,"lng":-40.16778},{"city":"Ubajara","state":"Ceará","population":32767,"lat":-3.85444,"lng":-40.92111},{"city":"Penalva","state":"Maranhão","population":32511,"lat":-3.29417,"lng":-45.17361},{"city":"Pombal","state":"Paraíba","population":32473,"lat":-6.77028,"lng":-37.80167},{"city":"Monteiro","state":"Paraíba","population":32277,"lat":-7.88944,"lng":-37.12},{"city":"São Bento","state":"Paraíba","population":32235,"lat":-6.28333,"lng":-37.75},{"city":"Paraipaba","state":"Ceará","population":32216,"lat":-3.43944,"lng":-39.14833},{"city":"Matões","state":"Maranhão","population":32174,"lat":-5.51889,"lng":-43.19889},{"city":"Miguel Alves","state":"Piauí","population":32150,"lat":-4.16556,"lng":-42.89528},{"city":"Nísia Floresta","state":"Rio Grande do Norte","population":31942,"lat":-6.09111,"lng":-35.20861},{"city":"Jaguaruana","state":"Ceará","population":31701,"lat":-4.83389,"lng":-37.78111},{"city":"Turilândia","state":"Maranhão","population":31638,"lat":-2.22031,"lng":-45.30643},{"city":"Cururupu","state":"Maranhão","population":31558,"lat":-1.82833,"lng":-44.86833},{"city":"Parambu","state":"Ceará","population":31445,"lat":-6.21111,"lng":-40.69444},{"city":"Pindaré-Mirim","state":"Maranhão","population":31429,"lat":-3.60833,"lng":-45.34333},{"city":"Parnarama","state":"Maranhão","population":31250,"lat":-5.68167,"lng":-43.09333},{"city":"Esperança","state":"Paraíba","population":31231,"lat":-7.03306,"lng":-35.85722},{"city":"Vitorino Freire","state":"Maranhão","population":30845,"lat":-4.28805,"lng":-45.24611},{"city":"Raposa","state":"Maranhão","population":30839,"lat":-2.42306,"lng":-44.10333},{"city":"Vitória do Mearim","state":"Maranhão","population":30805,"lat":-3.46222,"lng":-44.87056},{"city":"Lavras da Mangabeira","state":"Ceará","population":30802,"lat":-6.75333,"lng":-38.96444},{"city":"Buriti","state":"Maranhão","population":30799,"lat":-3.94222,"lng":-42.925},{"city":"Nova Russas","state":"Ceará","population":30699,"lat":-4.70667,"lng":-40.56306},{"city":"Catolé do Rocha","state":"Paraíba","population":30661,"lat":-6.34389,"lng":-37.74667},{"city":"Tabuleiro do Norte","state":"Ceará","population":30652,"lat":-5.24667,"lng":-38.13056},{"city":"Luís Correia","state":"Piauí","population":30641,"lat":-2.87917,"lng":-41.66694},{"city":"Santana do Acaraú","state":"Ceará","population":30628,"lat":-3.46056,"lng":-40.21222},{"city":"Pau dos Ferros","state":"Rio Grande do Norte","population":30479,"lat":-6.10917,"lng":-38.20444},{"city":"Canguaretama","state":"Rio Grande do Norte","population":29668,"lat":-6.38,"lng":-35.12889},{"city":"Pedras de Fogo","state":"Paraíba","population":29662,"lat":-7.40194,"lng":-35.11639},{"city":"Arari","state":"Maranhão","population":29472,"lat":-3.45361,"lng":-44.78},{"city":"São João dos Inhamuns","state":"Ceará","population":29188,"lat":-6.0,"lng":-40.28333},{"city":"Piracuruca","state":"Piauí","population":28846,"lat":-3.92806,"lng":-41.70917},{"city":"Bom Jesus","state":"Piauí","population":28796,"lat":-9.07444,"lng":-44.35861},{"city":"Bom Jesus das Selvas","state":"Maranhão","population":28599,"lat":-4.4835,"lng":-46.85326},{"city":"Cocal","state":"Piauí","population":28212,"lat":-3.47194,"lng":-41.5575},{"city":"Monção","state":"Maranhão","population":27751,"lat":-3.49167,"lng":-45.25111},{"city":"Lagoa Seca","state":"Paraíba","population":27730,"lat":-7.17083,"lng":-35.85361},{"city":"Conde","state":"Paraíba","population":27605,"lat":-7.25972,"lng":-34.9075},{"city":"Novo Oriente","state":"Ceará","population":27545,"lat":-5.53444,"lng":-40.77417},{"city":"Jardim","state":"Ceará","population":27411,"lat":-7.5817,"lng":-39.28348},{"city":"Macau","state":"Rio Grande do Norte","population":27369,"lat":-5.115,"lng":-36.63444},{"city":"Corrente","state":"Piauí","population":27278,"lat":-10.44333,"lng":-45.16222},{"city":"Redenção","state":"Ceará","population":27214,"lat":-4.22583,"lng":-38.73056},{"city":"São Bernardo","state":"Maranhão","population":26943,"lat":-3.36139,"lng":-42.41778},{"city":"Baraúna","state":"Rio Grande do Norte","population":26913,"lat":-5.08,"lng":-37.61667},{"city":"Goianinha","state":"Rio Grande do Norte","population":26741,"lat":-6.26617,"lng":-35.20969},{"city":"Timbiras","state":"Maranhão","population":26484,"lat":-4.25528,"lng":-43.94056},{"city":"Caririaçu","state":"Ceará","population":26320,"lat":-7.04222,"lng":-39.28361},{"city":"Batalha","state":"Piauí","population":26300,"lat":-4.025,"lng":-42.075},{"city":"Alagoa Grande","state":"Paraíba","population":26062,"lat":-7.04159,"lng":-35.62699},{"city":"Milagres","state":"Ceará","population":25900,"lat":-7.31333,"lng":-38.94556},{"city":"Marco","state":"Ceará","population":25799,"lat":-3.12389,"lng":-40.14667},{"city":"Alto Alegre do Pindaré","state":"Maranhão","population":25710,"lat":-3.6707,"lng":-45.84749},{"city":"Humberto de Campos","state":"Maranhão","population":25680,"lat":-2.59833,"lng":-43.46111},{"city":"Jijoca de Jericoacoara","state":"Ceará","population":25555,"lat":-2.895,"lng":-40.44917},{"city":"Aracoiaba","state":"Ceará","population":25553,"lat":-4.37111,"lng":-38.81417},{"city":"Arame","state":"Maranhão","population":25517,"lat":-4.88583,"lng":-46.005},{"city":"Luzilândia","state":"Piauí","population":25375,"lat":-3.45778,"lng":-42.37028},{"city":"Anajatuba","state":"Maranhão","population":25322,"lat":-3.26444,"lng":-44.61972},{"city":"Uruçuí","state":"Piauí","population":25203,"lat":-7.22944,"lng":-44.55611},{"city":"Campos Sales","state":"Ceará","population":25135,"lat":-7.07444,"lng":-40.37611},{"city":"São João dos Patos","state":"Maranhão","population":25020,"lat":-6.495,"lng":-43.70222},{"city":"Tamboril","state":"Ceará","population":24815,"lat":-4.83222,"lng":-40.32056},{"city":"Icatu","state":"Maranhão","population":24794,"lat":-2.77583,"lng":-44.06583},{"city":"João Lisboa","state":"Maranhão","population":24709,"lat":-5.44778,"lng":-47.40083},{"city":"Rio Tinto","state":"Paraíba","population":24581,"lat":-6.80306,"lng":-35.08056},{"city":"Ocara","state":"Ceará","population":24493,"lat":-4.49083,"lng":-38.59667},{"city":"Guaiúba","state":"Ceará","population":24325,"lat":-4.03972,"lng":-38.63722},{"city":"Pedro do Rosário","state":"Maranhão","population":24320,"lat":-2.97236,"lng":-45.35126},{"city":"Santa Luzia do Paruá","state":"Maranhão","population":24307,"lat":-2.54389,"lng":-45.77546},{"city":"Cantanhede","state":"Maranhão","population":24303,"lat":-3.63333,"lng":-44.37667},{"city":"Senador Pompeu","state":"Ceará","population":24266,"lat":-5.58806,"lng":-39.37167},{"city":"Carutapera","state":"Maranhão","population":24238,"lat":-1.20736,"lng":-46.0236},{"city":"Forquilha","state":"Ceará","population":24173,"lat":-3.79833,"lng":-40.26056},{"city":"Areia Branca","state":"Rio Grande do Norte","population":24093,"lat":-4.95611,"lng":-37.13694},{"city":"Carolina","state":"Maranhão","population":24062,"lat":-7.33561,"lng":-47.46218},{"city":"Alto Alegre do Maranhão","state":"Maranhão","population":24048,"lat":-4.21278,"lng":-44.44639},{"city":"Independência","state":"Ceará","population":24024,"lat":-5.39639,"lng":-40.30861},{"city":"Ibiapina","state":"Ceará","population":23965,"lat":-3.92333,"lng":-40.88944},{"city":"Itaporanga","state":"Paraíba","population":23940,"lat":-7.30444,"lng":-38.15028},{"city":"Jucás","state":"Ceará","population":23922,"lat":-6.52528,"lng":-39.5275},{"city":"Irauçuba","state":"Ceará","population":23915,"lat":-3.74611,"lng":-39.78333},{"city":"Porto Franco","state":"Maranhão","population":23903,"lat":-6.33833,"lng":-47.39917},{"city":"Miranda do Norte","state":"Maranhão","population":23864,"lat":-3.56516,"lng":-44.58018},{"city":"Aurora","state":"Ceará","population":23714,"lat":-6.9425,"lng":-38.9675},{"city":"Santa Quitéria do Maranhão","state":"Maranhão","population":23657,"lat":-3.49586,"lng":-42.56198},{"city":"São Miguel","state":"Rio Grande do Norte","population":23537,"lat":-6.21194,"lng":-38.49694},{"city":"Pindoretama","state":"Ceará","population":23391,"lat":-4.02694,"lng":-38.305},{"city":"Aldeias Altas","state":"Maranhão","population":23286,"lat":-4.62778,"lng":-43.47056},{"city":"Itabaiana","state":"Paraíba","population":23182,"lat":-7.32861,"lng":-35.3325},{"city":"Bananeiras","state":"Paraíba","population":23134,"lat":-6.75,"lng":-35.63333},{"city":"Governador Nunes Freire","state":"Maranhão","population":23128,"lat":-2.12583,"lng":-45.88528},{"city":"Dom Pedro","state":"Maranhão","population":23053,"lat":-5.03825,"lng":-44.43746},{"city":"Monte Alegre","state":"Rio Grande do Norte","population":23031,"lat":-6.06778,"lng":-35.33222},{"city":"Santa Luzia","state":"Maranhão","population":22909,"lat":-7.64265,"lng":-47.21738},{"city":"Morrinhos","state":"Ceará","population":22753,"lat":-3.22944,"lng":-40.125},{"city":"Areia","state":"Paraíba","population":22633,"lat":-6.96333,"lng":-35.69167},{"city":"Itinga do Maranhão","state":"Maranhão","population":22513,"lat":-4.44972,"lng":-47.52556},{"city":"Trizidela do Vale","state":"Maranhão","population":22484,"lat":-4.57194,"lng":-44.62083},{"city":"Buriti Bravo","state":"Maranhão","population":22455,"lat":-5.83722,"lng":-43.83361},{"city":"Barreira","state":"Ceará","population":22392,"lat":-4.28694,"lng":-38.64306},{"city":"Cedro","state":"Ceará","population":22344,"lat":-6.60667,"lng":-39.06222},{"city":"Valença do Piauí","state":"Piauí","population":22279,"lat":-6.4075,"lng":-41.74556},{"city":"Santo Antônio","state":"Rio Grande do Norte","population":22177,"lat":-6.31056,"lng":-35.47889},{"city":"Riachão","state":"Maranhão","population":22145,"lat":-7.36194,"lng":-46.61722},{"city":"Matinha","state":"Maranhão","population":22034,"lat":-3.10056,"lng":-45.03361},{"city":"Pio XII","state":"Maranhão","population":21886,"lat":-3.8325,"lng":-45.1525},{"city":"Várzea Alegre","state":"Ceará","population":21841,"lat":-5.35,"lng":-40.38333},{"city":"Alhandra","state":"Paraíba","population":21730,"lat":-7.43861,"lng":-34.91444},{"city":"Assaré","state":"Ceará","population":21697,"lat":-6.87444,"lng":-39.875},{"city":"Mari","state":"Paraíba","population":21512,"lat":-7.06,"lng":-35.31944},{"city":"Parelhas","state":"Rio Grande do Norte","population":21499,"lat":-6.68778,"lng":-36.6575},{"city":"Icapuí","state":"Ceará","population":21433,"lat":-4.71306,"lng":-37.35528},{"city":"São João do Piauí","state":"Piauí","population":21421,"lat":-8.35806,"lng":-42.24667},{"city":"Caaporã","state":"Paraíba","population":21193,"lat":-7.51556,"lng":-34.90833},{"city":"Maracaçumé","state":"Maranhão","population":21149,"lat":-2.04278,"lng":-45.95917},{"city":"Princesa Isabel","state":"Paraíba","population":21114,"lat":-7.73667,"lng":-37.99333},{"city":"Palmeirândia","state":"Maranhão","population":21059,"lat":-2.64528,"lng":-44.895},{"city":"Paulistana","state":"Piauí","population":21055,"lat":-8.14361,"lng":-41.14972},{"city":"Mirador","state":"Maranhão","population":21030,"lat":-6.37083,"lng":-44.36306},{"city":"Alagoa Nova","state":"Paraíba","population":21013,"lat":-7.07083,"lng":-35.75833},{"city":"Coreaú","state":"Ceará","population":20953,"lat":-3.55097,"lng":-40.65724},{"city":"Quixeré","state":"Ceará","population":20874,"lat":-5.07417,"lng":-37.98861},{"city":"Peritoró","state":"Maranhão","population":20479,"lat":-4.38333,"lng":-44.33333},{"city":"Itatira","state":"Ceará","population":20424,"lat":-4.52889,"lng":-39.62222},{"city":"Paulo Ramos","state":"Maranhão","population":20341,"lat":-4.44771,"lng":-45.24053},{"city":"Quiterianópolis","state":"Ceará","population":20213,"lat":-5.84426,"lng":-40.70195},{"city":"Uruburetama","state":"Ceará","population":20189,"lat":-3.625,"lng":-39.50833},{"city":"Chorozinho","state":"Ceará","population":20163,"lat":-4.30028,"lng":-38.49778},{"city":"Cândido Mendes","state":"Maranhão","population":19932,"lat":-1.4532,"lng":-45.72831},{"city":"Araripe","state":"Ceará","population":19783,"lat":-7.21337,"lng":-40.137},{"city":"Caraúbas","state":"Rio Grande do Norte","population":19727,"lat":-5.7925,"lng":-37.55667},{"city":"Cuité","state":"Paraíba","population":19719,"lat":-6.48361,"lng":-36.15361},{"city":"Orós","state":"Ceará","population":19675,"lat":-6.24444,"lng":-38.91361},{"city":"Buriti dos Lopes","state":"Piauí","population":19654,"lat":-3.175,"lng":-41.86694},{"city":"Bequimão","state":"Maranhão","population":19584,"lat":-2.44889,"lng":-44.7825},{"city":"São Vicente Ferrer","state":"Maranhão","population":19498,"lat":-2.89417,"lng":-44.88028},{"city":"Barro","state":"Ceará","population":19381,"lat":-7.17846,"lng":-38.78003},{"city":"Canto do Buriti","state":"Piauí","population":19365,"lat":-8.11,"lng":-42.94444},{"city":"Castelo do Piauí","state":"Piauí","population":19288,"lat":-5.32222,"lng":-41.5525},{"city":"São José de Piranhas","state":"Paraíba","population":19067,"lat":-7.12056,"lng":-38.50194},{"city":"Barão de Grajaú","state":"Maranhão","population":18984,"lat":-6.75639,"lng":-43.02417},{"city":"Pastos Bons","state":"Maranhão","population":18802,"lat":-6.60167,"lng":-44.07667},{"city":"Aroeiras","state":"Paraíba","population":18705,"lat":-7.54528,"lng":-35.7075},{"city":"São Raimundo das Mangabeiras","state":"Maranhão","population":18672,"lat":-7.02194,"lng":-45.48111},{"city":"Reriutaba","state":"Ceará","population":18606,"lat":-4.14167,"lng":-40.58222},{"city":"Morros","state":"Maranhão","population":18554,"lat":-2.86444,"lng":-44.03944},{"city":"São João Batista","state":"Maranhão","population":18544,"lat":-2.95528,"lng":-44.80694},{"city":"Alcântara","state":"Maranhão","population":18467,"lat":-2.4041,"lng":-44.41669},{"city":"Governador Edison Lobão","state":"Maranhão","population":18411,"lat":-5.74507,"lng":-47.36395},{"city":"Itapororoca","state":"Paraíba","population":18382,"lat":-6.82972,"lng":-35.24722},{"city":"São Benedito do Rio Preto","state":"Maranhão","population":18364,"lat":-3.33361,"lng":-43.52833},{"city":"Picuí","state":"Paraíba","population":18333,"lat":-6.51056,"lng":-36.34694},{"city":"Esperantinópolis","state":"Maranhão","population":18311,"lat":-4.87697,"lng":-44.88208},{"city":"Paraibano","state":"Maranhão","population":18274,"lat":-6.43306,"lng":-43.98361},{"city":"Conceição","state":"Paraíba","population":18260,"lat":-7.56222,"lng":-38.50889},{"city":"Farias Brito","state":"Ceará","population":18217,"lat":-6.92806,"lng":-39.57232},{"city":"Solonópole","state":"Ceará","population":18179,"lat":-5.73333,"lng":-39.0075},{"city":"São Luís Gonzaga do Maranhão","state":"Maranhão","population":18153,"lat":-4.3788,"lng":-44.67112},{"city":"Varjota","state":"Ceará","population":18105,"lat":-4.19444,"lng":-40.47667},{"city":"São João do Rio do Peixe","state":"Paraíba","population":17964,"lat":-6.72917,"lng":-38.44889},{"city":"Olho d’Água das Cunhãs","state":"Maranhão","population":17919,"lat":-4.13873,"lng":-45.11881},{"city":"Remígio","state":"Paraíba","population":17885,"lat":-6.96596,"lng":-35.7951},{"city":"Hidrolândia","state":"Ceará","population":17855,"lat":-4.408,"lng":-40.40414},{"city":"Itapiúna","state":"Ceará","population":17841,"lat":-4.56444,"lng":-38.92222},{"city":"Jucurutu","state":"Rio Grande do Norte","population":17793,"lat":-6.03389,"lng":-37.02028},{"city":"Formosa da Serra Negra","state":"Maranhão","population":17719,"lat":-6.44458,"lng":-46.18883},{"city":"Pirapemas","state":"Maranhão","population":17714,"lat":-3.72667,"lng":-44.22333},{"city":"Ingá","state":"Paraíba","population":17692,"lat":-7.28083,"lng":-35.60444},{"city":"Estreito","state":"Maranhão","population":17647,"lat":-5.78333,"lng":-43.25},{"city":"Cariré","state":"Ceará","population":17632,"lat":-3.95056,"lng":-40.47333},{"city":"Pio IX","state":"Piauí","population":17613,"lat":-6.83535,"lng":-40.61297},{"city":"Boqueirão","state":"Paraíba","population":17598,"lat":-7.48179,"lng":-36.13222},{"city":"Água Branca","state":"Piauí","population":17573,"lat":-5.89222,"lng":-42.63611},{"city":"São Miguel do Tapuio","state":"Piauí","population":17554,"lat":-5.50361,"lng":-41.32333},{"city":"Jaicós","state":"Piauí","population":17527,"lat":-7.35917,"lng":-41.13778},{"city":"Apicum-Açu","state":"Maranhão","population":17519,"lat":-1.52823,"lng":-45.07862},{"city":"Presidente Sarney","state":"Maranhão","population":17511,"lat":-2.59139,"lng":-45.36417},{"city":"Croatá","state":"Ceará","population":17481,"lat":-4.41594,"lng":-40.90471},{"city":"Umirim","state":"Ceará","population":17470,"lat":-3.67722,"lng":-39.35028},{"city":"Pocinhos","state":"Paraíba","population":17469,"lat":-7.07667,"lng":-36.06111},{"city":"Matões do Norte","state":"Maranhão","population":17432,"lat":-3.63222,"lng":-44.55583},{"city":"Fortim","state":"Ceará","population":17294,"lat":-4.45194,"lng":-37.79722},{"city":"Capistrano","state":"Ceará","population":17254,"lat":-4.47,"lng":-38.90139},{"city":"Amarante","state":"Piauí","population":17234,"lat":-6.24316,"lng":-42.84544},{"city":"Jaguaretama","state":"Ceará","population":17232,"lat":-5.61278,"lng":-38.76694},{"city":"Passagem Franca","state":"Maranhão","population":17220,"lat":-6.17972,"lng":-43.78361},{"city":"Carnaubal","state":"Ceará","population":17210,"lat":-4.16667,"lng":-40.94278},{"city":"Banabuiú","state":"Ceará","population":17195,"lat":-5.30972,"lng":-38.92056},{"city":"Araruna","state":"Paraíba","population":17189,"lat":-6.55833,"lng":-35.74167},{"city":"Sumé","state":"Paraíba","population":17166,"lat":-7.67167,"lng":-36.88},{"city":"Poção de Pedras","state":"Maranhão","population":17161,"lat":-4.75181,"lng":-44.94385},{"city":"Tejuçuoca","state":"Ceará","population":17154,"lat":-3.98889,"lng":-39.58056},{"city":"Monsenhor Tabosa","state":"Ceará","population":17149,"lat":-4.78944,"lng":-40.06333},{"city":"Regeneração","state":"Piauí","population":17133,"lat":-6.23122,"lng":-42.68691},{"city":"Ipueiras","state":"Piauí","population":17111,"lat":-7.03333,"lng":-40.45},{"city":"Cruz do Espírito Santo","state":"Paraíba","population":17095,"lat":-7.14,"lng":-35.08639},{"city":"Mata Roma","state":"Maranhão","population":17090,"lat":-3.625,"lng":-43.11111},{"city":"Jenipapo dos Vieiras","state":"Maranhão","population":17076,"lat":-5.37139,"lng":-45.63639},{"city":"Sítio Novo","state":"Maranhão","population":17074,"lat":-5.87806,"lng":-46.69917},{"city":"Paulino Neves","state":"Maranhão","population":17056,"lat":-2.71917,"lng":-42.53306},{"city":"Porteiras","state":"Ceará","population":17050,"lat":-7.53472,"lng":-39.11833},{"city":"Solânea","state":"Paraíba","population":17030,"lat":-6.75459,"lng":-35.66449},{"city":"Cariús","state":"Ceará","population":17015,"lat":-6.53722,"lng":-39.49667},{"city":"Fortuna","state":"Maranhão","population":16976,"lat":-5.73333,"lng":-44.15833},{"city":"Bacabeira","state":"Maranhão","population":16966,"lat":-2.97083,"lng":-44.31556},{"city":"Santana do Cariri","state":"Ceará","population":16954,"lat":-7.18833,"lng":-39.73694},{"city":"Tibau do Sul","state":"Rio Grande do Norte","population":16929,"lat":-6.18667,"lng":-35.09194},{"city":"Madalena","state":"Ceará","population":16896,"lat":-4.85722,"lng":-39.57667},{"city":"São João do Soter","state":"Maranhão","population":16889,"lat":-5.11389,"lng":-43.81},{"city":"São Paulo do Potengi","state":"Rio Grande do Norte","population":16786,"lat":-5.895,"lng":-35.76278},{"city":"Pitimbu","state":"Paraíba","population":16751,"lat":-7.47056,"lng":-34.80861},{"city":"Araçagi","state":"Paraíba","population":16646,"lat":-6.85306,"lng":-35.38111},{"city":"Salitre","state":"Ceará","population":16633,"lat":-7.28472,"lng":-40.45722},{"city":"Piquet Carneiro","state":"Ceará","population":16616,"lat":-5.80361,"lng":-39.41778},{"city":"Piancó","state":"Paraíba","population":16441,"lat":-7.19806,"lng":-37.92917},{"city":"Cajari","state":"Maranhão","population":16412,"lat":-3.32083,"lng":-45.01083},{"city":"Belém","state":"Paraíba","population":16401,"lat":-6.69167,"lng":-35.53333},{"city":"Caridade","state":"Ceará","population":16377,"lat":-4.23222,"lng":-39.1925},{"city":"Demerval Lobão","state":"Piauí","population":16352,"lat":-5.35833,"lng":-42.67639},{"city":"Bacuri","state":"Maranhão","population":16290,"lat":-1.72751,"lng":-45.14216},{"city":"Centro Novo do Maranhão","state":"Maranhão","population":16267,"lat":-2.14092,"lng":-46.12387},{"city":"Cacimba de Dentro","state":"Paraíba","population":16064,"lat":-6.64167,"lng":-35.79},{"city":"Quixelô","state":"Ceará","population":15910,"lat":-6.25444,"lng":-39.20194},{"city":"Frecheirinha","state":"Ceará","population":15657,"lat":-3.76,"lng":-40.81639},{"city":"Lagoa Nova","state":"Rio Grande do Norte","population":15573,"lat":-6.09401,"lng":-36.47219},{"city":"Turaru","state":"Ceará","population":15412,"lat":-3.6,"lng":-39.43333},{"city":"Nova Olinda","state":"Ceará","population":15399,"lat":-7.09167,"lng":-39.68056},{"city":"Guamaré","state":"Rio Grande do Norte","population":15295,"lat":-5.1075,"lng":-36.32028},{"city":"Pereiro","state":"Ceará","population":15274,"lat":-6.04167,"lng":-38.45972},{"city":"Meruoca","state":"Ceará","population":15157,"lat":-3.54167,"lng":-40.455},{"city":"Santa Luzia","state":"Paraíba","population":14959,"lat":-6.87222,"lng":-36.91861},{"city":"Inhuma","state":"Piauí","population":14958,"lat":-6.66833,"lng":-41.70778},{"city":"Uiraúna","state":"Paraíba","population":14930,"lat":-6.51833,"lng":-38.41222},{"city":"Joselândia","state":"Maranhão","population":14924,"lat":-4.98753,"lng":-44.69534},{"city":"Conceição do Lago-Açu","state":"Maranhão","population":14915,"lat":-3.83444,"lng":-44.89333},{"city":"Lago Verde","state":"Maranhão","population":14769,"lat":-4.04167,"lng":-44.93333},{"city":"Senador La Rocque","state":"Maranhão","population":14700,"lat":-5.4425,"lng":-47.29083},{"city":"Coremas","state":"Paraíba","population":14683,"lat":-7.01444,"lng":-37.94583},{"city":"Teixeira","state":"Paraíba","population":14631,"lat":-7.22278,"lng":-37.25417},{"city":"Barroquinha","state":"Ceará","population":14567,"lat":-3.01889,"lng":-41.13611},{"city":"Jacaraú","state":"Paraíba","population":14477,"lat":-6.61222,"lng":-35.29278},{"city":"Davinópolis","state":"Maranhão","population":14404,"lat":-5.52587,"lng":-47.39101},{"city":"Simões","state":"Piauí","population":14350,"lat":-7.59889,"lng":-40.81778},{"city":"São Pedro da Água Branca","state":"Maranhão","population":14338,"lat":-5.085,"lng":-48.42917},{"city":"Nova Olinda do Maranhão","state":"Maranhão","population":14314,"lat":-2.80966,"lng":-45.70295},{"city":"Santo Antônio dos Lopes","state":"Maranhão","population":14304,"lat":-4.86667,"lng":-44.36667},{"city":"Puxinanã","state":"Paraíba","population":14277,"lat":-7.16111,"lng":-35.96056},{"city":"Miraíma","state":"Ceará","population":14196,"lat":-3.56944,"lng":-39.97},{"city":"Nina Rodrigues","state":"Maranhão","population":14176,"lat":-3.46611,"lng":-43.905},{"city":"Alto Santo","state":"Ceará","population":14155,"lat":-5.52083,"lng":-38.27167},{"city":"Massaranduba","state":"Paraíba","population":14139,"lat":-7.20028,"lng":-35.78917},{"city":"Ipanguaçu","state":"Rio Grande do Norte","population":14131,"lat":-5.50762,"lng":-36.8593},{"city":"Milhã","state":"Ceará","population":14123,"lat":-5.675,"lng":-39.19389},{"city":"Tavares","state":"Paraíba","population":14101,"lat":-7.63583,"lng":-37.87833},{"city":"Aiuaba","state":"Ceará","population":14076,"lat":-6.57361,"lng":-40.12361},{"city":"Taperoá","state":"Paraíba","population":14068,"lat":-7.2075,"lng":-36.82667},{"city":"Acarape","state":"Ceará","population":14027,"lat":-4.22417,"lng":-38.70833},{"city":"Iracema","state":"Ceará","population":14001,"lat":-5.81194,"lng":-38.30583},{"city":"Mirinzal","state":"Maranhão","population":13978,"lat":-2.065,"lng":-44.78417},{"city":"Jardim de Piranhas","state":"Rio Grande do Norte","population":13977,"lat":-6.37861,"lng":-37.35194},{"city":"Igarapé do Meio","state":"Maranhão","population":13974,"lat":-3.63945,"lng":-45.18894},{"city":"Soledade","state":"Paraíba","population":13968,"lat":-7.05722,"lng":-36.36278},{"city":"Governador Eugênio Barros","state":"Maranhão","population":13930,"lat":-5.32306,"lng":-44.24667},{"city":"Mogeiro","state":"Paraíba","population":13899,"lat":-7.29944,"lng":-35.47944},{"city":"Joaquim Pires","state":"Piauí","population":13886,"lat":-3.50833,"lng":-42.19778},{"city":"Simplício Mendes","state":"Piauí","population":13870,"lat":-7.85389,"lng":-41.91028},{"city":"Saboeiro","state":"Ceará","population":13854,"lat":-6.54194,"lng":-39.90667},{"city":"Pedro Velho","state":"Rio Grande do Norte","population":13824,"lat":-6.43917,"lng":-35.22139},{"city":"Magalhães de Almeida","state":"Maranhão","population":13807,"lat":-3.39611,"lng":-42.20389},{"city":"Graça","state":"Ceará","population":13801,"lat":-4.04611,"lng":-40.75278},{"city":"Anapurus","state":"Maranhão","population":13793,"lat":-3.67167,"lng":-43.11611},{"city":"Gurinhém","state":"Paraíba","population":13766,"lat":-7.12389,"lng":-35.42444},{"city":"Maranhãozinho","state":"Maranhão","population":13761,"lat":-2.24313,"lng":-45.85714},{"city":"São Pedro do Piauí","state":"Piauí","population":13755,"lat":-5.92944,"lng":-42.71861},{"city":"Uruoca","state":"Ceará","population":13746,"lat":-3.31389,"lng":-40.55667},{"city":"Alagoinha","state":"Paraíba","population":13725,"lat":-6.95,"lng":-35.545},{"city":"Mucambo","state":"Ceará","population":13666,"lat":-3.90944,"lng":-40.74667},{"city":"Alexandria","state":"Rio Grande do Norte","population":13640,"lat":-6.4125,"lng":-38.01583},{"city":"Serra Branca","state":"Paraíba","population":13614,"lat":-7.48333,"lng":-36.665},{"city":"Primeira Cruz","state":"Maranhão","population":13614,"lat":-2.51,"lng":-43.43833},{"city":"Brejo do Cruz","state":"Paraíba","population":13613,"lat":-6.34861,"lng":-37.49833},{"city":"Elesbão Veloso","state":"Piauí","population":13607,"lat":-6.20194,"lng":-42.14028},{"city":"Upanema","state":"Rio Grande do Norte","population":13577,"lat":-5.64194,"lng":-37.25778},{"city":"Paraú","state":"Rio Grande do Norte","population":13577,"lat":-5.77444,"lng":-37.10139},{"city":"Olinda Nova do Maranhão","state":"Maranhão","population":13577,"lat":-2.99806,"lng":-44.99694},{"city":"Alto Longá","state":"Piauí","population":13479,"lat":-5.25111,"lng":-42.21028},{"city":"Tangará","state":"Rio Grande do Norte","population":13281,"lat":-6.19944,"lng":-35.80167},{"city":"Baixa Grande do Ribeiro","state":"Piauí","population":13272,"lat":-7.85028,"lng":-45.21361},{"city":"Palmeirais","state":"Piauí","population":13264,"lat":-5.97778,"lng":-43.06333},{"city":"Arês","state":"Rio Grande do Norte","population":13251,"lat":-6.19444,"lng":-35.16028},{"city":"Santa Rita","state":"Maranhão","population":13224,"lat":-3.86358,"lng":-43.85999},{"city":"Serra do Mel","state":"Rio Grande do Norte","population":13091,"lat":-5.17,"lng":-37.02944},{"city":"Apuiarés","state":"Ceará","population":12928,"lat":-3.94889,"lng":-39.43167},{"city":"Buritirama","state":"Maranhão","population":12918,"lat":-5.59278,"lng":-47.01778},{"city":"Barra de Santa Rosa","state":"Paraíba","population":12904,"lat":-6.71972,"lng":-36.06056},{"city":"Cidelândia","state":"Maranhão","population":12878,"lat":-5.17417,"lng":-47.78167},{"city":"São Miguel","state":"Rio Grande do Norte","population":12838,"lat":-5.46667,"lng":-35.36667},{"city":"Fortaleza dos Nogueiras","state":"Maranhão","population":12640,"lat":-6.96389,"lng":-46.17722},{"city":"Lucena","state":"Paraíba","population":12560,"lat":-6.90028,"lng":-34.86889},{"city":"Alto do Rodrigues","state":"Rio Grande do Norte","population":12484,"lat":-5.28833,"lng":-36.76222},{"city":"Chaval","state":"Ceará","population":12462,"lat":-3.03361,"lng":-41.24389},{"city":"Santana do Matos","state":"Rio Grande do Norte","population":12456,"lat":-5.9575,"lng":-36.65556},{"city":"Bom Lugar","state":"Maranhão","population":12414,"lat":-4.37204,"lng":-45.0337},{"city":"Poço Branco","state":"Rio Grande do Norte","population":12390,"lat":-5.62278,"lng":-35.66278},{"city":"Choró","state":"Ceará","population":12380,"lat":-4.84333,"lng":-39.14111},{"city":"Bom Jardim","state":"Maranhão","population":12343,"lat":-7.01667,"lng":-46.48333},{"city":"Centro do Guilherme","state":"Maranhão","population":12342,"lat":-2.45097,"lng":-46.03854},{"city":"Pilar","state":"Paraíba","population":12311,"lat":-7.26722,"lng":-35.26},{"city":"Campestre do Maranhão","state":"Maranhão","population":12301,"lat":-6.17222,"lng":-47.36361},{"city":"Pendências","state":"Rio Grande do Norte","population":12278,"lat":-5.26,"lng":-36.72222},{"city":"São João do Carú","state":"Maranhão","population":12251,"lat":-3.55444,"lng":-46.25583},{"city":"Arara","state":"Paraíba","population":12212,"lat":-6.82833,"lng":-35.75833},{"city":"Brejinho","state":"Rio Grande do Norte","population":12202,"lat":-6.19083,"lng":-35.35667},{"city":"Água Doce do Maranhão","state":"Maranhão","population":12142,"lat":-2.84056,"lng":-42.11222},{"city":"Ipaumirim","state":"Ceará","population":12083,"lat":-6.78972,"lng":-38.71917},{"city":"Poranga","state":"Ceará","population":12065,"lat":-4.74472,"lng":-40.92611},{"city":"São Francisco do Maranhão","state":"Maranhão","population":12064,"lat":-6.25123,"lng":-42.86977},{"city":"Porto","state":"Piauí","population":12052,"lat":-3.89333,"lng":-42.71},{"city":"Ibaretama","state":"Ceará","population":11956,"lat":-4.82065,"lng":-38.82294},{"city":"Governador Dix-Sept Rosado","state":"Rio Grande do Norte","population":11938,"lat":-5.45889,"lng":-37.52083},{"city":"Raposa","state":"Maranhão","population":11883,"lat":-6.51667,"lng":-44.18333},{"city":"Paulista","state":"Paraíba","population":11834,"lat":-6.59389,"lng":-37.62417},{"city":"Axixá","state":"Maranhão","population":11790,"lat":-2.83694,"lng":-44.05333},{"city":"Bela Vista do Maranhão","state":"Maranhão","population":11750,"lat":-3.74066,"lng":-45.25143},{"city":"Jardim do Seridó","state":"Rio Grande do Norte","population":11655,"lat":-6.58444,"lng":-36.77444},{"city":"Angicos","state":"Rio Grande do Norte","population":11632,"lat":-5.66556,"lng":-36.60111},{"city":"Ielmo Marinho","state":"Rio Grande do Norte","population":11615,"lat":-5.82417,"lng":-35.55278},{"city":"Ibicuitinga","state":"Ceará","population":11611,"lat":-4.97389,"lng":-38.63889},{"city":"Loreto","state":"Maranhão","population":11597,"lat":-7.08444,"lng":-45.14111},{"city":"Ipaporanga","state":"Ceará","population":11575,"lat":-4.9,"lng":-40.75889},{"city":"Barro","state":"Ceará","population":11519,"lat":-6.71667,"lng":-38.86667},{"city":"Salgado de São Félix","state":"Paraíba","population":11505,"lat":-7.35694,"lng":-35.44056},{"city":"Montanhas","state":"Rio Grande do Norte","population":11444,"lat":-6.48583,"lng":-35.2875},{"city":"Taipu","state":"Rio Grande do Norte","population":11422,"lat":-5.62167,"lng":-35.59667},{"city":"Lagoa Grande do Maranhão","state":"Maranhão","population":11411,"lat":-4.99114,"lng":-45.38607},{"city":"Capinzal do Norte","state":"Maranhão","population":11374,"lat":-4.72833,"lng":-44.32694},{"city":"Alcântaras","state":"Ceará","population":11369,"lat":-3.58889,"lng":-40.54556},{"city":"Presidente Juscelino","state":"Maranhão","population":11356,"lat":-2.9275,"lng":-44.065},{"city":"Pimenteiras","state":"Piauí","population":11341,"lat":-6.24528,"lng":-41.41917},{"city":"Lima Campos","state":"Maranhão","population":11297,"lat":-4.51667,"lng":-44.46667},{"city":"Curimatá","state":"Piauí","population":11270,"lat":-10.03639,"lng":-44.30611},{"city":"Aratuba","state":"Ceará","population":11224,"lat":-4.41833,"lng":-39.045},{"city":"Pacoti","state":"Ceará","population":11186,"lat":-4.225,"lng":-38.92333},{"city":"Araguanã","state":"Maranhão","population":11181,"lat":-2.94639,"lng":-45.66098},{"city":"Gilbués","state":"Piauí","population":11166,"lat":-9.83167,"lng":-45.34389},{"city":"São José do Campestre","state":"Rio Grande do Norte","population":11121,"lat":-6.31556,"lng":-35.71389},{"city":"Alto Parnaíba","state":"Maranhão","population":11109,"lat":-9.11083,"lng":-45.92972},{"city":"Peri Mirim","state":"Maranhão","population":11108,"lat":-2.5775,"lng":-44.85417},{"city":"Capitão de Campos","state":"Piauí","population":11100,"lat":-4.45667,"lng":-41.9425},{"city":"Ararendá","state":"Ceará","population":11096,"lat":-4.75278,"lng":-40.83278},{"city":"Fagundes","state":"Paraíba","population":11049,"lat":-7.355,"lng":-35.775},{"city":"São Sebastião de Lagoa de Roça","state":"Paraíba","population":11040,"lat":-7.10552,"lng":-35.86855},{"city":"Patu","state":"Rio Grande do Norte","population":11007,"lat":-6.11,"lng":-37.63667},{"city":"Cerro Corá","state":"Rio Grande do Norte","population":11000,"lat":-6.04556,"lng":-36.34583},{"city":"Fernando Falcão","state":"Maranhão","population":10973,"lat":-6.15114,"lng":-44.90184},{"city":"Groaíras","state":"Ceará","population":10910,"lat":-3.91333,"lng":-40.38333},{"city":"Passa e Fica","state":"Rio Grande do Norte","population":10896,"lat":-6.43556,"lng":-35.64333},{"city":"Avelino Lopes","state":"Piauí","population":10866,"lat":-10.13667,"lng":-43.94861},{"city":"Tenente Ananias","state":"Rio Grande do Norte","population":10855,"lat":-6.46765,"lng":-38.1794},{"city":"Martinópole","state":"Ceará","population":10846,"lat":-3.22556,"lng":-40.69667},{"city":"Afonso Bezerra","state":"Rio Grande do Norte","population":10839,"lat":-5.49833,"lng":-36.50556},{"city":"São Luís do Curu","state":"Ceará","population":10822,"lat":-3.67,"lng":-39.24333},{"city":"Itainópolis","state":"Piauí","population":10790,"lat":-7.44694,"lng":-41.47833},{"city":"Vera Cruz","state":"Rio Grande do Norte","population":10735,"lat":-6.04417,"lng":-35.42833},{"city":"Governador Newton Bello","state":"Maranhão","population":10713,"lat":-3.42611,"lng":-45.67583},{"city":"Rio do Fogo","state":"Rio Grande do Norte","population":10672,"lat":-5.27278,"lng":-35.38306},{"city":"Monte Alegre do Piauí","state":"Piauí","population":10660,"lat":-9.75389,"lng":-45.30389},{"city":"Matias Olímpio","state":"Piauí","population":10641,"lat":-3.71583,"lng":-42.55556},{"city":"Espírito Santo","state":"Rio Grande do Norte","population":10620,"lat":-6.33222,"lng":-35.30944},{"city":"Pires Ferreira","state":"Ceará","population":10606,"lat":-4.24667,"lng":-40.64528},{"city":"Acari","state":"Rio Grande do Norte","population":10597,"lat":-6.43556,"lng":-36.63889},{"city":"Lagoa do Mato","state":"Maranhão","population":10572,"lat":-6.04667,"lng":-43.52611},{"city":"Mulungu","state":"Ceará","population":10569,"lat":-4.30556,"lng":-38.99639},{"city":"Santana do Maranhão","state":"Maranhão","population":10567,"lat":-3.11611,"lng":-42.41167},{"city":"Presidente Vargas","state":"Maranhão","population":10549,"lat":-3.40694,"lng":-44.02389},{"city":"Florânia","state":"Rio Grande do Norte","population":10528,"lat":-6.12722,"lng":-36.81806},{"city":"Cristino Castro","state":"Piauí","population":10503,"lat":-8.81778,"lng":-44.22417},{"city":"Itatuba","state":"Paraíba","population":10499,"lat":-7.375,"lng":-35.62833},{"city":"Catunda","state":"Ceará","population":10444,"lat":-4.64778,"lng":-40.20139},{"city":"Manaíra","state":"Paraíba","population":10434,"lat":-7.70611,"lng":-38.15444},{"city":"Imaculada","state":"Paraíba","population":10392,"lat":-7.38972,"lng":-37.50917},{"city":"Paramoti","state":"Ceará","population":10384,"lat":-4.09694,"lng":-39.23944},{"city":"Dona Inês","state":"Paraíba","population":10380,"lat":-6.60375,"lng":-35.62702},{"city":"Vila Nova dos Martírios","state":"Maranhão","population":10362,"lat":-5.18438,"lng":-48.13997},{"city":"Jaguaribara","state":"Ceará","population":10356,"lat":-5.46033,"lng":-38.46263},{"city":"Itaueira","state":"Piauí","population":10323,"lat":-7.60333,"lng":-43.02556},{"city":"Caracol","state":"Piauí","population":10318,"lat":-9.27861,"lng":-43.33},{"city":"São Vicente do Seridó","state":"Paraíba","population":10291,"lat":-6.93434,"lng":-36.4022},{"city":"Guimarães","state":"Maranhão","population":10290,"lat":-2.13306,"lng":-44.60111},{"city":"Nazária","state":"Piauí","population":10262,"lat":-5.34933,"lng":-42.82028},{"city":"Fronteiras","state":"Piauí","population":10259,"lat":-7.08806,"lng":-40.61639},{"city":"Monsenhor Gil","state":"Piauí","population":10255,"lat":-5.56417,"lng":-42.60778},{"city":"Bonito de Santa Fé","state":"Paraíba","population":10252,"lat":-7.31333,"lng":-38.515},{"city":"Catarina","state":"Ceará","population":10243,"lat":-6.13083,"lng":-39.8775},{"city":"Palmácia","state":"Ceará","population":10242,"lat":-4.15028,"lng":-38.84639},{"city":"Sucupira do Norte","state":"Maranhão","population":10238,"lat":-6.47694,"lng":-44.19167},{"city":"Igarapé Grande","state":"Maranhão","population":10231,"lat":-4.66303,"lng":-44.85586},{"city":"Governador Archer","state":"Maranhão","population":10231,"lat":-5.02222,"lng":-44.27111},{"city":"Maxaranguape","state":"Rio Grande do Norte","population":10225,"lat":-5.51722,"lng":-35.25639},{"city":"Duque Bacelar","state":"Maranhão","population":10223,"lat":-4.15556,"lng":-42.94444},{"city":"São Miguel do Gostoso","state":"Rio Grande do Norte","population":10221,"lat":-5.12279,"lng":-35.63684},{"city":"Campo Redondo","state":"Rio Grande do Norte","population":10215,"lat":-6.24139,"lng":-36.1825},{"city":"Cabeceiras do Piauí","state":"Piauí","population":10212,"lat":-4.47611,"lng":-42.30858},{"city":"Cedral","state":"Maranhão","population":10208,"lat":-2.00028,"lng":-44.53611},{"city":"Senador Alexandre Costa","state":"Maranhão","population":10207,"lat":-5.25639,"lng":-44.05556},{"city":"Serrano do Maranhão","state":"Maranhão","population":10202,"lat":-1.85639,"lng":-45.1225},{"city":"Godofredo Viana","state":"Maranhão","population":10186,"lat":-1.415,"lng":-45.77222},{"city":"Serra Caiada","state":"Rio Grande do Norte","population":10125,"lat":-6.10393,"lng":-35.71095},{"city":"Cajapió","state":"Maranhão","population":10121,"lat":-2.88083,"lng":-44.67472},{"city":"Parnaguá","state":"Piauí","population":10103,"lat":-10.2275,"lng":-44.63917},{"city":"Umarizal","state":"Rio Grande do Norte","population":10078,"lat":-5.99056,"lng":-37.81444},{"city":"Abaiara","state":"Ceará","population":10038,"lat":-7.36035,"lng":-39.04888},{"city":"Juripiranga","state":"Paraíba","population":10012,"lat":-7.37333,"lng":-35.23806},{"city":"São Tomé","state":"Rio Grande do Norte","population":9972,"lat":-5.9725,"lng":-36.07528},{"city":"Bom Jesus","state":"Rio Grande do Norte","population":9952,"lat":-5.98389,"lng":-35.58139},{"city":"Beneditinos","state":"Piauí","population":9929,"lat":-5.45,"lng":-42.36667},{"city":"Grossos","state":"Rio Grande do Norte","population":9924,"lat":-4.97972,"lng":-37.15472},{"city":"São João do Paraíso","state":"Maranhão","population":9904,"lat":-6.46111,"lng":-47.0575},{"city":"Triunfo","state":"Paraíba","population":9892,"lat":-6.56667,"lng":-38.6},{"city":"Lajes","state":"Rio Grande do Norte","population":9866,"lat":-5.7,"lng":-36.24472},{"city":"Campo Grande","state":"Rio Grande do Norte","population":9730,"lat":-5.86389,"lng":-37.31},{"city":"Nova Floresta","state":"Paraíba","population":9724,"lat":-6.45528,"lng":-36.20333},{"city":"Carnaubais","state":"Rio Grande do Norte","population":9714,"lat":-5.33752,"lng":-36.83421},{"city":"Palhano","state":"Ceará","population":9671,"lat":-4.74528,"lng":-37.95889},{"city":"Lago do Junco","state":"Maranhão","population":9506,"lat":-4.60587,"lng":-45.05433},{"city":"Sigefredo Pacheco","state":"Piauí","population":9460,"lat":-4.91408,"lng":-41.73194},{"city":"Ipiranga do Piauí","state":"Piauí","population":9420,"lat":-6.82833,"lng":-41.74056},{"city":"Anísio de Abreu","state":"Piauí","population":9407,"lat":-9.18944,"lng":-43.04583},{"city":"Pureza","state":"Rio Grande do Norte","population":9362,"lat":-5.46694,"lng":-35.55611},{"city":"Pirpirituba","state":"Paraíba","population":9340,"lat":-6.78,"lng":-35.49861},{"city":"Água Branca","state":"Paraíba","population":9335,"lat":-7.51194,"lng":-37.64056},{"city":"Ilha Grande","state":"Piauí","population":9274,"lat":-2.85205,"lng":-41.81686},{"city":"Juru","state":"Paraíba","population":9234,"lat":-7.53694,"lng":-37.81861},{"city":"Baía da Traição","state":"Paraíba","population":9224,"lat":-6.68833,"lng":-34.93583},{"city":"Brejo de Areia","state":"Maranhão","population":9218,"lat":-4.3309,"lng":-45.58489},{"city":"Dom Inocêncio","state":"Piauí","population":9159,"lat":-9.00544,"lng":-41.97462},{"city":"Cachoeira dos Índios","state":"Paraíba","population":9151,"lat":-6.92694,"lng":-38.67417},{"city":"Umbuzeiro","state":"Paraíba","population":9124,"lat":-7.69556,"lng":-35.66361},{"city":"Montes Altos","state":"Maranhão","population":9106,"lat":-5.83333,"lng":-47.06667},{"city":"Luís Gomes","state":"Rio Grande do Norte","population":9070,"lat":-6.41389,"lng":-38.38861},{"city":"Boa Saúde","state":"Rio Grande do Norte","population":9051,"lat":-6.15833,"lng":-35.60056},{"city":"São Francisco do Brejão","state":"Maranhão","population":9051,"lat":-5.12278,"lng":-47.38583},{"city":"Marcação","state":"Paraíba","population":8999,"lat":-6.77,"lng":-35.01472},{"city":"Natuba","state":"Paraíba","population":8945,"lat":-7.64139,"lng":-35.55},{"city":"Deputado Irapuan Pinheiro","state":"Ceará","population":8932,"lat":-5.91694,"lng":-39.26778},{"city":"Tasso Fragoso","state":"Maranhão","population":8862,"lat":-8.47528,"lng":-45.74278},{"city":"Potengi","state":"Ceará","population":8833,"lat":-7.09056,"lng":-40.02667},{"city":"Baía Formosa","state":"Rio Grande do Norte","population":8825,"lat":-6.36944,"lng":-35.00778},{"city":"Milagres do Maranhão","state":"Maranhão","population":8818,"lat":-3.58139,"lng":-42.60944},{"city":"Mulungu","state":"Paraíba","population":8791,"lat":-7.02444,"lng":-35.46194},{"city":"Satubinha","state":"Maranhão","population":8784,"lat":-4.03757,"lng":-45.23816},{"city":"Serra Branca","state":"Paraíba","population":8765,"lat":-6.53333,"lng":-38.26667},{"city":"Queimada Nova","state":"Piauí","population":8738,"lat":-8.57944,"lng":-41.41944},{"city":"Cruz","state":"Ceará","population":8723,"lat":-2.9211,"lng":-40.17589},{"city":"Marcolândia","state":"Piauí","population":8533,"lat":-7.4425,"lng":-40.66111},{"city":"Nossa Senhora dos Remédios","state":"Piauí","population":8525,"lat":-3.97944,"lng":-42.62056},{"city":"Riacho dos Cavalos","state":"Paraíba","population":8493,"lat":-6.43778,"lng":-37.65111},{"city":"Belágua","state":"Maranhão","population":8460,"lat":-3.155,"lng":-43.51028},{"city":"Redenção do Gurguéia","state":"Piauí","population":8394,"lat":-9.48888,"lng":-44.58228},{"city":"Lagoa Salgada","state":"Rio Grande do Norte","population":8319,"lat":-6.12083,"lng":-35.47722},{"city":"Lagoa Alegre","state":"Piauí","population":8256,"lat":-4.51556,"lng":-42.62472},{"city":"Moraújo","state":"Ceará","population":8254,"lat":-3.46667,"lng":-40.68056},{"city":"Mataraca","state":"Paraíba","population":8244,"lat":-6.60139,"lng":-35.05111},{"city":"Francisco Santos","state":"Piauí","population":8237,"lat":-6.99278,"lng":-41.13778},{"city":"Sobrado","state":"Paraíba","population":8236,"lat":-7.14528,"lng":-35.23639},{"city":"São João do Arraial","state":"Piauí","population":8186,"lat":-3.81484,"lng":-42.45241},{"city":"Martins","state":"Rio Grande do Norte","population":8179,"lat":-6.08778,"lng":-37.91111},{"city":"Gado Bravo","state":"Paraíba","population":8179,"lat":-7.58333,"lng":-35.79083},{"city":"Desterro","state":"Paraíba","population":8067,"lat":-7.29056,"lng":-37.09389},{"city":"Barra de Santana","state":"Paraíba","population":8059,"lat":-7.52285,"lng":-35.99779},{"city":"Feira Nova do Maranhão","state":"Maranhão","population":8048,"lat":-6.96,"lng":-46.68556},{"city":"Madeiro","state":"Piauí","population":8032,"lat":-3.48278,"lng":-42.50444},{"city":"Tacima","state":"Paraíba","population":8010,"lat":-6.48833,"lng":-35.63722},{"city":"Cruzeta","state":"Rio Grande do Norte","population":8005,"lat":-6.41167,"lng":-36.78972},{"city":"São Domingos do Azeitão","state":"Maranhão","population":7992,"lat":-6.81279,"lng":-44.64415},{"city":"Carnaúba dos Dantas","state":"Rio Grande do Norte","population":7992,"lat":-6.55556,"lng":-36.595},{"city":"Aparecida","state":"Paraíba","population":7960,"lat":-6.78444,"lng":-38.08667},{"city":"Cajueiro da Praia","state":"Piauí","population":7957,"lat":-2.93098,"lng":-41.33597},{"city":"Marcelino Vieira","state":"Rio Grande do Norte","population":7896,"lat":-6.29417,"lng":-38.16722},{"city":"Jati","state":"Ceará","population":7861,"lat":-7.68853,"lng":-39.00576},{"city":"Jaçanã","state":"Rio Grande do Norte","population":7834,"lat":-6.42583,"lng":-36.205},{"city":"Lagoa de Dentro","state":"Paraíba","population":7819,"lat":-6.67333,"lng":-35.37889},{"city":"Juarez Távora","state":"Paraíba","population":7796,"lat":-7.17167,"lng":-35.58333},{"city":"Isaías Coelho","state":"Piauí","population":7774,"lat":-7.73778,"lng":-41.67611},{"city":"São Rafael","state":"Rio Grande do Norte","population":7711,"lat":-5.80191,"lng":-36.88675},{"city":"Santa Cecília","state":"Paraíba","population":7670,"lat":-7.73944,"lng":-35.87944},{"city":"Portalegre","state":"Rio Grande do Norte","population":7601,"lat":-6.02389,"lng":-37.98778},{"city":"Serra Negra do Norte","state":"Rio Grande do Norte","population":7597,"lat":-6.66556,"lng":-37.39722},{"city":"Cubati","state":"Paraíba","population":7580,"lat":-6.86579,"lng":-36.35085},{"city":"Monsenhor Hipólito","state":"Piauí","population":7577,"lat":-6.99639,"lng":-41.02972},{"city":"Boa Vista do Gurupi","state":"Maranhão","population":7574,"lat":-1.7875,"lng":-46.30333},{"city":"Itaiçaba","state":"Ceará","population":7536,"lat":-4.67444,"lng":-37.8225},{"city":"Tarrafas","state":"Ceará","population":7529,"lat":-6.68444,"lng":-39.76139},{"city":"Jericó","state":"Paraíba","population":7516,"lat":-6.55361,"lng":-37.80861},{"city":"Jatobá","state":"Maranhão","population":7471,"lat":-5.81667,"lng":-44.22333},{"city":"São Mamede","state":"Paraíba","population":7470,"lat":-6.92667,"lng":-37.09556},{"city":"Assunção do Piauí","state":"Piauí","population":7452,"lat":-5.86294,"lng":-41.04916},{"city":"Buriti dos Montes","state":"Piauí","population":7434,"lat":-5.31194,"lng":-41.09722},{"city":"Arneiroz","state":"Ceará","population":7429,"lat":-6.32361,"lng":-40.16056},{"city":"Ribamar Fiquene","state":"Maranhão","population":7420,"lat":-5.93028,"lng":-47.38444},{"city":"Campo Largo do Piauí","state":"Piauí","population":7419,"lat":-3.81079,"lng":-42.62896},{"city":"Riachuelo","state":"Rio Grande do Norte","population":7389,"lat":-5.815,"lng":-35.825},{"city":"Cristalândia do Piauí","state":"Piauí","population":7356,"lat":-10.6511,"lng":-45.18605},{"city":"Lagoa de Pedras","state":"Rio Grande do Norte","population":7338,"lat":-6.14917,"lng":-35.43778},{"city":"Itajá","state":"Rio Grande do Norte","population":7292,"lat":-5.64417,"lng":-36.87139},{"city":"Senador Sá","state":"Ceará","population":7262,"lat":-3.35056,"lng":-40.46333},{"city":"Antonina do Norte","state":"Ceará","population":7245,"lat":-6.775,"lng":-39.98917},{"city":"Cacimbas","state":"Paraíba","population":7223,"lat":-7.21111,"lng":-37.0575},{"city":"Nazarezinho","state":"Paraíba","population":7203,"lat":-6.91583,"lng":-38.32472},{"city":"Jardim","state":"Ceará","population":7189,"lat":-3.46444,"lng":-39.05667},{"city":"Amapá do Maranhão","state":"Maranhão","population":7170,"lat":-1.67629,"lng":-46.01338},{"city":"Luís Domingues","state":"Maranhão","population":7161,"lat":-1.32705,"lng":-45.8976},{"city":"Areial","state":"Paraíba","population":7128,"lat":-7.06139,"lng":-35.92583},{"city":"São José da Lagoa Tapada","state":"Paraíba","population":7126,"lat":-6.94056,"lng":-38.16222},{"city":"Central do Maranhão","state":"Maranhão","population":7094,"lat":-2.19861,"lng":-44.82556},{"city":"São Miguel de Taipu","state":"Paraíba","population":7066,"lat":-7.24972,"lng":-35.20972},{"city":"Lajeado Novo","state":"Maranhão","population":7057,"lat":-6.18861,"lng":-47.03528},{"city":"Dirceu Arcoverde","state":"Piauí","population":7054,"lat":-9.34251,"lng":-42.43425},{"city":"Doutor Severiano","state":"Rio Grande do Norte","population":7044,"lat":-6.09444,"lng":-38.37472},{"city":"Governador Luiz Rocha","state":"Maranhão","population":7036,"lat":-5.46861,"lng":-44.07389},{"city":"Marajá do Sena","state":"Maranhão","population":7027,"lat":-4.62364,"lng":-45.45201},{"city":"Santa Luzia","state":"Rio Grande do Norte","population":7000,"lat":-5.31093,"lng":-35.47519},{"city":"Capim","state":"Paraíba","population":6970,"lat":-6.91611,"lng":-35.17167},{"city":"São José dos Basílios","state":"Maranhão","population":6957,"lat":-5.05111,"lng":-44.58389},{"city":"Boa Hora","state":"Piauí","population":6902,"lat":-4.4052,"lng":-42.12267},{"city":"Casserengue","state":"Paraíba","population":6889,"lat":-6.7816,"lng":-35.81826},{"city":"Livramento","state":"Paraíba","population":6877,"lat":-7.37417,"lng":-36.94639},{"city":"Umari","state":"Ceará","population":6871,"lat":-6.64778,"lng":-38.7},{"city":"Pedra Lavrada","state":"Paraíba","population":6859,"lat":-6.75778,"lng":-36.47083},{"city":"Santa Filomena do Maranhão","state":"Maranhão","population":6839,"lat":-5.49783,"lng":-44.559},{"city":"Serra Redonda","state":"Paraíba","population":6828,"lat":-7.17833,"lng":-35.675},{"city":"Angical do Piauí","state":"Piauí","population":6827,"lat":-6.08556,"lng":-42.73917},{"city":"Alagoinha do Piauí","state":"Piauí","population":6819,"lat":-7.00956,"lng":-40.93792},{"city":"Pilões","state":"Paraíba","population":6815,"lat":-6.87157,"lng":-35.61226},{"city":"Junco do Seridó","state":"Paraíba","population":6793,"lat":-6.99667,"lng":-36.71306},{"city":"Altaneira","state":"Ceará","population":6782,"lat":-7.00167,"lng":-39.74056},{"city":"General Sampaio","state":"Ceará","population":6734,"lat":-4.05278,"lng":-39.45444},{"city":"Cuitegi","state":"Paraíba","population":6730,"lat":-6.89333,"lng":-35.52333},{"city":"Marizópolis","state":"Paraíba","population":6705,"lat":-6.84167,"lng":-38.34722},{"city":"Nazaré do Piauí","state":"Piauí","population":6665,"lat":-6.97333,"lng":-42.67194},{"city":"Lagoa d'Anta","state":"Rio Grande do Norte","population":6654,"lat":-6.39111,"lng":-35.59833},{"city":"Monte Alegre","state":"Rio Grande do Norte","population":6643,"lat":-5.88972,"lng":-36.30139},{"city":"Barro Duro","state":"Piauí","population":6640,"lat":-5.81694,"lng":-42.51306},{"city":"Caiçara","state":"Paraíba","population":6602,"lat":-6.615,"lng":-35.46861},{"city":"São José do Piauí","state":"Piauí","population":6597,"lat":-6.87167,"lng":-41.47528},{"city":"Antônio Martins","state":"Rio Grande do Norte","population":6577,"lat":-6.21278,"lng":-37.90556},{"city":"Santana dos Garrotes","state":"Paraíba","population":6569,"lat":-7.38389,"lng":-37.98583},{"city":"Jandaíra","state":"Rio Grande do Norte","population":6562,"lat":-5.35639,"lng":-36.12806},{"city":"Boqueirão do Piauí","state":"Piauí","population":6545,"lat":-4.48731,"lng":-42.11764},{"city":"Milton Brandão","state":"Piauí","population":6542,"lat":-4.70257,"lng":-41.4486},{"city":"Ereré","state":"Ceará","population":6474,"lat":-6.03194,"lng":-38.34861},{"city":"Altamira do Maranhão","state":"Maranhão","population":6447,"lat":-4.16638,"lng":-45.46515},{"city":"Serrinha","state":"Rio Grande do Norte","population":6436,"lat":-6.27611,"lng":-35.49889},{"city":"Maturéia","state":"Paraíba","population":6433,"lat":-7.26694,"lng":-37.35139},{"city":"Acauã","state":"Piauí","population":6420,"lat":-8.215,"lng":-41.08167},{"city":"Cocal dos Alves","state":"Piauí","population":6386,"lat":-3.60147,"lng":-41.44311},{"city":"Padre Marcos","state":"Piauí","population":6382,"lat":-7.355,"lng":-40.90444},{"city":"Boa Vista","state":"Paraíba","population":6377,"lat":-7.25944,"lng":-36.24},{"city":"Lagoa de São Francisco","state":"Piauí","population":6331,"lat":-4.39308,"lng":-41.60054},{"city":"Dom Expedito Lopes","state":"Piauí","population":6320,"lat":-6.95944,"lng":-41.64111},{"city":"São Vicente","state":"Rio Grande do Norte","population":6310,"lat":-6.21722,"lng":-36.68444},{"city":"Diamante","state":"Paraíba","population":6299,"lat":-7.42778,"lng":-38.26417},{"city":"Caiçara do Norte","state":"Rio Grande do Norte","population":6293,"lat":-5.06253,"lng":-36.05013},{"city":"Belém do Brejo do Cruz","state":"Paraíba","population":6268,"lat":-6.18861,"lng":-37.53583},{"city":"Cuité de Mamanguape","state":"Paraíba","population":6251,"lat":-6.91472,"lng":-35.25194},{"city":"Pedro Avelino","state":"Rio Grande do Norte","population":6242,"lat":-5.52167,"lng":-36.38806},{"city":"Sussuapara","state":"Piauí","population":6220,"lat":-7.01163,"lng":-41.38388},{"city":"Betânia do Piauí","state":"Piauí","population":6220,"lat":-8.14833,"lng":-40.79556},{"city":"Juá dos Vieiras","state":"Ceará","population":6215,"lat":-3.53333,"lng":-41.3},{"city":"Pacujá","state":"Ceará","population":6175,"lat":-3.98019,"lng":-40.69824},{"city":"Ribeiro Gonçalves","state":"Piauí","population":6164,"lat":-7.55833,"lng":-45.24222},{"city":"Colônia do Gurguéia","state":"Piauí","population":6150,"lat":-8.18194,"lng":-43.79194},{"city":"Afonso Cunha","state":"Maranhão","population":6144,"lat":-4.13278,"lng":-43.32417},{"city":"Potiretama","state":"Ceará","population":6129,"lat":-5.72389,"lng":-38.15611},{"city":"São João da Serra","state":"Piauí","population":6114,"lat":-5.51417,"lng":-41.89917},{"city":"Novo Oriente do Piauí","state":"Piauí","population":6097,"lat":-6.4501,"lng":-41.92876},{"city":"Santa Filomena","state":"Piauí","population":6087,"lat":-9.11222,"lng":-45.92222},{"city":"Camalaú","state":"Paraíba","population":6085,"lat":-7.88889,"lng":-36.82333},{"city":"Olho d'Água","state":"Paraíba","population":6060,"lat":-7.22778,"lng":-37.75056},{"city":"Malta","state":"Paraíba","population":6046,"lat":-6.90444,"lng":-37.52194},{"city":"São Julião","state":"Piauí","population":6025,"lat":-7.08472,"lng":-40.82556},{"city":"Campo Grande do Piauí","state":"Piauí","population":6020,"lat":-7.13366,"lng":-41.0376},{"city":"Encanto","state":"Rio Grande do Norte","population":6016,"lat":-6.11056,"lng":-38.30528},{"city":"Senador Elói de Souza","state":"Rio Grande do Norte","population":5965,"lat":-6.03556,"lng":-35.69278},{"city":"São João do Sabugi","state":"Rio Grande do Norte","population":5956,"lat":-6.71833,"lng":-37.20056},{"city":"Porto Rico do Maranhão","state":"Maranhão","population":5954,"lat":-1.85972,"lng":-44.58598},{"city":"Santa Cruz","state":"Paraíba","population":5947,"lat":-6.53306,"lng":-38.06194},{"city":"Felipe Guerra","state":"Rio Grande do Norte","population":5944,"lat":-5.59703,"lng":-37.69766},{"city":"Bonfim do Piauí","state":"Piauí","population":5913,"lat":-9.16935,"lng":-42.8754},{"city":"Barra de São Miguel","state":"Paraíba","population":5906,"lat":-7.75111,"lng":-36.31806},{"city":"São José dos Ramos","state":"Paraíba","population":5891,"lat":-7.24864,"lng":-35.37859},{"city":"Tenente Laurentino Cruz","state":"Rio Grande do Norte","population":5891,"lat":-6.14806,"lng":-36.71917},{"city":"Santa Helena","state":"Paraíba","population":5865,"lat":-6.72028,"lng":-38.63806},{"city":"São João do Jaguaribe","state":"Ceará","population":5855,"lat":-5.27111,"lng":-38.27361},{"city":"Bernardo do Mearim","state":"Maranhão","population":5840,"lat":-4.62932,"lng":-44.76074},{"city":"Santo Antônio de Lisboa","state":"Piauí","population":5839,"lat":-6.98139,"lng":-41.23417},{"city":"Santa Cruz do Piauí","state":"Piauí","population":5831,"lat":-7.18528,"lng":-41.7675},{"city":"Montadas","state":"Paraíba","population":5812,"lat":-7.08871,"lng":-35.95648},{"city":"José da Penha","state":"Rio Grande do Norte","population":5803,"lat":-6.31667,"lng":-38.28139},{"city":"Rio Grande do Piauí","state":"Piauí","population":5801,"lat":-7.77599,"lng":-43.13538},{"city":"Nova Olinda","state":"Paraíba","population":5787,"lat":-7.47972,"lng":-38.04222},{"city":"São Pedro dos Crentes","state":"Maranhão","population":5783,"lat":-6.82639,"lng":-46.53194},{"city":"São Pedro","state":"Rio Grande do Norte","population":5776,"lat":-5.89806,"lng":-35.63444},{"city":"Pedro Régis","state":"Paraíba","population":5766,"lat":-6.63952,"lng":-35.27607},{"city":"Caldas Brandão","state":"Paraíba","population":5753,"lat":-7.1025,"lng":-35.32639},{"city":"Brejo dos Santos","state":"Paraíba","population":5742,"lat":-6.37667,"lng":-37.82472},{"city":"Baixio","state":"Ceará","population":5704,"lat":-6.73,"lng":-38.71694},{"city":"Serra de São Bento","state":"Rio Grande do Norte","population":5703,"lat":-6.41722,"lng":-35.70444},{"city":"Guaramiranga","state":"Ceará","population":5654,"lat":-4.26333,"lng":-38.93306},{"city":"São Raimundo do Doca Bezerra","state":"Maranhão","population":5650,"lat":-5.10472,"lng":-45.07722},{"city":"Igaracy","state":"Paraíba","population":5648,"lat":-7.18056,"lng":-38.14861},{"city":"Bom Princípio do Piauí","state":"Piauí","population":5636,"lat":-3.1919,"lng":-41.64378},{"city":"Ibiara","state":"Paraíba","population":5631,"lat":-7.50139,"lng":-38.40472},{"city":"Caraúbas do Piauí","state":"Piauí","population":5630,"lat":-3.47583,"lng":-41.84306},{"city":"Alcantil","state":"Paraíba","population":5578,"lat":-7.74389,"lng":-36.05611},{"city":"São Francisco de Assis do Piauí","state":"Piauí","population":5572,"lat":-8.23778,"lng":-41.68611},{"city":"Sambaíba","state":"Maranhão","population":5568,"lat":-7.14028,"lng":-45.34611},{"city":"Bertolínia","state":"Piauí","population":5562,"lat":-7.64111,"lng":-43.95139},{"city":"São João da Fronteira","state":"Piauí","population":5522,"lat":-3.95556,"lng":-41.2575},{"city":"Tufilândia","state":"Maranhão","population":5507,"lat":-3.67333,"lng":-45.63548},{"city":"Caldeirão Grande do Piauí","state":"Piauí","population":5503,"lat":-7.33243,"lng":-40.63875},{"city":"Caxingó","state":"Piauí","population":5496,"lat":-3.4175,"lng":-41.89611},{"city":"Severiano Melo","state":"Rio Grande do Norte","population":5487,"lat":-5.77722,"lng":-37.95778},{"city":"Benedito Leite","state":"Maranhão","population":5469,"lat":-7.22278,"lng":-44.55833},{"city":"Geminiano","state":"Piauí","population":5445,"lat":-7.15778,"lng":-41.36111},{"city":"Rafael Fernandes","state":"Rio Grande do Norte","population":5432,"lat":-6.19472,"lng":-38.22583},{"city":"Patos do Piauí","state":"Piauí","population":5425,"lat":-7.67863,"lng":-41.24522},{"city":"Joca Marques","state":"Piauí","population":5394,"lat":-3.49785,"lng":-42.43282},{"city":"São Francisco do Piauí","state":"Piauí","population":5392,"lat":-7.25139,"lng":-42.54333},{"city":"Júlio Borges","state":"Piauí","population":5388,"lat":-10.32739,"lng":-44.23939},{"city":"Tibau","state":"Rio Grande do Norte","population":5382,"lat":-4.83722,"lng":-37.2525},{"city":"Aroazes","state":"Piauí","population":5369,"lat":-6.11889,"lng":-41.79306},{"city":"Equador","state":"Rio Grande do Norte","population":5360,"lat":-6.945,"lng":-36.71833},{"city":"Santa Luz","state":"Piauí","population":5336,"lat":-8.95389,"lng":-44.12944},{"city":"Cabaceiras","state":"Paraíba","population":5335,"lat":-7.48889,"lng":-36.28722},{"city":"Pilõezinhos","state":"Paraíba","population":5329,"lat":-6.84319,"lng":-35.52982},{"city":"Alvorada do Gurguéia","state":"Piauí","population":5322,"lat":-8.44839,"lng":-43.86661},{"city":"Itaú","state":"Rio Grande do Norte","population":5320,"lat":-5.83972,"lng":-37.99278},{"city":"Fartura do Piauí","state":"Piauí","population":5284,"lat":-9.48194,"lng":-42.78962},{"city":"Caturité","state":"Paraíba","population":5254,"lat":-7.42028,"lng":-36.02722},{"city":"Curral de Cima","state":"Paraíba","population":5254,"lat":-6.71694,"lng":-35.26944},{"city":"Bacurituba","state":"Maranhão","population":5252,"lat":-2.70583,"lng":-44.73778},{"city":"Várzea","state":"Rio Grande do Norte","population":5233,"lat":-6.34806,"lng":-35.37583},{"city":"Nossa Senhora de Nazaré","state":"Piauí","population":5228,"lat":-4.63346,"lng":-42.17156},{"city":"Porto do Mangue","state":"Rio Grande do Norte","population":5228,"lat":-5.06778,"lng":-36.78167},{"city":"Massapê do Piauí","state":"Piauí","population":5218,"lat":-7.4623,"lng":-41.12645},{"city":"Juazeiro do Piauí","state":"Piauí","population":5214,"lat":-5.17373,"lng":-41.70763},{"city":"Landri Sales","state":"Piauí","population":5213,"lat":-7.26583,"lng":-43.93028},{"city":"Manoel Emídio","state":"Piauí","population":5209,"lat":-8.01278,"lng":-43.87167},{"city":"Boa Ventura","state":"Paraíba","population":5207,"lat":-7.41389,"lng":-38.21611},{"city":"Lagoa do Barro do Piauí","state":"Piauí","population":5146,"lat":-8.48473,"lng":-41.53307},{"city":"Junco do Maranhão","state":"Maranhão","population":5146,"lat":-1.87854,"lng":-46.07151},{"city":"Japi","state":"Rio Grande do Norte","population":5117,"lat":-6.465,"lng":-35.94667},{"city":"Coronel Ezequiel","state":"Rio Grande do Norte","population":5117,"lat":-6.3825,"lng":-36.21472},{"city":"Várzea Branca","state":"Piauí","population":5055,"lat":-9.23889,"lng":-42.96389},{"city":"Sertãozinho","state":"Paraíba","population":5054,"lat":-6.75139,"lng":-35.44222},{"city":"Palmeira do Piauí","state":"Piauí","population":5048,"lat":-8.72644,"lng":-44.23657},{"city":"São José de Caiana","state":"Paraíba","population":5034,"lat":-7.24861,"lng":-38.30083},{"city":"Nova Colinas","state":"Maranhão","population":5021,"lat":-7.11988,"lng":-46.2623},{"city":"Santana de Mangueira","state":"Paraíba","population":5010,"lat":-7.555,"lng":-38.33222},{"city":"Aguiar","state":"Paraíba","population":5003,"lat":-7.09194,"lng":-38.17056},{"city":"Sucupira do Riachão","state":"Maranhão","population":4985,"lat":-6.41111,"lng":-43.54611},{"city":"Damião","state":"Paraíba","population":4982,"lat":-6.60278,"lng":-35.93667},{"city":"Agricolândia","state":"Piauí","population":4940,"lat":-5.79671,"lng":-42.66181},{"city":"Campinas do Piauí","state":"Piauí","population":4938,"lat":-7.66028,"lng":-41.88167},{"city":"Congo","state":"Paraíba","population":4933,"lat":-7.79694,"lng":-36.65972},{"city":"Conceição do Canindé","state":"Piauí","population":4932,"lat":-7.87778,"lng":-41.59694},{"city":"Ouro Branco","state":"Rio Grande do Norte","population":4913,"lat":-6.70111,"lng":-36.94556},{"city":"Cocal de Telha","state":"Piauí","population":4911,"lat":-4.55889,"lng":-41.97222},{"city":"Serraria","state":"Paraíba","population":4885,"lat":-6.83333,"lng":-35.625},{"city":"Vieirópolis","state":"Paraíba","population":4864,"lat":-6.54417,"lng":-38.27778},{"city":"Currais","state":"Piauí","population":4854,"lat":-9.01391,"lng":-44.39892},{"city":"Santa Maria","state":"Rio Grande do Norte","population":4847,"lat":-5.83972,"lng":-35.69528},{"city":"Granjeiro","state":"Ceará","population":4841,"lat":-6.88833,"lng":-39.21778},{"city":"São Gonçalo do Piauí","state":"Piauí","population":4837,"lat":-5.99333,"lng":-42.70278},{"city":"Morros","state":"Maranhão","population":4829,"lat":-9.44667,"lng":-46.30028},{"city":"Lagoa do Piauí","state":"Piauí","population":4810,"lat":-5.415,"lng":-42.64333},{"city":"Bento Fernandes","state":"Rio Grande do Norte","population":4807,"lat":-5.69389,"lng":-35.81972},{"city":"Almino Afonso","state":"Rio Grande do Norte","population":4806,"lat":-6.15222,"lng":-37.76611},{"city":"Parazinho","state":"Rio Grande do Norte","population":4801,"lat":-5.22306,"lng":-35.83833},{"city":"Logradouro","state":"Paraíba","population":4797,"lat":-6.61656,"lng":-35.44013},{"city":"Lajes Pintadas","state":"Rio Grande do Norte","population":4787,"lat":-6.15028,"lng":-36.11722},{"city":"Baraúna","state":"Paraíba","population":4762,"lat":-6.64278,"lng":-36.25361},{"city":"Janduís","state":"Rio Grande do Norte","population":4746,"lat":-6.01556,"lng":-37.40889},{"city":"Riachão do Poço","state":"Paraíba","population":4738,"lat":-7.15222,"lng":-35.26389},{"city":"Marcos Parente","state":"Piauí","population":4724,"lat":-7.12105,"lng":-43.8908},{"city":"Presidente Médici","state":"Maranhão","population":4696,"lat":-2.38667,"lng":-45.81972},{"city":"Riachão do Bacamarte","state":"Paraíba","population":4690,"lat":-7.24806,"lng":-35.66278},{"city":"Bom Sucesso","state":"Paraíba","population":4661,"lat":-6.445,"lng":-37.92944},{"city":"Serrinha dos Pintos","state":"Rio Grande do Norte","population":4659,"lat":-6.11,"lng":-37.95639},{"city":"Sítio Novo","state":"Rio Grande do Norte","population":4654,"lat":-6.10389,"lng":-35.91111},{"city":"Santa Rosa do Piauí","state":"Piauí","population":4650,"lat":-6.79726,"lng":-42.27932},{"city":"Alegrete do Piauí","state":"Piauí","population":4634,"lat":-7.24298,"lng":-40.85986},{"city":"Campo Alegre do Fidalgo","state":"Piauí","population":4616,"lat":-8.37682,"lng":-41.83698},{"city":"Matinhas","state":"Paraíba","population":4571,"lat":-7.125,"lng":-35.76667},{"city":"São José do Seridó","state":"Rio Grande do Norte","population":4558,"lat":-6.44917,"lng":-36.87778},{"city":"São Roberto","state":"Maranhão","population":4544,"lat":-5.02111,"lng":-44.99083},{"city":"Lagoa do Sítio","state":"Piauí","population":4520,"lat":-6.51333,"lng":-41.58417},{"city":"Arraial","state":"Piauí","population":4520,"lat":-6.65472,"lng":-42.53167},{"city":"Várzea Grande","state":"Piauí","population":4515,"lat":-6.54472,"lng":-42.24639},{"city":"Francinópolis","state":"Piauí","population":4505,"lat":-6.39583,"lng":-42.26194},{"city":"Cajueiro","state":"Rio Grande do Norte","population":4500,"lat":-5.15212,"lng":-35.51688},{"city":"Jerumenha","state":"Piauí","population":4497,"lat":-7.08778,"lng":-43.50972},{"city":"Jatobá do Piauí","state":"Piauí","population":4494,"lat":-4.77111,"lng":-41.81778},{"city":"Catingueira","state":"Paraíba","population":4491,"lat":-7.12556,"lng":-37.60889},{"city":"Morro Cabeça no Tempo","state":"Piauí","population":4458,"lat":-9.7263,"lng":-43.90865},{"city":"Jurema","state":"Piauí","population":4425,"lat":-9.2223,"lng":-43.12915},{"city":"Lagoa","state":"Paraíba","population":4415,"lat":-6.57056,"lng":-37.91583},{"city":"Flores do Piauí","state":"Piauí","population":4414,"lat":-7.79111,"lng":-42.92722},{"city":"Curralinhos","state":"Piauí","population":4413,"lat":-5.6187,"lng":-42.82842},{"city":"Francisco Ayres","state":"Piauí","population":4412,"lat":-6.62306,"lng":-42.69278},{"city":"São Lourenço do Piauí","state":"Piauí","population":4410,"lat":-9.17236,"lng":-42.54213},{"city":"São Félix de Balsas","state":"Maranhão","population":4402,"lat":-7.08278,"lng":-44.81306},{"city":"Santa Teresinha","state":"Paraíba","population":4402,"lat":-7.03889,"lng":-37.44528},{"city":"São João da Varjota","state":"Piauí","population":4383,"lat":-6.91506,"lng":-41.86422},{"city":"Eliseu Martins","state":"Piauí","population":4377,"lat":-8.09667,"lng":-43.66361},{"city":"São Braz do Piauí","state":"Piauí","population":4358,"lat":-9.06416,"lng":-42.99892},{"city":"Monte Horebe","state":"Paraíba","population":4338,"lat":-7.20437,"lng":-38.58665},{"city":"São Bentinho","state":"Paraíba","population":4327,"lat":-6.89056,"lng":-37.7259},{"city":"Nova Iorque","state":"Maranhão","population":4320,"lat":-6.73389,"lng":-44.04444},{"city":"Messias Targino","state":"Rio Grande do Norte","population":4274,"lat":-6.07889,"lng":-37.51389},{"city":"São João do Tigre","state":"Paraíba","population":4263,"lat":-8.07917,"lng":-36.84778},{"city":"Nova Palmeira","state":"Paraíba","population":4259,"lat":-6.6775,"lng":-36.42056},{"city":"Coronel José Dias","state":"Piauí","population":4250,"lat":-8.82613,"lng":-42.4788},{"city":"Rodolfo Fernandes","state":"Rio Grande do Norte","population":4242,"lat":-5.78806,"lng":-38.06},{"city":"Coronel João Pessoa","state":"Rio Grande do Norte","population":4237,"lat":-6.25972,"lng":-38.44361},{"city":"São João do Cariri","state":"Paraíba","population":4226,"lat":-7.39083,"lng":-36.53278},{"city":"Borborema","state":"Paraíba","population":4214,"lat":-6.80333,"lng":-35.58},{"city":"Jardim do Mulato","state":"Piauí","population":4180,"lat":-6.09889,"lng":-42.63028},{"city":"Riacho Frio","state":"Piauí","population":4165,"lat":-10.12528,"lng":-44.9525},{"city":"São Francisco do Oeste","state":"Rio Grande do Norte","population":4161,"lat":-5.975,"lng":-38.15167},{"city":"Assunção","state":"Paraíba","population":4152,"lat":-7.07444,"lng":-36.73111},{"city":"Nova Santa Rita","state":"Piauí","population":4147,"lat":-8.07429,"lng":-42.05014},{"city":"Socorro do Piauí","state":"Piauí","population":4141,"lat":-7.86349,"lng":-42.50283},{"city":"São José do Sabugi","state":"Paraíba","population":4138,"lat":-6.77556,"lng":-36.79889},{"city":"Passagem Franca do Piauí","state":"Piauí","population":4135,"lat":-5.85833,"lng":-42.43972},{"city":"Riacho de Santana","state":"Rio Grande do Norte","population":4127,"lat":-6.26333,"lng":-38.31556},{"city":"Santana do Piauí","state":"Piauí","population":4125,"lat":-6.94778,"lng":-41.51861},{"city":"Frutuoso Gomes","state":"Rio Grande do Norte","population":4122,"lat":-6.15964,"lng":-37.84218},{"city":"Coivaras","state":"Piauí","population":4117,"lat":-5.08944,"lng":-42.20333},{"city":"Bela Vista do Piauí","state":"Piauí","population":4091,"lat":-7.97252,"lng":-41.87176},{"city":"Paes Landim","state":"Piauí","population":4088,"lat":-7.77778,"lng":-42.25556},{"city":"São José de Espinharas","state":"Paraíba","population":4083,"lat":-6.84722,"lng":-37.32583},{"city":"Bocaina","state":"Piauí","population":4078,"lat":-6.9425,"lng":-41.3225},{"city":"Domingos Mourão","state":"Piauí","population":4075,"lat":-4.25389,"lng":-41.27028},{"city":"Senador Georgino Avelino","state":"Rio Grande do Norte","population":4065,"lat":-6.16278,"lng":-35.1225},{"city":"Wall Ferraz","state":"Piauí","population":4059,"lat":-7.23278,"lng":-41.91},{"city":"Ribeira do Piauí","state":"Piauí","population":4055,"lat":-7.69153,"lng":-42.71313},{"city":"Poço de José de Moura","state":"Paraíba","population":4006,"lat":-6.575,"lng":-38.51194},{"city":"Barra dAlcântara","state":"Piauí","population":3995,"lat":-6.51667,"lng":-42.11444},{"city":"Barcelona","state":"Rio Grande do Norte","population":3986,"lat":-5.95056,"lng":-35.92639},{"city":"Capitão Gervásio Oliveira","state":"Piauí","population":3974,"lat":-8.49028,"lng":-41.81972},{"city":"Caraúbas","state":"Paraíba","population":3944,"lat":-7.72073,"lng":-36.49401},{"city":"Paraná","state":"Rio Grande do Norte","population":3934,"lat":-6.48639,"lng":-38.31306},{"city":"Major Sales","state":"Rio Grande do Norte","population":3924,"lat":-6.40611,"lng":-38.32389},{"city":"Prata","state":"Paraíba","population":3915,"lat":-7.69083,"lng":-37.08028},{"city":"Olho d'Água do Borges","state":"Rio Grande do Norte","population":3905,"lat":-5.95639,"lng":-37.70556},{"city":"Brejo do Piauí","state":"Piauí","population":3904,"lat":-8.20673,"lng":-42.83468},{"city":"Pau d'Arco do Piauí","state":"Piauí","population":3880,"lat":-5.25391,"lng":-42.38818},{"city":"Poço Dantas","state":"Paraíba","population":3830,"lat":-6.40538,"lng":-38.49699},{"city":"Paquetá","state":"Piauí","population":3813,"lat":-7.10444,"lng":-41.70389},{"city":"São Bento do Trairi","state":"Rio Grande do Norte","population":3792,"lat":-6.34167,"lng":-36.08722},{"city":"Pedra Branca","state":"Paraíba","population":3739,"lat":-7.42722,"lng":-38.0675},{"city":"Jundiá","state":"Rio Grande do Norte","population":3739,"lat":-6.27012,"lng":-35.32723},{"city":"Santo Inácio do Piauí","state":"Piauí","population":3646,"lat":-7.42387,"lng":-41.91406},{"city":"Vista Serrana","state":"Paraíba","population":3641,"lat":-6.73833,"lng":-37.56667},{"city":"Pavussu","state":"Piauí","population":3628,"lat":-7.96583,"lng":-43.2225},{"city":"Pedra Grande","state":"Rio Grande do Norte","population":3618,"lat":-5.15028,"lng":-35.87889},{"city":"Mãe d'Água","state":"Paraíba","population":3583,"lat":-7.25861,"lng":-37.42694},{"city":"Olivedos","state":"Paraíba","population":3580,"lat":-6.99056,"lng":-36.24417},{"city":"Hugo Napoleão","state":"Piauí","population":3518,"lat":-5.98861,"lng":-42.55611},{"city":"Bernardino Batista","state":"Paraíba","population":3504,"lat":-6.45194,"lng":-38.55083},{"city":"Punaú","state":"Rio Grande do Norte","population":3500,"lat":-5.35184,"lng":-35.42204},{"city":"São Fernando","state":"Rio Grande do Norte","population":3492,"lat":-6.37639,"lng":-37.18444},{"city":"Lucrécia","state":"Rio Grande do Norte","population":3490,"lat":-6.12,"lng":-37.81556},{"city":"Santa Cruz dos Milagres","state":"Piauí","population":3435,"lat":-5.80028,"lng":-41.95944},{"city":"Belém do Piauí","state":"Piauí","population":3423,"lat":-7.37611,"lng":-40.97167},{"city":"São José de Princesa","state":"Paraíba","population":3416,"lat":-7.74223,"lng":-38.09892},{"city":"Canavieira","state":"Piauí","population":3414,"lat":-7.68806,"lng":-43.72056},{"city":"São José dos Cordeiros","state":"Paraíba","population":3411,"lat":-7.39083,"lng":-36.80778},{"city":"Triunfo Potiguar","state":"Rio Grande do Norte","population":3376,"lat":-5.86694,"lng":-37.18861},{"city":"Salgadinho","state":"Paraíba","population":3355,"lat":-7.10278,"lng":-36.84528},{"city":"Sossêgo","state":"Paraíba","population":3345,"lat":-6.76944,"lng":-36.25333},{"city":"Duas Estradas","state":"Paraíba","population":3327,"lat":-6.68861,"lng":-35.4169},{"city":"São Bento do Norte","state":"Rio Grande do Norte","population":3304,"lat":-5.06639,"lng":-36.03806},{"city":"São José do Peixe","state":"Piauí","population":3297,"lat":-7.49361,"lng":-42.56361},{"city":"Cacimba de Areia","state":"Paraíba","population":3291,"lat":-7.12944,"lng":-37.15722},{"city":"São Sebastião do Umbuzeiro","state":"Paraíba","population":3279,"lat":-8.15222,"lng":-37.01028},{"city":"Caiçara do Rio do Vento","state":"Rio Grande do Norte","population":3268,"lat":-5.76028,"lng":-35.99833},{"city":"Barreiras do Piauí","state":"Piauí","population":3264,"lat":-9.9228,"lng":-45.47718},{"city":"São José do Bonfim","state":"Paraíba","population":3242,"lat":-7.1625,"lng":-37.30889},{"city":"Gurjão","state":"Paraíba","population":3242,"lat":-7.24852,"lng":-36.49358},{"city":"Santa Inês","state":"Paraíba","population":3227,"lat":-7.62056,"lng":-38.55361},{"city":"Ruy Barbosa","state":"Rio Grande do Norte","population":3206,"lat":-5.88139,"lng":-35.93472},{"city":"Sebastião Barros","state":"Piauí","population":3202,"lat":-10.81722,"lng":-44.83389},{"city":"Vera Mendes","state":"Piauí","population":3185,"lat":-7.60333,"lng":-41.48278},{"city":"Vila Flor","state":"Rio Grande do Norte","population":3174,"lat":-6.31444,"lng":-35.07722},{"city":"Lastro","state":"Paraíba","population":3162,"lat":-6.51556,"lng":-38.18028},{"city":"Antônio Almeida","state":"Piauí","population":3152,"lat":-7.21917,"lng":-44.1975},{"city":"São Francisco","state":"Paraíba","population":3137,"lat":-6.61889,"lng":-38.09444},{"city":"Passagem","state":"Rio Grande do Norte","population":3115,"lat":-6.27889,"lng":-35.3775},{"city":"Cajazeiras do Piauí","state":"Piauí","population":3108,"lat":-6.79329,"lng":-42.39378},{"city":"Serra da Raiz","state":"Paraíba","population":3094,"lat":-6.68667,"lng":-35.44389},{"city":"Prata do Piauí","state":"Piauí","population":3042,"lat":-5.66722,"lng":-42.20667},{"city":"Venha-Ver","state":"Rio Grande do Norte","population":3014,"lat":-6.32639,"lng":-38.48417},{"city":"Emas","state":"Paraíba","population":3011,"lat":-7.10778,"lng":-37.71556},{"city":"Boa Cica","state":"Rio Grande do Norte","population":3000,"lat":-5.28132,"lng":-35.56673},{"city":"João Costa","state":"Piauí","population":2970,"lat":-8.49013,"lng":-42.41742},{"city":"Tenório","state":"Paraíba","population":2966,"lat":-6.94194,"lng":-36.62944},{"city":"Algodão de Jandaíra","state":"Paraíba","population":2953,"lat":-6.9043,"lng":-36.00833},{"city":"Tamboril do Piauí","state":"Piauí","population":2949,"lat":-8.4,"lng":-42.91361},{"city":"São Gonçalo do Gurguéia","state":"Piauí","population":2947,"lat":-10.03028,"lng":-45.30278},{"city":"Água Nova","state":"Rio Grande do Norte","population":2946,"lat":-6.20597,"lng":-38.29157},{"city":"Serra Grande","state":"Paraíba","population":2942,"lat":-7.21528,"lng":-38.36972},{"city":"Lagoinha do Piauí","state":"Piauí","population":2939,"lat":-5.83189,"lng":-42.63415},{"city":"Fernando Pedroza","state":"Rio Grande do Norte","population":2938,"lat":-5.69722,"lng":-36.53111},{"city":"Vila Nova do Piauí","state":"Piauí","population":2935,"lat":-7.13556,"lng":-40.94},{"city":"Rafael Godeiro","state":"Rio Grande do Norte","population":2934,"lat":-6.07556,"lng":-37.71667},{"city":"Francisco Macedo","state":"Piauí","population":2929,"lat":-7.33056,"lng":-40.78833},{"city":"Riachão","state":"Paraíba","population":2927,"lat":-6.54333,"lng":-35.62889},{"city":"Ouro Velho","state":"Paraíba","population":2918,"lat":-7.62333,"lng":-37.14944},{"city":"Frei Martinho","state":"Paraíba","population":2846,"lat":-6.40306,"lng":-36.45556},{"city":"São Félix do Piauí","state":"Piauí","population":2842,"lat":-5.9325,"lng":-42.11389},{"city":"São Miguel do Fidalgo","state":"Piauí","population":2829,"lat":-7.58369,"lng":-42.3706},{"city":"Novo Santo Antônio","state":"Piauí","population":2827,"lat":-5.28833,"lng":-41.93333},{"city":"Cajazeirinhas","state":"Paraíba","population":2740,"lat":-6.96111,"lng":-37.80611},{"city":"Riacho da Cruz","state":"Rio Grande do Norte","population":2701,"lat":-5.93639,"lng":-37.94639},{"city":"Francisco Dantas","state":"Rio Grande do Norte","population":2700,"lat":-6.08884,"lng":-38.12346},{"city":"Santana do Seridó","state":"Rio Grande do Norte","population":2696,"lat":-6.77153,"lng":-36.73466},{"city":"Aroeiras do Itaim","state":"Piauí","population":2690,"lat":-7.27951,"lng":-41.56358},{"city":"Várzea","state":"Paraíba","population":2668,"lat":-6.77194,"lng":-36.99194},{"city":"Olho d'Água do Piauí","state":"Piauí","population":2637,"lat":-5.84139,"lng":-42.575},{"city":"Santo André","state":"Paraíba","population":2622,"lat":-7.21833,"lng":-36.63306},{"city":"São Domingos","state":"Paraíba","population":2595,"lat":-6.81569,"lng":-37.94232},{"city":"São Domingos do Cariri","state":"Paraíba","population":2585,"lat":-7.63611,"lng":-36.43278},{"city":"Lagoa de Velhos","state":"Rio Grande do Norte","population":2567,"lat":-6.00389,"lng":-35.87167},{"city":"Pedro Laurentino","state":"Piauí","population":2514,"lat":-8.06833,"lng":-42.285},{"city":"Carnaubinha","state":"Rio Grande do Norte","population":2500,"lat":-5.21492,"lng":-35.43523},{"city":"Boqueirão","state":"Rio Grande do Norte","population":2500,"lat":-5.22744,"lng":-35.54096},{"city":"Vila Assis","state":"Rio Grande do Norte","population":2500,"lat":-5.23783,"lng":-35.58586},{"city":"Passagem","state":"Paraíba","population":2463,"lat":-7.1375,"lng":-37.04944},{"city":"Pedra Preta","state":"Rio Grande do Norte","population":2441,"lat":-5.5825,"lng":-36.10472},{"city":"Jardim de Angicos","state":"Rio Grande do Norte","population":2437,"lat":-5.65361,"lng":-35.96889},{"city":"Timbaúba dos Batistas","state":"Rio Grande do Norte","population":2420,"lat":-6.465,"lng":-37.27444},{"city":"Porto Alegre do Piauí","state":"Piauí","population":2364,"lat":-6.97091,"lng":-44.1983},{"city":"Monte das Gameleiras","state":"Rio Grande do Norte","population":2343,"lat":-6.43976,"lng":-35.78676},{"city":"Taboleiro Grande","state":"Rio Grande do Norte","population":2338,"lat":-5.93,"lng":-38.045},{"city":"Floresta do Piauí","state":"Piauí","population":2333,"lat":-7.46722,"lng":-41.79977},{"city":"Tanque do Piauí","state":"Piauí","population":2316,"lat":-6.6,"lng":-42.28222},{"city":"Carrapateira","state":"Paraíba","population":2312,"lat":-7.03889,"lng":-38.34361},{"city":"Bodó","state":"Rio Grande do Norte","population":2306,"lat":-5.98833,"lng":-36.41306},{"city":"Curral Velho","state":"Paraíba","population":2292,"lat":-7.58111,"lng":-38.19833},{"city":"Bom Jesus","state":"Paraíba","population":2286,"lat":-6.81553,"lng":-38.65436},{"city":"São Miguel da Baixa Grande","state":"Piauí","population":2269,"lat":-5.86497,"lng":-42.18686},{"city":"Amparo","state":"Paraíba","population":2234,"lat":-7.56806,"lng":-37.06361},{"city":"Zabelê","state":"Paraíba","population":2228,"lat":-8.07556,"lng":-37.09833},{"city":"Santo Antônio dos Milagres","state":"Piauí","population":2138,"lat":-6.04694,"lng":-42.70972},{"city":"Galinhos","state":"Rio Grande do Norte","population":2104,"lat":-5.09056,"lng":-36.27528},{"city":"João Dias","state":"Rio Grande do Norte","population":2076,"lat":-6.27444,"lng":-37.79611},{"city":"Ipueira","state":"Rio Grande do Norte","population":2035,"lat":-6.81417,"lng":-37.19889},{"city":"Areia de Baraúnas","state":"Paraíba","population":2005,"lat":-7.12278,"lng":-36.94111},{"city":"Atins","state":"Maranhão","population":2000,"lat":-2.57017,"lng":-42.74229},{"city":"Riacho de Santo Antônio","state":"Paraíba","population":1955,"lat":-7.69278,"lng":-36.15694},{"city":"Coxixola","state":"Paraíba","population":1824,"lat":-7.62667,"lng":-36.60583},{"city":"Viçosa","state":"Rio Grande do Norte","population":1822,"lat":-5.99444,"lng":-37.94444},{"city":"Quixaba","state":"Paraíba","population":1743,"lat":-7.03139,"lng":-37.14861},{"city":"Parari","state":"Paraíba","population":1720,"lat":-7.32056,"lng":-36.65556},{"city":"São José do Brejo do Cruz","state":"Paraíba","population":1699,"lat":-6.21278,"lng":-37.35222},{"city":"Vila Punaú","state":"Rio Grande do Norte","population":1500,"lat":-5.36332,"lng":-35.41539},{"city":"Zabelê","state":"Rio Grande do Norte","population":1500,"lat":-5.37405,"lng":-35.73825},{"city":"Lagoa do Sal","state":"Rio Grande do Norte","population":1400,"lat":-5.15052,"lng":-35.5397},{"city":"Miguel Leão","state":"Piauí","population":1318,"lat":-5.68056,"lng":-42.73861},{"city":"Baixa do QuinQuim","state":"Rio Grande do Norte","population":1200,"lat":-5.21833,"lng":-35.61725},{"city":"Frei Vital - Porto do Capim - Quinze de Nov - Nassau e Nova II","state":"Paraíba","population":912,"lat":-7.11502,"lng":-34.8918},{"city":"Ciceroândia","state":"Paraíba","population":865,"lat":-7.25139,"lng":-34.98333},{"city":"Golandim","state":"Rio Grande do Norte","population":800,"lat":-5.32807,"lng":-35.50945},{"city":"Assentamento Aracati","state":"Rio Grande do Norte","population":800,"lat":-5.31159,"lng":-35.66418},{"city":"Santo Antônio","state":"Rio Grande do Norte","population":800,"lat":-5.33525,"lng":-35.72233},{"city":"Perobas","state":"Rio Grande do Norte","population":800,"lat":-5.25282,"lng":-35.39468},{"city":"Carnaubal","state":"Rio Grande do Norte","population":600,"lat":-5.25,"lng":-35.55},{"city":"Cajá","state":"Rio Grande do Norte","population":600,"lat":-5.40217,"lng":-35.76991},{"city":"São Luis do Piauí","state":"Piauí","population":0,"lat":-6.8264,"lng":-41.32332},{"city":"São José do Divino","state":"Piauí","population":0,"lat":-3.81044,"lng":-41.83309},{"city":"Santo Amaro do Maranhão","state":"Maranhão","population":0,"lat":-2.50375,"lng":-43.25065},{"city":"Penaforte","state":"Ceará","population":0,"lat":-7.82895,"lng":-39.07539},{"city":"Pajeú do Piauí","state":"Piauí","population":0,"lat":-7.85595,"lng":-42.82105},{"city":"Morro do Chapéu do Piauí","state":"Piauí","population":0,"lat":-3.74272,"lng":-42.31139},{"city":"Mato Grosso","state":"Paraíba","population":0,"lat":-6.54305,"lng":-37.71504},{"city":"Jacobina do Piauí","state":"Piauí","population":0,"lat":-7.93643,"lng":-41.2113},{"city":"Itaipava do Grajaú","state":"Maranhão","population":0,"lat":-5.14325,"lng":-45.78914},{"city":"Sebastião Leal","state":"Piauí","population":0,"lat":-7.5698,"lng":-44.06504},{"city":"Guadalupe","state":"Piauí","population":0,"lat":-6.79092,"lng":-43.57064},{"city":"Gonçalves Dias","state":"Maranhão","population":0,"lat":-5.15332,"lng":-44.30013},{"city":"Curral Novo do Piauí","state":"Piauí","population":0,"lat":-7.83297,"lng":-40.90082},{"city":"Condado","state":"Paraíba","population":0,"lat":-6.91021,"lng":-37.6001},{"city":"Colônia do Piauí","state":"Piauí","population":0,"lat":-7.22889,"lng":-42.1785},{"city":"Caridade do Piauí","state":"Piauí","population":0,"lat":-7.73241,"lng":-40.988},{"city":"São João da Canabrava","state":"Piauí","population":0,"lat":-6.81674,"lng":-41.34592},{"city":"Cachoeira Grande","state":"Maranhão","population":0,"lat":-2.9298,"lng":-44.05438},{"city":"Buritirana","state":"Maranhão","population":0,"lat":-5.59164,"lng":-47.01531},{"city":"Brasileira","state":"Piauí","population":0,"lat":-4.13044,"lng":-41.78228},{"city":"Murici dos Portelas","state":"Piauí","population":0,"lat":-3.32383,"lng":-42.08982},{"city":"Lago dos Rodrigues","state":"Maranhão","population":0,"lat":-4.61304,"lng":-44.98009},{"city":"Nova Olina do Marnhao","state":"Maranhão","population":0,"lat":-2.84206,"lng":-45.69789},{"city":"Damião","state":"Paraíba","population":0,"lat":-6.63167,"lng":-35.9049},{"city":"Caldas Brandão","state":"Paraíba","population":0,"lat":-7.16926,"lng":-35.34326},{"city":"Riachão","state":"Paraíba","population":0,"lat":-6.54085,"lng":-35.66095},{"city":"São Francisco do Oeste","state":"Rio Grande do Norte","population":0,"lat":-5.99928,"lng":-38.17077}]}}