{"timezone":"America/El_Salvador","countries":{"El Salvador":[{"city":"San Salvador","state":"San Salvador Department","population":525990,"lat":13.68935,"lng":-89.18718},{"city":"Soyapango","state":"San Salvador Department","population":329708,"lat":13.71024,"lng":-89.13989},{"city":"San Miguel","state":"San Miguel Department","population":247126,"lat":13.48261,"lng":-88.18211},{"city":"Santa Ana","state":"Santa Ana Department","population":176661,"lat":13.98827,"lng":-89.55685},{"city":"Mejicanos","state":"San Salvador Department","population":160317,"lat":13.72397,"lng":-89.188},{"city":"Santa Tecla","state":"La Libertad Department","population":124694,"lat":13.67741,"lng":-89.28335},{"city":"Apopa","state":"San Salvador Department","population":112158,"lat":13.80722,"lng":-89.17917},{"city":"Delgado","state":"San Salvador Department","population":71594,"lat":13.72171,"lng":-89.16874},{"city":"Sonsonate","state":"Sonsonate Department","population":59468,"lat":13.71726,"lng":-89.72304},{"city":"San Marcos","state":"San Salvador Department","population":54615,"lat":13.66108,"lng":-89.18252},{"city":"Usulután","state":"Usulután","population":51910,"lat":13.34467,"lng":-88.43994},{"city":"Cojutepeque","state":"Cuscatlán","population":48411,"lat":13.71971,"lng":-88.93309},{"city":"Cuscatancingo","state":"San Salvador Department","population":44369,"lat":13.72702,"lng":-89.18161},{"city":"San Vicente","state":"San Vicente Department","population":41504,"lat":13.64114,"lng":-88.78459},{"city":"Zacatecoluca","state":"La Paz Department","population":39613,"lat":13.50872,"lng":-88.87017},{"city":"San Martín","state":"Cuscatlán","population":39361,"lat":13.78333,"lng":-88.91667},{"city":"Ilopango","state":"San Salvador Department","population":38890,"lat":13.70167,"lng":-89.10944},{"city":"Ahuachapán","state":"Ahuachapán","population":34102,"lat":13.92403,"lng":-89.84344},{"city":"Antiguo Cuscatlán","state":"La Libertad Department","population":33767,"lat":13.66492,"lng":-89.25319},{"city":"Chalchuapa","state":"Santa Ana Department","population":32282,"lat":13.98667,"lng":-89.68111},{"city":"Quezaltepeque","state":"La Libertad Department","population":28886,"lat":13.83124,"lng":-89.27221},{"city":"La Unión","state":"La Unión","population":26807,"lat":13.33915,"lng":-87.84328},{"city":"Ayutuxtepeque","state":"San Salvador Department","population":25426,"lat":13.73538,"lng":-89.20221},{"city":"Acajutla","state":"Sonsonate Department","population":22763,"lat":13.59278,"lng":-89.8275},{"city":"Aguilares","state":"San Salvador Department","population":21445,"lat":13.95722,"lng":-89.18972},{"city":"Sensuntepeque","state":"Cabañas","population":20386,"lat":13.87583,"lng":-88.62727},{"city":"Chalatenango","state":"Chalatenango Department","population":19364,"lat":14.04138,"lng":-88.93951},{"city":"Izalco","state":"Sonsonate Department","population":19197,"lat":13.74472,"lng":-89.67306},{"city":"Metapán","state":"Santa Ana Department","population":19143,"lat":14.33333,"lng":-89.45},{"city":"San Rafael Oriente","state":"San Miguel Department","population":19095,"lat":13.38333,"lng":-88.35},{"city":"Puerto El Triunfo","state":"Usulután","population":19074,"lat":13.28333,"lng":-88.55},{"city":"La Libertad","state":"La Libertad Department","population":16855,"lat":13.48833,"lng":-89.32222},{"city":"San Francisco","state":"Morazán","population":16152,"lat":13.69408,"lng":-88.10407},{"city":"Sonzacate","state":"Sonsonate Department","population":15446,"lat":13.73417,"lng":-89.71472},{"city":"Santiago de María","state":"Usulután","population":15032,"lat":13.48333,"lng":-88.46667},{"city":"Armenia","state":"Sonsonate Department","population":14997,"lat":13.74361,"lng":-89.49889},{"city":"Santo Tomás","state":"San Salvador Department","population":14581,"lat":13.64083,"lng":-89.13333},{"city":"Santa Rosa de Lima","state":"La Unión","population":13249,"lat":13.62472,"lng":-87.89361},{"city":"Turín","state":"Ahuachapán","population":11829,"lat":13.96639,"lng":-89.76611},{"city":"Zaragoza","state":"La Libertad Department","population":11749,"lat":13.58944,"lng":-89.28889},{"city":"Berlín","state":"Usulután","population":11313,"lat":13.5,"lng":-88.53333},{"city":"Guazapa","state":"San Salvador Department","population":10995,"lat":13.87694,"lng":-89.17306},{"city":"Jucuapa","state":"Usulután","population":10601,"lat":13.51667,"lng":-88.38333},{"city":"Ciudad Arce","state":"La Libertad Department","population":10095,"lat":13.84028,"lng":-89.44722},{"city":"Nueva Concepción","state":"Chalatenango Department","population":9990,"lat":14.13333,"lng":-89.3},{"city":"Juayúa","state":"Sonsonate Department","population":9936,"lat":13.84139,"lng":-89.74556},{"city":"Santiago Nonualco","state":"La Paz Department","population":9490,"lat":13.51667,"lng":-88.95},{"city":"El Tránsito","state":"San Miguel Department","population":9485,"lat":13.35,"lng":-88.35},{"city":"Atiquizaya","state":"Ahuachapán","population":9476,"lat":13.97694,"lng":-89.7525},{"city":"San Antonio del Monte","state":"Sonsonate Department","population":9135,"lat":13.71639,"lng":-89.73833},{"city":"Jiquilisco","state":"Usulután","population":9129,"lat":13.31667,"lng":-88.58333},{"city":"El Congo","state":"Santa Ana Department","population":8905,"lat":13.90889,"lng":-89.49583},{"city":"Chinameca","state":"San Miguel Department","population":8646,"lat":13.5,"lng":-88.35},{"city":"Ciudad Barrios","state":"San Miguel Department","population":8491,"lat":13.76667,"lng":-88.26667},{"city":"Concepción de Ataco","state":"Ahuachapán","population":7797,"lat":13.87028,"lng":-89.84861},{"city":"Nahuizalco","state":"Sonsonate Department","population":7358,"lat":13.7775,"lng":-89.73667},{"city":"San Sebastián","state":"San Vicente Department","population":7333,"lat":13.73333,"lng":-88.83333},{"city":"San Juan Opico","state":"La Libertad Department","population":7127,"lat":13.87611,"lng":-89.35972},{"city":"Panchimalco","state":"San Salvador Department","population":6764,"lat":13.61278,"lng":-89.18},{"city":"Nuevo Cuscatlán","state":"La Libertad Department","population":6469,"lat":13.64861,"lng":-89.26528},{"city":"Chirilagua","state":"San Miguel Department","population":6393,"lat":13.22028,"lng":-88.13861},{"city":"Olocuilta","state":"La Paz Department","population":6324,"lat":13.56972,"lng":-89.11722},{"city":"Candelaria de La Frontera","state":"Santa Ana Department","population":6301,"lat":14.11667,"lng":-89.65},{"city":"Tonacatepeque","state":"San Salvador Department","population":6245,"lat":13.78111,"lng":-89.11861},{"city":"Santa Elena","state":"Usulután","population":5887,"lat":13.38333,"lng":-88.41667},{"city":"Nueva Guadalupe","state":"San Miguel Department","population":5798,"lat":13.53333,"lng":-88.35},{"city":"Apastepeque","state":"San Vicente Department","population":5785,"lat":13.66667,"lng":-88.78333},{"city":"Coatepeque","state":"Santa Ana Department","population":5773,"lat":13.92861,"lng":-89.50417},{"city":"Suchitoto","state":"Cuscatlán","population":5735,"lat":13.93806,"lng":-89.02778},{"city":"El Rosario","state":"La Paz Department","population":5620,"lat":13.49778,"lng":-89.02972},{"city":"Guatajiagua","state":"Morazán","population":5273,"lat":13.66667,"lng":-88.2},{"city":"Rosario de Mora","state":"San Salvador Department","population":5178,"lat":13.57528,"lng":-89.20889},{"city":"San Alejo","state":"La Unión","population":5149,"lat":13.43139,"lng":-87.96306},{"city":"Tacuba","state":"Ahuachapán","population":5055,"lat":13.90111,"lng":-89.92972},{"city":"Jocoro","state":"Morazán","population":4298,"lat":13.61667,"lng":-88.01667},{"city":"Ozatlán","state":"Usulután","population":4171,"lat":13.38333,"lng":-88.5},{"city":"Intipucá","state":"La Unión","population":3540,"lat":13.19694,"lng":-88.05444},{"city":"Concepción Batres","state":"Usulután","population":3286,"lat":13.35,"lng":-88.36667},{"city":"Corinto","state":"Morazán","population":3160,"lat":13.81083,"lng":-87.97139},{"city":"Chapeltique","state":"San Miguel Department","population":3159,"lat":13.63333,"lng":-88.26667},{"city":"Conchagua","state":"La Unión","population":3034,"lat":13.30778,"lng":-87.86472},{"city":"San Pablo Tacachico","state":"La Libertad Department","population":3033,"lat":13.97556,"lng":-89.34},{"city":"Tecoluca","state":"Cuscatlán","population":2781,"lat":13.78917,"lng":-89.00528},{"city":"Anamorós","state":"La Unión","population":2655,"lat":13.74056,"lng":-87.87361},{"city":"San Pedro Masahuat","state":"La Paz Department","population":2654,"lat":13.54361,"lng":-89.03861},{"city":"Lolotique","state":"San Miguel Department","population":2654,"lat":13.55,"lng":-88.35},{"city":"Nueva Esparta","state":"La Unión","population":2528,"lat":13.78361,"lng":-87.83861},{"city":"Cacaopera","state":"Morazán","population":2528,"lat":13.76667,"lng":-88.08333},{"city":"Texistepeque","state":"Santa Ana Department","population":2401,"lat":14.13333,"lng":-89.5},{"city":"San Agustín","state":"Usulután","population":2149,"lat":13.43333,"lng":-88.6},{"city":"Pasaquina","state":"La Unión","population":2149,"lat":13.58444,"lng":-87.84111},{"city":"Moncagua","state":"San Miguel Department","population":2148,"lat":13.53333,"lng":-88.25},{"city":"Victoria","state":"Cabañas","population":2023,"lat":13.95,"lng":-88.63333},{"city":"Jujutla","state":"Ahuachapán","population":2022,"lat":13.78694,"lng":-89.85722},{"city":"Sociedad","state":"Morazán","population":1770,"lat":13.7,"lng":-88.01667},{"city":"Jucuarán","state":"Usulután","population":1643,"lat":13.25389,"lng":-88.24778},{"city":"El Paisnal","state":"San Salvador Department","population":1641,"lat":13.97361,"lng":-89.21861},{"city":"Guaymango","state":"Ahuachapán","population":1517,"lat":13.75028,"lng":-89.84222},{"city":"Sesori","state":"San Miguel Department","population":1390,"lat":13.71667,"lng":-88.36667},{"city":"San Francisco Menéndez","state":"Ahuachapán","population":1264,"lat":13.84306,"lng":-90.01583},{"city":"Tenancingo","state":"Cuscatlán","population":1011,"lat":13.83333,"lng":-88.98333},{"city":"San Francisco Morazán","state":"Chalatenango Department","population":506,"lat":14.18333,"lng":-89.05}]}}