{"timezone":"America/Campo_Grande","countries":{"Brazil":[{"city":"Campo Grande","state":"Mato Grosso do Sul","population":906092,"lat":-20.44278,"lng":-54.64639},{"city":"Dourados","state":"Mato Grosso do Sul","population":162202,"lat":-22.22111,"lng":-54.80556},{"city":"Corumbá","state":"Mato Grosso do Sul","population":96520,"lat":-19.00917,"lng":-57.65333},{"city":"Ponta Porã","state":"Mato Grosso do Sul","population":92017,"lat":-22.53611,"lng":-55.72556},{"city":"Três Lagoas","state":"Mato Grosso do Sul","population":78712,"lat":-20.78765,"lng":-51.70338},{"city":"Naviraí","state":"Mato Grosso do Sul","population":50457,"lat":-23.065,"lng":-54.19056},{"city":"Nova Andradina","state":"Mato Grosso do Sul","population":48563,"lat":-22.23333,"lng":-53.34306},{"city":"Aquidauana","state":"Mato Grosso do Sul","population":48561,"lat":-20.47111,"lng":-55.78722},{"city":"Sidrolândia","state":"Mato Grosso do Sul","population":47118,"lat":-20.93194,"lng":-54.96139},{"city":"Maracaju","state":"Mato Grosso do Sul","population":45047,"lat":-21.61444,"lng":-55.16833},{"city":"Paranaíba","state":"Mato Grosso do Sul","population":40957,"lat":-19.67722,"lng":-51.19083},{"city":"Amambai","state":"Mato Grosso do Sul","population":39325,"lat":-23.10417,"lng":-55.22583},{"city":"Rio Brilhante","state":"Mato Grosso do Sul","population":37601,"lat":-21.80194,"lng":-54.54639},{"city":"Coxim","state":"Mato Grosso do Sul","population":32151,"lat":-18.50667,"lng":-54.76},{"city":"Chapadão do Sul","state":"Mato Grosso do Sul","population":30993,"lat":-18.79417,"lng":-52.62278},{"city":"Caarapó","state":"Mato Grosso do Sul","population":30612,"lat":-22.63417,"lng":-54.82222},{"city":"São Gabriel do Oeste","state":"Mato Grosso do Sul","population":29579,"lat":-19.39528,"lng":-54.56639},{"city":"Aparecida do Taboado","state":"Mato Grosso do Sul","population":27674,"lat":-20.08667,"lng":-51.09361},{"city":"Costa Rica","state":"Mato Grosso do Sul","population":26037,"lat":-18.54389,"lng":-53.12917},{"city":"Miranda","state":"Mato Grosso do Sul","population":25536,"lat":-20.24056,"lng":-56.37833},{"city":"Itaporã","state":"Mato Grosso do Sul","population":24137,"lat":-22.07889,"lng":-54.78944},{"city":"Anastácio","state":"Mato Grosso do Sul","population":24114,"lat":-20.48361,"lng":-55.80694},{"city":"Jardim","state":"Mato Grosso do Sul","population":23981,"lat":-21.48028,"lng":-56.13806},{"city":"Bonito","state":"Mato Grosso do Sul","population":23659,"lat":-21.12111,"lng":-56.48194},{"city":"Ribas do Rio Pardo","state":"Mato Grosso do Sul","population":23150,"lat":-20.44306,"lng":-53.75917},{"city":"Bataguassu","state":"Mato Grosso do Sul","population":23031,"lat":-21.71417,"lng":-52.42222},{"city":"Campo Verde","state":"Mato Grosso do Sul","population":22806,"lat":-20.41667,"lng":-54.06667},{"city":"Nova Alvorada do Sul","state":"Mato Grosso do Sul","population":21822,"lat":-21.46583,"lng":-54.38389},{"city":"Bela Vista","state":"Mato Grosso do Sul","population":21613,"lat":-22.10809,"lng":-56.53253},{"city":"Ladário","state":"Mato Grosso do Sul","population":21522,"lat":-19.00472,"lng":-57.60167},{"city":"Cassilândia","state":"Mato Grosso do Sul","population":20988,"lat":-19.11333,"lng":-51.73417},{"city":"Fátima do Sul","state":"Mato Grosso do Sul","population":20609,"lat":-22.37417,"lng":-54.51389},{"city":"Rio Verde de Mato Grosso","state":"Mato Grosso do Sul","population":19818,"lat":-18.91806,"lng":-54.84417},{"city":"Itaquiraí","state":"Mato Grosso do Sul","population":19423,"lat":-23.47444,"lng":-54.185},{"city":"Terenos","state":"Mato Grosso do Sul","population":17652,"lat":-20.44222,"lng":-54.86028},{"city":"Água Clara","state":"Mato Grosso do Sul","population":16741,"lat":-20.44806,"lng":-52.87806},{"city":"Pôrto Barra do Ivinheima","state":"Mato Grosso do Sul","population":14527,"lat":-22.96667,"lng":-53.66667},{"city":"Sonora","state":"Mato Grosso do Sul","population":14516,"lat":-17.57694,"lng":-54.75778},{"city":"Iguatemi","state":"Mato Grosso do Sul","population":13808,"lat":-23.68028,"lng":-54.56111},{"city":"Deodápolis","state":"Mato Grosso do Sul","population":13663,"lat":-22.27556,"lng":-54.165},{"city":"Camapuã","state":"Mato Grosso do Sul","population":13583,"lat":-19.53139,"lng":-54.04389},{"city":"Nioaque","state":"Mato Grosso do Sul","population":13220,"lat":-21.13528,"lng":-55.83},{"city":"Costa Rica","state":"Mato Grosso do Sul","population":12930,"lat":-23.41667,"lng":-54.65},{"city":"Paranhos","state":"Mato Grosso do Sul","population":12921,"lat":-23.89278,"lng":-55.43111},{"city":"Porto Murtinho","state":"Mato Grosso do Sul","population":12864,"lat":-21.69889,"lng":-57.8825},{"city":"Brasilândia","state":"Mato Grosso do Sul","population":11579,"lat":-21.25583,"lng":-52.03694},{"city":"Eldorado","state":"Mato Grosso do Sul","population":11386,"lat":-23.78694,"lng":-54.28361},{"city":"Dois Irmãos do Buriti","state":"Mato Grosso do Sul","population":11100,"lat":-20.67972,"lng":-55.29611},{"city":"Sete Quedas","state":"Mato Grosso do Sul","population":10994,"lat":-23.97028,"lng":-55.03556},{"city":"Tacuru","state":"Mato Grosso do Sul","population":10808,"lat":-23.6325,"lng":-55.01583},{"city":"Aral Moreira","state":"Mato Grosso do Sul","population":10748,"lat":-22.93389,"lng":-55.63528},{"city":"Batayporã","state":"Mato Grosso do Sul","population":10712,"lat":-22.29528,"lng":-53.27111},{"city":"Guia Lopes da Laguna","state":"Mato Grosso do Sul","population":9940,"lat":-21.45778,"lng":-56.11417},{"city":"Antônio João","state":"Mato Grosso do Sul","population":9303,"lat":-22.19111,"lng":-55.9475},{"city":"Bodoquena","state":"Mato Grosso do Sul","population":8567,"lat":-20.53861,"lng":-56.715},{"city":"Inocência","state":"Mato Grosso do Sul","population":8404,"lat":-19.72556,"lng":-51.93},{"city":"Japorã","state":"Mato Grosso do Sul","population":8148,"lat":-23.89111,"lng":-54.40417},{"city":"Selvíria","state":"Mato Grosso do Sul","population":8142,"lat":-20.36722,"lng":-51.41889},{"city":"Bandeirantes","state":"Mato Grosso do Sul","population":7940,"lat":-19.91778,"lng":-54.36389},{"city":"Anaurilândia","state":"Mato Grosso do Sul","population":7653,"lat":-22.1875,"lng":-52.71778},{"city":"Jaraguari","state":"Mato Grosso do Sul","population":7139,"lat":-20.14167,"lng":-54.39944},{"city":"Pedro Gomes","state":"Mato Grosso do Sul","population":6941,"lat":-18.10056,"lng":-54.55194},{"city":"Laguna Carapã","state":"Mato Grosso do Sul","population":6799,"lat":-22.54639,"lng":-55.14972},{"city":"Juti","state":"Mato Grosso do Sul","population":6729,"lat":-22.86056,"lng":-54.60278},{"city":"Vicentina","state":"Mato Grosso do Sul","population":6336,"lat":-22.40917,"lng":-54.43556},{"city":"Douradina","state":"Mato Grosso do Sul","population":5578,"lat":-22.04028,"lng":-54.61278},{"city":"Paraíso das Águas","state":"Mato Grosso do Sul","population":5510,"lat":-19.0175,"lng":-53.01222},{"city":"Rochedo","state":"Mato Grosso do Sul","population":5199,"lat":-19.95306,"lng":-54.8925},{"city":"Caracol","state":"Mato Grosso do Sul","population":5036,"lat":-22.01389,"lng":-57.02444},{"city":"Rio Negro","state":"Mato Grosso do Sul","population":4841,"lat":-19.44944,"lng":-54.98694},{"city":"Corguinho","state":"Mato Grosso do Sul","population":4783,"lat":-19.83167,"lng":-54.82944},{"city":"Novo Horizonte do Sul","state":"Mato Grosso do Sul","population":4721,"lat":-22.67222,"lng":-53.86056},{"city":"Alcinópolis","state":"Mato Grosso do Sul","population":4537,"lat":-18.32417,"lng":-53.70611},{"city":"Taquarussu","state":"Mato Grosso do Sul","population":3625,"lat":-22.48778,"lng":-53.35139},{"city":"Jateí","state":"Mato Grosso do Sul","population":3586,"lat":-22.48194,"lng":-54.3025},{"city":"Figueirão","state":"Mato Grosso do Sul","population":3539,"lat":-18.67863,"lng":-53.63794},{"city":"Santa Rita do Pardo","state":"Mato Grosso do Sul","population":0,"lat":-21.30156,"lng":-52.82879},{"city":"Glória de Dourados","state":"Mato Grosso do Sul","population":0,"lat":-22.41564,"lng":-54.23005},{"city":"Angélica","state":"Mato Grosso do Sul","population":0,"lat":-22.15988,"lng":-53.77217},{"city":"Coronel Sapucaia","state":"Mato Grosso do Sul","population":0,"lat":-23.27346,"lng":-55.53135},{"city":"Ivinhema","state":"Mato Grosso do Sul","population":0,"lat":-22.30127,"lng":-53.82866},{"city":"Bodoquena","state":"Mato Grosso do Sul","population":0,"lat":-20.55114,"lng":-56.67576}]}}