{"timezone":"America/Caracas","countries":{"Venezuela":[{"city":"Caracas","state":"Distrito Federal","population":3000000,"lat":10.48801,"lng":-66.87919},{"city":"Maracaibo","state":"Zulia","population":1752602,"lat":10.64232,"lng":-71.61089},{"city":"Valencia","state":"Carabobo","population":1619470,"lat":10.16153,"lng":-68.00044},{"city":"Barquisimeto","state":"Lara","population":1240714,"lat":10.0647,"lng":-69.35703},{"city":"Ciudad Guayana","state":"Bolívar","population":978202,"lat":8.35122,"lng":-62.64102},{"city":"Barcelona","state":"Anzoátegui","population":815141,"lat":10.1384,"lng":-64.68769},{"city":"Maturín","state":"Monagas","population":647459,"lat":9.74569,"lng":-63.18323},{"city":"Maracay","state":"Aragua","population":464700,"lat":10.24972,"lng":-67.59475},{"city":"Ciudad Bolívar","state":"Bolívar","population":412619,"lat":8.12366,"lng":-63.54694},{"city":"Cumaná","state":"Sucre","population":405626,"lat":10.4639,"lng":-64.17859},{"city":"Barinas","state":"Barinas","population":397279,"lat":8.62064,"lng":-70.23105},{"city":"Puerto La Cruz","state":"Anzoátegui","population":370000,"lat":10.21382,"lng":-64.6328},{"city":"Petare","state":"Miranda","population":364684,"lat":10.47679,"lng":-66.80786},{"city":"Cabimas","state":"Zulia","population":351736,"lat":10.39907,"lng":-71.45206},{"city":"Turmero","state":"Aragua","population":344700,"lat":10.22856,"lng":-67.47421},{"city":"Mérida","state":"Mérida","population":300000,"lat":8.57899,"lng":-71.16922},{"city":"San Cristóbal","state":"Táchira","population":289852,"lat":7.76593,"lng":-72.23576},{"city":"Alto Barinas","state":"Barinas","population":284289,"lat":8.5931,"lng":-70.2261},{"city":"Santa Teresa del Tuy","state":"Miranda","population":278890,"lat":10.23291,"lng":-66.66474},{"city":"Los Teques","state":"Miranda","population":252242,"lat":10.34954,"lng":-67.04266},{"city":"Guarenas","state":"Miranda","population":248588,"lat":10.47027,"lng":-66.61934},{"city":"Coro","state":"Falcón","population":246657,"lat":11.40769,"lng":-69.67822},{"city":"Valera","state":"Trujillo","population":244708,"lat":9.31778,"lng":-70.60361},{"city":"Baruta","state":"Miranda","population":244216,"lat":10.43424,"lng":-66.87558},{"city":"Ciudad Ojeda","state":"Zulia","population":240283,"lat":10.20161,"lng":-71.3148},{"city":"San Fernando de Apure","state":"Apure","population":229197,"lat":7.88963,"lng":-67.47181},{"city":"Guatire","state":"Miranda","population":227666,"lat":10.474,"lng":-66.54241},{"city":"El Tigre","state":"Anzoátegui","population":222450,"lat":8.88902,"lng":-64.2527},{"city":"Porlamar","state":"Nueva Esparta","population":216234,"lat":10.95771,"lng":-63.86971},{"city":"San Felipe","state":"Yaracuy","population":206270,"lat":10.3401,"lng":-68.74297},{"city":"Guacara","state":"Carabobo","population":198883,"lat":10.22609,"lng":-67.877},{"city":"Acarigua","state":"Portuguesa","population":188278,"lat":9.55451,"lng":-69.19564},{"city":"Cúa","state":"Miranda","population":182558,"lat":10.16245,"lng":-66.88248},{"city":"Araure","state":"Portuguesa","population":181820,"lat":9.58144,"lng":-69.23851},{"city":"Lander","state":"Miranda","population":176346,"lat":10.18333,"lng":-66.7},{"city":"Puerto Cabello","state":"Carabobo","population":174000,"lat":10.47306,"lng":-68.0125},{"city":"Calabozo","state":"Guárico","population":168605,"lat":8.92416,"lng":-67.42929},{"city":"Carúpano","state":"Sucre","population":167187,"lat":10.66516,"lng":-63.25387},{"city":"Ocumare del Tuy","state":"Miranda","population":166072,"lat":10.1182,"lng":-66.77513},{"city":"El Vigía","state":"Mérida","population":162289,"lat":8.6135,"lng":-71.65702},{"city":"San Juan de los Morros","state":"Guárico","population":160868,"lat":9.91246,"lng":-67.35398},{"city":"Valle de La Pascua","state":"Guárico","population":153136,"lat":9.21554,"lng":-66.00734},{"city":"El Limón","state":"Aragua","population":148247,"lat":10.30589,"lng":-67.63212},{"city":"Punto Fijo","state":"Falcón","population":141729,"lat":11.69152,"lng":-70.19918},{"city":"Anaco","state":"Anzoátegui","population":139397,"lat":9.42958,"lng":-64.46428},{"city":"Táriba","state":"Táchira","population":138402,"lat":7.82117,"lng":-72.22329},{"city":"Machiques","state":"Zulia","population":132734,"lat":10.06077,"lng":-72.55212},{"city":"Charallave","state":"Miranda","population":129182,"lat":10.24247,"lng":-66.85723},{"city":"Palo Negro","state":"Aragua","population":128875,"lat":10.17389,"lng":-67.54194},{"city":"La Victoria","state":"Aragua","population":126721,"lat":10.22677,"lng":-67.33122},{"city":"San Carlos del Zulia","state":"Zulia","population":126353,"lat":9.00098,"lng":-71.92683},{"city":"Puerto Ayacucho","state":"Amazonas","population":125840,"lat":5.66049,"lng":-67.58343},{"city":"Carora","state":"Lara","population":121741,"lat":10.17283,"lng":-70.081},{"city":"Ejido","state":"Mérida","population":120978,"lat":8.54665,"lng":-71.24087},{"city":"La Concepción","state":"Zulia","population":120478,"lat":10.61919,"lng":-71.83814},{"city":"San Carlos","state":"Cojedes","population":120375,"lat":9.66415,"lng":-68.58659},{"city":"Cagua","state":"Aragua","population":119033,"lat":10.18634,"lng":-67.45935},{"city":"Mariara","state":"Carabobo","population":116142,"lat":10.29532,"lng":-67.7177},{"city":"Tinaquillo","state":"Cojedes","population":115937,"lat":9.91861,"lng":-68.30472},{"city":"Punta Cardón","state":"Falcón","population":113999,"lat":11.65806,"lng":-70.215},{"city":"Yaritagua","state":"Yaracuy","population":113343,"lat":10.08081,"lng":-69.1242},{"city":"Upata","state":"Bolívar","population":112617,"lat":8.0162,"lng":-62.40561},{"city":"Guanare","state":"Portuguesa","population":112286,"lat":9.03934,"lng":-69.73364},{"city":"Catia La Mar","state":"Vargas","population":106822,"lat":10.60545,"lng":-67.03238},{"city":"Cabudare","state":"Lara","population":102686,"lat":10.02658,"lng":-69.26203},{"city":"Los Puertos de Altagracia","state":"Zulia","population":101527,"lat":10.71492,"lng":-71.52168},{"city":"Los Rastrojos","state":"Lara","population":100497,"lat":10.02588,"lng":-69.24166},{"city":"Tucupita","state":"Delta Amacuro","population":99778,"lat":9.06263,"lng":-62.05208},{"city":"Villa de Cura","state":"Aragua","population":99669,"lat":10.03863,"lng":-67.48938},{"city":"Rubio","state":"Táchira","population":93197,"lat":7.70156,"lng":-72.35551},{"city":"Concepción","state":"Zulia","population":92463,"lat":10.4119,"lng":-71.68919},{"city":"San Juan Bautista","state":"Nueva Esparta","population":90387,"lat":11.01243,"lng":-63.94412},{"city":"San José de Guanipa","state":"Anzoátegui","population":83092,"lat":8.88724,"lng":-64.16512},{"city":"La Villa del Rosario","state":"Zulia","population":82766,"lat":10.3258,"lng":-72.31343},{"city":"San Timoteo","state":"Zulia","population":81017,"lat":9.7901,"lng":-71.07084},{"city":"Güigüe","state":"Carabobo","population":80627,"lat":10.08344,"lng":-67.77799},{"city":"El Cafetal","state":"Miranda","population":80029,"lat":10.46541,"lng":-66.82951},{"city":"Biruaca","state":"Apure","population":76553,"lat":7.84483,"lng":-67.51679},{"city":"El Tocuyo","state":"Lara","population":74829,"lat":9.78709,"lng":-69.79294},{"city":"Zaraza","state":"Guárico","population":74017,"lat":9.35029,"lng":-65.32452},{"city":"Socopó","state":"Barinas","population":72352,"lat":8.23062,"lng":-70.82198},{"city":"Trujillo","state":"Trujillo","population":71362,"lat":9.36587,"lng":-70.43659},{"city":"Chivacoa","state":"Yaracuy","population":70298,"lat":10.15951,"lng":-68.89453},{"city":"San Joaquín","state":"Carabobo","population":69894,"lat":10.26061,"lng":-67.79348},{"city":"Santa Cruz de Mara","state":"Zulia","population":69781,"lat":10.79269,"lng":-71.68505},{"city":"Tacarigua","state":"Carabobo","population":69636,"lat":10.08621,"lng":-67.91982},{"city":"Boconó","state":"Trujillo","population":68990,"lat":9.25385,"lng":-70.25105},{"city":"Cantaura","state":"Anzoátegui","population":68885,"lat":9.30571,"lng":-64.35841},{"city":"Altagracia de Orituco","state":"Guárico","population":68207,"lat":9.86005,"lng":-66.38139},{"city":"Morón","state":"Carabobo","population":68084,"lat":10.48715,"lng":-68.20078},{"city":"Caicara del Orinoco","state":"Bolívar","population":67277,"lat":7.63501,"lng":-66.16815},{"city":"San Antonio del Táchira","state":"Táchira","population":66392,"lat":7.8112,"lng":-72.44437},{"city":"Pampatar","state":"Nueva Esparta","population":64983,"lat":11.00085,"lng":-63.79298},{"city":"Chacao","state":"Miranda","population":64609,"lat":10.49581,"lng":-66.85367},{"city":"Guasdualito","state":"Apure","population":64608,"lat":7.24241,"lng":-70.73235},{"city":"San Antonio de Los Altos","state":"Miranda","population":63873,"lat":10.38853,"lng":-66.95179},{"city":"Colón","state":"Táchira","population":62513,"lat":8.03125,"lng":-72.26053},{"city":"La Fría","state":"Táchira","population":61568,"lat":8.21523,"lng":-72.24888},{"city":"Punta de Mata","state":"Monagas","population":61080,"lat":9.69131,"lng":-63.60921},{"city":"Mene Grande","state":"Zulia","population":60580,"lat":9.84639,"lng":-70.92655},{"city":"Pampán","state":"Trujillo","population":59657,"lat":9.44519,"lng":-70.47556},{"city":"Los Dos Caminos","state":"Miranda","population":58168,"lat":10.49389,"lng":-66.82863},{"city":"El Hatillo","state":"Miranda","population":57591,"lat":10.42411,"lng":-66.82581},{"city":"La Dolorita","state":"Miranda","population":56846,"lat":10.4883,"lng":-66.78608},{"city":"Ureña","state":"Táchira","population":56509,"lat":7.92162,"lng":-72.44396},{"city":"San Rafael","state":"Zulia","population":55810,"lat":10.96205,"lng":-71.73034},{"city":"Villa Bruzual","state":"Portuguesa","population":55244,"lat":9.33186,"lng":-69.11968},{"city":"San Josecito","state":"Táchira","population":54669,"lat":7.66106,"lng":-72.22009},{"city":"Nirgua","state":"Yaracuy","population":54080,"lat":10.15039,"lng":-68.56478},{"city":"Cocorote","state":"Yaracuy","population":52803,"lat":10.31954,"lng":-68.78298},{"city":"Maiquetía","state":"Vargas","population":52564,"lat":10.5945,"lng":-66.95624},{"city":"Caucagüito","state":"Miranda","population":52556,"lat":10.48666,"lng":-66.73799},{"city":"Ciudad Bolivia","state":"Barinas","population":52476,"lat":8.35304,"lng":-70.57121},{"city":"Ciudad Piar","state":"Bolívar","population":51967,"lat":7.45209,"lng":-63.31992},{"city":"Barinitas","state":"Barinas","population":51556,"lat":8.76171,"lng":-70.41199},{"city":"Quíbor","state":"Lara","population":51377,"lat":9.92866,"lng":-69.6201},{"city":"San Mateo","state":"Aragua","population":50401,"lat":10.21302,"lng":-67.42365},{"city":"Tovar","state":"Mérida","population":48395,"lat":8.33015,"lng":-71.75277},{"city":"Palmira","state":"Táchira","population":48087,"lat":7.8375,"lng":-72.22794},{"city":"Lecherías","state":"Anzoátegui","population":47778,"lat":10.19167,"lng":-64.69207},{"city":"Santa Bárbara","state":"Barinas","population":45808,"lat":7.81348,"lng":-71.17788},{"city":"Achaguas","state":"Apure","population":45311,"lat":7.77917,"lng":-68.22373},{"city":"Lagunillas","state":"Zulia","population":44257,"lat":10.13008,"lng":-71.25946},{"city":"Píritu","state":"Portuguesa","population":43746,"lat":9.37083,"lng":-69.21028},{"city":"Caripito","state":"Monagas","population":43448,"lat":10.11135,"lng":-63.09985},{"city":"Las Tejerías","state":"Aragua","population":43445,"lat":10.25416,"lng":-67.17333},{"city":"Tucupido","state":"Guárico","population":42633,"lat":9.27304,"lng":-65.77153},{"city":"Pueblo Nuevo El Chivo","state":"Zulia","population":41740,"lat":8.96249,"lng":-71.60754},{"city":"Cariaco","state":"Sucre","population":41589,"lat":10.49682,"lng":-63.55286},{"city":"Higuerote","state":"Miranda","population":41364,"lat":10.48287,"lng":-66.10096},{"city":"Pariaguán","state":"Anzoátegui","population":40751,"lat":8.84357,"lng":-64.71053},{"city":"Carrizal","state":"Miranda","population":40618,"lat":10.34985,"lng":-66.98632},{"city":"Capacho Nuevo","state":"Táchira","population":40169,"lat":7.82472,"lng":-72.3084},{"city":"Güiria","state":"Sucre","population":40000,"lat":10.57721,"lng":-62.29841},{"city":"Duaca","state":"Lara","population":39653,"lat":10.28554,"lng":-69.16244},{"city":"Sabaneta","state":"Barinas","population":39493,"lat":8.75234,"lng":-69.93351},{"city":"Tinaco","state":"Cojedes","population":38172,"lat":9.69894,"lng":-68.43273},{"city":"Caraballeda","state":"Vargas","population":37824,"lat":10.61216,"lng":-66.85192},{"city":"Puerto Píritu","state":"Anzoátegui","population":37745,"lat":10.05896,"lng":-65.03698},{"city":"Tumeremo","state":"Bolívar","population":37614,"lat":7.29861,"lng":-61.50497},{"city":"La Grita","state":"Táchira","population":37545,"lat":8.13316,"lng":-71.9839},{"city":"Guanarito","state":"Portuguesa","population":37219,"lat":8.69625,"lng":-69.20832},{"city":"Temblador","state":"Monagas","population":36447,"lat":9.00525,"lng":-62.64493},{"city":"Sanare","state":"Lara","population":35850,"lat":9.75209,"lng":-69.6524},{"city":"Pampanito","state":"Trujillo","population":35847,"lat":9.41037,"lng":-70.50116},{"city":"Aroa","state":"Yaracuy","population":35508,"lat":10.43949,"lng":-68.89496},{"city":"Santa Ana","state":"Táchira","population":35452,"lat":7.6429,"lng":-72.27636},{"city":"La Asunción","state":"Nueva Esparta","population":35084,"lat":11.03333,"lng":-63.86278},{"city":"Sabana de Mendoza","state":"Trujillo","population":34869,"lat":9.43494,"lng":-70.77495},{"city":"La Guardia","state":"Nueva Esparta","population":34700,"lat":10.99742,"lng":-64.0181},{"city":"La Vela de Coro","state":"Falcón","population":34680,"lat":11.46077,"lng":-69.5657},{"city":"Bejuma","state":"Carabobo","population":34618,"lat":10.17383,"lng":-68.25892},{"city":"Tucacas","state":"Falcón","population":34407,"lat":10.79006,"lng":-68.32564},{"city":"Caja Seca","state":"Zulia","population":34165,"lat":9.14151,"lng":-71.06741},{"city":"Aragua de Barcelona","state":"Anzoátegui","population":34048,"lat":9.45588,"lng":-64.82928},{"city":"Ospino","state":"Portuguesa","population":33547,"lat":9.29572,"lng":-69.45434},{"city":"Miranda","state":"Carabobo","population":32907,"lat":10.15077,"lng":-68.39325},{"city":"Punta de Piedras","state":"Nueva Esparta","population":31886,"lat":10.90123,"lng":-64.0969},{"city":"Santa Rita","state":"Zulia","population":31810,"lat":10.53642,"lng":-71.51104},{"city":"El Sombrero","state":"Guárico","population":31788,"lat":9.3863,"lng":-67.05818},{"city":"Caucagua","state":"Miranda","population":31788,"lat":10.2831,"lng":-66.37591},{"city":"Puerto Cumarebo","state":"Falcón","population":31644,"lat":11.48614,"lng":-69.35319},{"city":"Mamporal","state":"Miranda","population":30918,"lat":10.36556,"lng":-66.13391},{"city":"Santa Elena de Uairén","state":"Bolívar","population":29795,"lat":4.60226,"lng":-61.11025},{"city":"Soledad","state":"Anzoátegui","population":29763,"lat":8.16206,"lng":-63.5654},{"city":"Montalbán","state":"Carabobo","population":29451,"lat":10.21313,"lng":-68.32669},{"city":"Juan Griego","state":"Nueva Esparta","population":28256,"lat":11.08172,"lng":-63.96549},{"city":"Lagunillas","state":"Mérida","population":28176,"lat":8.50457,"lng":-71.3894},{"city":"Dabajuro","state":"Falcón","population":28117,"lat":11.02273,"lng":-70.67769},{"city":"Guasipati","state":"Bolívar","population":27988,"lat":7.47702,"lng":-61.89666},{"city":"Elorza","state":"Apure","population":27795,"lat":7.06088,"lng":-69.49765},{"city":"Urachiche","state":"Yaracuy","population":26755,"lat":10.15847,"lng":-69.00782},{"city":"Encontrados","state":"Zulia","population":26121,"lat":9.05983,"lng":-72.2346},{"city":"Cumanacoa","state":"Sucre","population":25858,"lat":10.25056,"lng":-63.91938},{"city":"Motatán","state":"Trujillo","population":25437,"lat":9.39182,"lng":-70.59061},{"city":"Coloncito","state":"Táchira","population":25352,"lat":8.32611,"lng":-72.08742},{"city":"La Guaira","state":"Vargas","population":25259,"lat":10.60156,"lng":-66.93293},{"city":"Santa Cruz de los Taques","state":"Falcón","population":25047,"lat":11.8235,"lng":-70.25637},{"city":"Casigua El Cubo","state":"Zulia","population":24592,"lat":8.74602,"lng":-72.51889},{"city":"Guama","state":"Yaracuy","population":24570,"lat":10.26638,"lng":-68.81986},{"city":"Barrancas","state":"Barinas","population":24354,"lat":8.76962,"lng":-70.11086},{"city":"Sabana de Parra","state":"Yaracuy","population":24262,"lat":10.12111,"lng":-69.03639},{"city":"Tucaní","state":"Mérida","population":24034,"lat":8.97003,"lng":-71.27277},{"city":"Tía Juana","state":"Zulia","population":23714,"lat":10.25927,"lng":-71.36343},{"city":"Araya","state":"Sucre","population":23693,"lat":10.57998,"lng":-64.25548},{"city":"Caicara","state":"Monagas","population":23625,"lat":9.81755,"lng":-63.61331},{"city":"Tabay","state":"Mérida","population":23539,"lat":8.6317,"lng":-71.07833},{"city":"Judibana","state":"Falcón","population":23182,"lat":11.75908,"lng":-70.18418},{"city":"Río Chico","state":"Miranda","population":22830,"lat":10.31899,"lng":-65.97751},{"city":"San José de Barlovento","state":"Miranda","population":22352,"lat":10.30125,"lng":-65.99053},{"city":"Boraure","state":"Yaracuy","population":21588,"lat":10.24752,"lng":-68.76966},{"city":"Clarines","state":"Anzoátegui","population":21582,"lat":9.93991,"lng":-65.16517},{"city":"Santa Cruz de Mora","state":"Mérida","population":21209,"lat":8.39925,"lng":-71.64082},{"city":"Camaguán","state":"Guárico","population":20791,"lat":8.10732,"lng":-67.60738},{"city":"Casanay","state":"Sucre","population":20609,"lat":10.5042,"lng":-63.41729},{"city":"Michelena","state":"Táchira","population":20539,"lat":7.95642,"lng":-72.24235},{"city":"Las Vegas","state":"Cojedes","population":20172,"lat":9.53724,"lng":-68.63022},{"city":"Bailadores","state":"Mérida","population":20113,"lat":8.25347,"lng":-71.82818},{"city":"Timotes","state":"Mérida","population":20098,"lat":8.98224,"lng":-70.73926},{"city":"Nueva Bolivia","state":"Mérida","population":19885,"lat":9.14007,"lng":-71.09143},{"city":"Barrancas","state":"Monagas","population":19474,"lat":8.6989,"lng":-62.19656},{"city":"El Dividive","state":"Trujillo","population":19243,"lat":9.4751,"lng":-70.73493},{"city":"Santa Ana","state":"Nueva Esparta","population":19215,"lat":11.06831,"lng":-63.92256},{"city":"Mene de Mauroa","state":"Falcón","population":19174,"lat":10.68091,"lng":-71.03609},{"city":"La Paragua","state":"Bolívar","population":18591,"lat":6.83333,"lng":-63.33333},{"city":"Pueblo Nuevo","state":"Falcón","population":18525,"lat":11.94788,"lng":-69.92306},{"city":"El Pao","state":"Cojedes","population":18520,"lat":9.63926,"lng":-68.12917},{"city":"Escuque","state":"Trujillo","population":18128,"lat":9.29687,"lng":-70.67189},{"city":"Boconoito","state":"Portuguesa","population":18086,"lat":8.84659,"lng":-69.98032},{"city":"Chaguaramas","state":"Guárico","population":17728,"lat":9.33754,"lng":-66.25282},{"city":"Obispos","state":"Barinas","population":17440,"lat":8.60701,"lng":-70.10489},{"city":"San Rafael de Onoto","state":"Portuguesa","population":17402,"lat":9.67813,"lng":-68.97278},{"city":"Chiquinquirá","state":"Zulia","population":17271,"lat":10.44333,"lng":-71.64722},{"city":"La Azulita","state":"Mérida","population":17111,"lat":8.71364,"lng":-71.44421},{"city":"El Dorado","state":"Bolívar","population":16100,"lat":6.71581,"lng":-61.63738},{"city":"Yumare","state":"Yaracuy","population":15661,"lat":10.59703,"lng":-68.67328},{"city":"Valle de Guanape","state":"Anzoátegui","population":14983,"lat":9.90999,"lng":-65.67405},{"city":"Punta Gorda","state":"Zulia","population":14855,"lat":10.33407,"lng":-71.41352},{"city":"Lobatera","state":"Táchira","population":14041,"lat":7.93005,"lng":-72.24679},{"city":"Yaguaraparo","state":"Sucre","population":13610,"lat":10.56839,"lng":-62.82628},{"city":"Libertad","state":"Barinas","population":13251,"lat":8.32709,"lng":-69.63093},{"city":"San Antonio","state":"Monagas","population":12522,"lat":10.11914,"lng":-63.72535},{"city":"Chichiriviche","state":"Falcón","population":12500,"lat":10.92872,"lng":-68.27283},{"city":"San Fernando de Atabapo","state":"Amazonas","population":11929,"lat":4.04564,"lng":-67.69934},{"city":"San Mateo","state":"Anzoátegui","population":11670,"lat":9.74004,"lng":-64.54937},{"city":"Boca de Uchire","state":"Anzoátegui","population":10904,"lat":10.13191,"lng":-65.42236},{"city":"El Baúl","state":"Cojedes","population":10760,"lat":8.96225,"lng":-68.29511},{"city":"Boca de Aroa","state":"Falcón","population":10033,"lat":10.68229,"lng":-68.29829},{"city":"Tocuyo de La Costa","state":"Falcón","population":9504,"lat":11.0357,"lng":-68.37448},{"city":"Aricagua","state":"Sucre","population":9272,"lat":10.23861,"lng":-63.89761},{"city":"Mucuchíes","state":"Mérida","population":8880,"lat":8.74921,"lng":-70.91978},{"city":"Zea","state":"Mérida","population":8713,"lat":8.37706,"lng":-71.78398},{"city":"San Lorenzo","state":"Sucre","population":8343,"lat":10.22301,"lng":-63.92452},{"city":"Bobures","state":"Zulia","population":8012,"lat":9.24173,"lng":-71.17506},{"city":"La Aguada","state":"Falcón","population":7261,"lat":11.27667,"lng":-67.46444},{"city":"San Pedro de Coche","state":"Nueva Esparta","population":6704,"lat":10.78153,"lng":-63.99636},{"city":"Arenas","state":"Sucre","population":6312,"lat":10.27931,"lng":-63.93725},{"city":"Urica","state":"Anzoátegui","population":4517,"lat":9.71404,"lng":-64.00759},{"city":"Aragüita","state":"Anzoátegui","population":4463,"lat":9.91252,"lng":-65.19197},{"city":"San Simón","state":"Táchira","population":2085,"lat":8.35018,"lng":-71.85114},{"city":"Kanavayén","state":"Bolívar","population":1500,"lat":5.63333,"lng":-61.8},{"city":"Los Roques","state":"Dependencias Federales","population":1471,"lat":11.94836,"lng":-66.67835},{"city":"Caricuao","state":"Distrito Federal","population":0,"lat":10.43337,"lng":-66.98313},{"city":"Tocuyito","state":"Carabobo","population":0,"lat":10.11347,"lng":-68.06783},{"city":"El Chaparro","state":"Anzoátegui","population":0,"lat":9.15204,"lng":-65.01732},{"city":"Santa Cruz de Guacas","state":"Barinas","population":0,"lat":7.44329,"lng":-71.30139},{"city":"El Real","state":"Barinas","population":0,"lat":8.43525,"lng":-69.99633},{"city":"Puerto Vivas","state":"Barinas","population":0,"lat":7.50005,"lng":-71.84446},{"city":"La Mula","state":"Barinas","population":0,"lat":8.57084,"lng":-70.37524},{"city":"Los Guasimitos","state":"Barinas","population":0,"lat":8.66435,"lng":-70.23216},{"city":"Yaracal","state":"Falcón","population":0,"lat":10.96985,"lng":-68.54648},{"city":"Las Casitas del Vegon de Nutrias","state":"Barinas","population":0,"lat":8.23704,"lng":-69.4183},{"city":"Urumaco","state":"Falcón","population":0,"lat":11.19996,"lng":-70.25543},{"city":"Uracoa","state":"Monagas","population":0,"lat":8.99432,"lng":-62.35202},{"city":"Umuquena","state":"Táchira","population":0,"lat":8.26648,"lng":-72.06432},{"city":"Tunapuy","state":"Sucre","population":0,"lat":10.5748,"lng":-63.10751},{"city":"Torunos","state":"Barinas","population":0,"lat":8.50015,"lng":-70.08056},{"city":"Torondoy","state":"Mérida","population":0,"lat":9.03457,"lng":-71.01412},{"city":"Tocópero","state":"Falcón","population":0,"lat":11.49946,"lng":-69.259},{"city":"Siquisique","state":"Lara","population":0,"lat":10.57112,"lng":-69.70172},{"city":"Sinamaica","state":"Zulia","population":0,"lat":11.08656,"lng":-71.85595},{"city":"Seboruco","state":"Táchira","population":0,"lat":8.14514,"lng":-72.07332},{"city":"Sarare","state":"Lara","population":0,"lat":9.78129,"lng":-69.1633},{"city":"Santo Domingo","state":"Mérida","population":0,"lat":8.86052,"lng":-70.6948},{"city":"Santa Rosa","state":"Barinas","population":0,"lat":8.44033,"lng":-69.70105},{"city":"Santa María de Ipire","state":"Guárico","population":0,"lat":8.81556,"lng":-65.3225},{"city":"Santa María de Caparo","state":"Mérida","population":0,"lat":7.71412,"lng":-71.46466},{"city":"Santa Lucía","state":"Miranda","population":0,"lat":10.30494,"lng":-66.65998},{"city":"Santa Lucía","state":"Barinas","population":0,"lat":8.10155,"lng":-69.77752},{"city":"Santa Isabel","state":"Trujillo","population":0,"lat":9.63163,"lng":-70.80837},{"city":"Santa Inés","state":"Barinas","population":0,"lat":8.26241,"lng":-69.89795},{"city":"Santa Elena de Arenales","state":"Mérida","population":0,"lat":8.82062,"lng":-71.46572},{"city":"Santa Cruz de Bucaral","state":"Falcón","population":0,"lat":10.81919,"lng":-69.27679},{"city":"Santa Cruz","state":"Aragua","population":0,"lat":10.18,"lng":-67.51184},{"city":"Santa Catalina","state":"Barinas","population":0,"lat":7.92408,"lng":-68.91745},{"city":"Santa Bárbara","state":"Monagas","population":0,"lat":9.60745,"lng":-63.60938},{"city":"Santa Apolonia","state":"Trujillo","population":0,"lat":9.47135,"lng":-71.01213},{"city":"Santa Ana","state":"Anzoátegui","population":0,"lat":9.3056,"lng":-64.65478},{"city":"Santa Ana","state":"Táchira","population":0,"lat":8.11697,"lng":-72.02174},{"city":"San Silvestre","state":"Barinas","population":0,"lat":8.27585,"lng":-70.11027},{"city":"Carvajal","state":"Trujillo","population":0,"lat":9.3067,"lng":-70.59042},{"city":"San Rafael de Canaguá","state":"Barinas","population":0,"lat":8.02667,"lng":-70.00861},{"city":"San Pablo","state":"Yaracuy","population":0,"lat":10.24929,"lng":-68.84427},{"city":"San Luis","state":"Falcón","population":0,"lat":11.12034,"lng":-69.68397},{"city":"San Juan de Manapiare","state":"Amazonas","population":0,"lat":5.32665,"lng":-66.05402},{"city":"San Juan de los Cayos","state":"Falcón","population":0,"lat":11.17203,"lng":-68.4128},{"city":"San José de Aerocuar","state":"Sucre","population":0,"lat":10.59973,"lng":-63.32852},{"city":"San Francisco de Yare","state":"Miranda","population":0,"lat":10.17793,"lng":-66.74649},{"city":"San Francisco","state":"Zulia","population":0,"lat":10.55363,"lng":-71.70364},{"city":"San Diego","state":"Carabobo","population":0,"lat":10.26057,"lng":-67.95363},{"city":"San Casimiro","state":"Aragua","population":0,"lat":10.00169,"lng":-67.01464},{"city":"San Carlos de Río Negro","state":"Amazonas","population":0,"lat":1.92027,"lng":-67.06089},{"city":"San Antonio del Golfo","state":"Sucre","population":0,"lat":10.44198,"lng":-63.78874},{"city":"San Antonio","state":"Barinas","population":0,"lat":7.96378,"lng":-68.43384},{"city":"Sabana Grande","state":"Trujillo","population":0,"lat":9.4018,"lng":-70.79812},{"city":"Río Caribe","state":"Sucre","population":0,"lat":10.6977,"lng":-63.10871},{"city":"Quiriquire","state":"Monagas","population":0,"lat":9.9795,"lng":-63.21991},{"city":"Queniquea","state":"Táchira","population":0,"lat":7.91849,"lng":-72.01612},{"city":"Quebrada Seca","state":"Barinas","population":0,"lat":8.70015,"lng":-70.31941},{"city":"Punta de Piedra","state":"Barinas","population":0,"lat":7.61759,"lng":-71.49164},{"city":"Puerto de Nutrias","state":"Barinas","population":0,"lat":8.07281,"lng":-69.30246},{"city":"Pueblo Llano","state":"Mérida","population":0,"lat":8.9152,"lng":-70.65919},{"city":"Pregonero","state":"Táchira","population":0,"lat":8.01909,"lng":-71.76595},{"city":"Píritu","state":"Falcón","population":0,"lat":11.36648,"lng":-69.13807},{"city":"Píritu","state":"Anzoátegui","population":0,"lat":10.0395,"lng":-65.03037},{"city":"Pedregal","state":"Falcón","population":0,"lat":11.02142,"lng":-70.12106},{"city":"Pedraza La Vieja","state":"Barinas","population":0,"lat":7.9168,"lng":-71.05934},{"city":"Pedernales","state":"Delta Amacuro","population":0,"lat":9.971,"lng":-62.252},{"city":"Paraíso de Chabasquén","state":"Portuguesa","population":0,"lat":9.43326,"lng":-69.94728},{"city":"La Plaza Paraguachi","state":"Nueva Esparta","population":0,"lat":11.10783,"lng":-63.85537},{"city":"Papelón","state":"Portuguesa","population":0,"lat":8.94109,"lng":-69.46021},{"city":"Palmasola","state":"Guárico","population":0,"lat":9.23333,"lng":-66.71667},{"city":"Ortiz","state":"Guárico","population":0,"lat":9.62168,"lng":-67.29047},{"city":"Onoto","state":"Anzoátegui","population":0,"lat":9.59714,"lng":-65.1935},{"city":"Ocumare de la Costa","state":"Aragua","population":0,"lat":10.46127,"lng":-67.76872},{"city":"Naiguatá","state":"Vargas","population":0,"lat":10.62026,"lng":-66.73833},{"city":"Naguanagua","state":"Carabobo","population":0,"lat":10.25604,"lng":-68.01649},{"city":"Monte Carmelo","state":"Trujillo","population":0,"lat":9.18821,"lng":-70.81229},{"city":"Mirimire","state":"Falcón","population":0,"lat":11.1602,"lng":-68.72604},{"city":"Masparrito","state":"Barinas","population":0,"lat":9.00194,"lng":-70.30139},{"city":"Maroa","state":"Amazonas","population":0,"lat":2.7188,"lng":-67.56046},{"city":"Maripa","state":"Bolívar","population":0,"lat":7.41584,"lng":-65.19034},{"city":"Marigüitar","state":"Sucre","population":0,"lat":10.44789,"lng":-63.90161},{"city":"Maporal","state":"Barinas","population":0,"lat":7.645,"lng":-70.41985},{"city":"Mapire","state":"Anzoátegui","population":0,"lat":7.74085,"lng":-64.71047},{"city":"Macuto","state":"Vargas","population":0,"lat":10.60508,"lng":-66.89745},{"city":"Los Guayos","state":"Carabobo","population":0,"lat":10.18932,"lng":-67.93828},{"city":"Libertad","state":"Cojedes","population":0,"lat":9.35654,"lng":-68.69221},{"city":"Canaguá","state":"Mérida","population":0,"lat":8.12489,"lng":-71.46041},{"city":"Capacho Viejo","state":"Táchira","population":0,"lat":7.82893,"lng":-72.31942},{"city":"La Yuca","state":"Barinas","population":0,"lat":8.73109,"lng":-70.18072},{"city":"Veguitas","state":"Barinas","population":0,"lat":8.82391,"lng":-69.99581},{"city":"La Unión","state":"Barinas","population":0,"lat":8.21573,"lng":-67.76653},{"city":"Las Mercedes","state":"Guárico","population":0,"lat":9.11037,"lng":-66.39607},{"city":"La Sabana","state":"Vargas","population":0,"lat":10.61867,"lng":-66.38194},{"city":"La Quebrada","state":"Trujillo","population":0,"lat":9.15522,"lng":-70.57702},{"city":"La Plata","state":"Zulia","population":0,"lat":10.32025,"lng":-71.2721},{"city":"La Luz","state":"Barinas","population":0,"lat":8.39419,"lng":-69.82358},{"city":"La Esmeralda","state":"Amazonas","population":0,"lat":3.17453,"lng":-65.54517},{"city":"La Cruz de Taratara","state":"Falcón","population":0,"lat":11.06302,"lng":-69.71287},{"city":"Chameta","state":"Barinas","population":0,"lat":8.10023,"lng":-70.90671},{"city":"Caramuca","state":"Barinas","population":0,"lat":8.59708,"lng":-70.32056},{"city":"Jacura","state":"Falcón","population":0,"lat":11.07446,"lng":-68.85583},{"city":"Irapa","state":"Sucre","population":0,"lat":10.57006,"lng":-62.58204},{"city":"Guayabal","state":"Guárico","population":0,"lat":8.00077,"lng":-67.39732},{"city":"Guaraque","state":"Mérida","population":0,"lat":8.15405,"lng":-71.73562},{"city":"Guanta","state":"Anzoátegui","population":0,"lat":10.23453,"lng":-64.59708},{"city":"Guadarrama","state":"Barinas","population":0,"lat":8.53508,"lng":-68.04923},{"city":"Farriar","state":"Yaracuy","population":0,"lat":10.47016,"lng":-68.55885},{"city":"El Valle del Espíritu Santo","state":"Nueva Esparta","population":0,"lat":10.98325,"lng":-63.88346},{"city":"El Toro","state":"Zulia","population":0,"lat":10.95423,"lng":-71.64843},{"city":"El Socorro","state":"Guárico","population":0,"lat":8.99352,"lng":-65.74247},{"city":"El Regalo","state":"Barinas","population":0,"lat":8.43455,"lng":-69.1767},{"city":"San Rafael del Piñal","state":"Táchira","population":0,"lat":7.52987,"lng":-71.95922},{"city":"El Pilar","state":"Sucre","population":0,"lat":10.54782,"lng":-63.15424},{"city":"El Paradero","state":"Trujillo","population":0,"lat":9.77278,"lng":-70.61541},{"city":"El Palmer","state":"Bolívar","population":0,"lat":8.03333,"lng":-61.88333},{"city":"El Palmar","state":"Bolívar","population":0,"lat":8.01082,"lng":-61.90713},{"city":"El Corozo","state":"Zulia","population":0,"lat":10.12061,"lng":-71.04422},{"city":"El Corozo","state":"Barinas","population":0,"lat":8.5675,"lng":-70.35778},{"city":"El Consejo","state":"Aragua","population":0,"lat":10.23777,"lng":-67.27008},{"city":"El Cobre","state":"Táchira","population":0,"lat":8.03431,"lng":-72.05777},{"city":"El Cantón","state":"Barinas","population":0,"lat":7.47801,"lng":-71.29693},{"city":"El Callao","state":"Bolívar","population":0,"lat":7.34706,"lng":-61.82684},{"city":"Dolores","state":"Barinas","population":0,"lat":8.28623,"lng":-69.56633},{"city":"Curiapo","state":"Delta Amacuro","population":0,"lat":8.58057,"lng":-60.99778},{"city":"Curbatí","state":"Barinas","population":0,"lat":8.45443,"lng":-70.55441},{"city":"Cúpira","state":"Miranda","population":0,"lat":10.16128,"lng":-65.70013},{"city":"Concepción","state":"Zulia","population":0,"lat":10.8,"lng":-71.76667},{"city":"Cojedes","state":"Cojedes","population":0,"lat":9.62232,"lng":-68.91805},{"city":"Ciudad De Nutrias","state":"Barinas","population":0,"lat":8.09535,"lng":-69.30798},{"city":"Churuguara","state":"Falcón","population":0,"lat":10.81231,"lng":-69.53734},{"city":"Chejendé","state":"Trujillo","population":0,"lat":9.6186,"lng":-70.35682},{"city":"Caripe","state":"Monagas","population":0,"lat":10.17335,"lng":-63.50048},{"city":"Carache","state":"Trujillo","population":0,"lat":9.62857,"lng":-70.22864},{"city":"Capitanejo","state":"Barinas","population":0,"lat":8.01171,"lng":-71.00458},{"city":"Canape Capatárida","state":"Falcón","population":0,"lat":11.1755,"lng":-70.62072},{"city":"Campo Elías","state":"Trujillo","population":0,"lat":9.39458,"lng":-70.05872},{"city":"Camatagua","state":"Aragua","population":0,"lat":9.78762,"lng":-66.90619},{"city":"Calderas","state":"Barinas","population":0,"lat":8.91426,"lng":-70.44745},{"city":"Cabure","state":"Falcón","population":0,"lat":11.1453,"lng":-69.61191},{"city":"Bum Bum","state":"Barinas","population":0,"lat":8.27664,"lng":-70.76664},{"city":"Bruzual","state":"Apure","population":0,"lat":8.05052,"lng":-69.33257},{"city":"Boca de Río","state":"Nueva Esparta","population":0,"lat":10.96712,"lng":-64.17951},{"city":"Biscucuy","state":"Portuguesa","population":0,"lat":9.36,"lng":-69.98302},{"city":"Betijoque","state":"Trujillo","population":0,"lat":9.38121,"lng":-70.73283},{"city":"Barbacoas","state":"Aragua","population":0,"lat":9.47855,"lng":-66.97458},{"city":"Bachaquero","state":"Zulia","population":0,"lat":9.96209,"lng":-71.12377},{"city":"Arismendi","state":"Barinas","population":0,"lat":8.47974,"lng":-68.36996},{"city":"Aricagua","state":"Mérida","population":0,"lat":8.22432,"lng":-71.13721},{"city":"Arauquita","state":"Barinas","population":0,"lat":8.70833,"lng":-69.65722},{"city":"Aragua","state":"Monagas","population":0,"lat":9.97026,"lng":-63.48727},{"city":"Altamira","state":"Barinas","population":0,"lat":8.82359,"lng":-70.50244},{"city":"Aguasay","state":"Monagas","population":0,"lat":9.42489,"lng":-63.73077},{"city":"Abejales","state":"Táchira","population":0,"lat":7.6233,"lng":-71.51031},{"city":"Las Mesas","state":"Táchira","population":0,"lat":8.17123,"lng":-72.15948},{"city":"San José de Bolívar","state":"Táchira","population":0,"lat":7.91242,"lng":-71.97251},{"city":"Santa Rita","state":"Aragua","population":0,"lat":10.2054,"lng":-67.55948},{"city":"Isla Ratón","state":"Amazonas","population":0,"lat":5.06862,"lng":-67.81295},{"city":"Cordero","state":"Táchira","population":0,"lat":7.85665,"lng":-72.18146},{"city":"Sierra Imataca","state":"Delta Amacuro","population":0,"lat":8.39352,"lng":-62.45439},{"city":"San José de Guaribe","state":"Guárico","population":0,"lat":9.86025,"lng":-65.81306},{"city":"Palmasola","state":"Falcón","population":0,"lat":10.59363,"lng":-68.54422},{"city":"Delicias","state":"Táchira","population":0,"lat":7.56552,"lng":-72.4479},{"city":"La Tendida","state":"Táchira","population":0,"lat":8.50734,"lng":-71.83201},{"city":"Agua Blanca","state":"Portuguesa","population":0,"lat":9.66205,"lng":-69.10677},{"city":"El Playón","state":"Portuguesa","population":0,"lat":9.10049,"lng":-69.04564},{"city":"Arapuey","state":"Mérida","population":0,"lat":9.25934,"lng":-70.95248},{"city":"Macapo","state":"Cojedes","population":0,"lat":9.82533,"lng":-68.43866},{"city":"San Juan de Payara","state":"Apure","population":0,"lat":7.64636,"lng":-67.6072},{"city":"San Sebastián","state":"Aragua","population":0,"lat":9.94108,"lng":-67.17183},{"city":"Independencia","state":"Yaracuy","population":0,"lat":10.33432,"lng":-68.75512},{"city":"El Junko","state":"Vargas","population":0,"lat":10.47249,"lng":-67.08361},{"city":"Garcia de Hevia Municipality","state":"Táchira","population":0,"lat":8.3172,"lng":-72.2517}]}}