{"timezone":"America/Jamaica","countries":{"Jamaica":[{"city":"Kingston","state":"Kingston","population":937700,"lat":17.99702,"lng":-76.79358},{"city":"New Kingston","state":"Saint Andrew Parish","population":583958,"lat":18.00747,"lng":-76.78319},{"city":"Spanish Town","state":"Saint Catherine Parish","population":145018,"lat":17.99107,"lng":-76.95742},{"city":"Portmore","state":"Saint Catherine Parish","population":102861,"lat":17.97102,"lng":-76.88691},{"city":"Montego Bay","state":"Saint James Parish","population":82867,"lat":18.47116,"lng":-77.91883},{"city":"Mandeville","state":"Manchester","population":47115,"lat":18.04168,"lng":-77.50714},{"city":"May Pen","state":"Clarendon","population":44755,"lat":17.96454,"lng":-77.24515},{"city":"Old Harbour","state":"Saint Catherine Parish","population":26024,"lat":17.94144,"lng":-77.10898},{"city":"Linstead","state":"Saint Catherine Parish","population":20660,"lat":18.13683,"lng":-77.03171},{"city":"Half Way Tree","state":"Saint Andrew Parish","population":18552,"lat":18.01248,"lng":-76.79928},{"city":"Savanna-la-Mar","state":"Westmoreland","population":16553,"lat":18.21895,"lng":-78.1332},{"city":"Port Antonio","state":"Portland Parish","population":14400,"lat":18.17889,"lng":-76.45215},{"city":"Saint Ann’s Bay","state":"Saint Ann Parish","population":13671,"lat":18.43581,"lng":-77.20098},{"city":"Bog Walk","state":"Saint Catherine Parish","population":12873,"lat":18.10205,"lng":-77.00541},{"city":"Constant Spring","state":"Saint Andrew Parish","population":12830,"lat":18.05078,"lng":-76.79372},{"city":"Ewarton","state":"Saint Catherine Parish","population":12797,"lat":18.18333,"lng":-77.08536},{"city":"Tower Hill","state":"Saint Andrew Parish","population":12184,"lat":18.0128,"lng":-76.65098},{"city":"Torrington Park","state":"Saint Andrew Parish","population":11905,"lat":17.98878,"lng":-76.79426},{"city":"Penwood","state":"Saint Andrew Parish","population":11563,"lat":18.00982,"lng":-76.83347},{"city":"Barbican","state":"Hanover","population":10337,"lat":18.45038,"lng":-78.10142},{"city":"Mountain View Gardens","state":"Saint Andrew Parish","population":10285,"lat":17.98559,"lng":-76.76714},{"city":"Hayes","state":"Clarendon","population":9701,"lat":17.87569,"lng":-77.23711},{"city":"Ocho Rios","state":"Saint Ann Parish","population":9450,"lat":18.4076,"lng":-77.10312},{"city":"Morant Bay","state":"Saint Thomas Parish","population":9368,"lat":17.88145,"lng":-76.40927},{"city":"Stony Hill","state":"Saint Andrew Parish","population":8551,"lat":18.07716,"lng":-76.79},{"city":"Santa Cruz","state":"St. Elizabeth","population":8217,"lat":18.05336,"lng":-77.69836},{"city":"Old Harbour Bay","state":"Saint Catherine Parish","population":7912,"lat":17.90918,"lng":-77.09718},{"city":"Port Maria","state":"Saint Mary Parish","population":7906,"lat":18.36849,"lng":-76.88946},{"city":"Falmouth","state":"Trelawny Parish","population":7779,"lat":18.49358,"lng":-77.65587},{"city":"Yallahs","state":"Saint Thomas Parish","population":7644,"lat":17.8748,"lng":-76.56245},{"city":"Bull Savannah","state":"St. Elizabeth","population":6962,"lat":17.88678,"lng":-77.59022},{"city":"Runaway Bay","state":"Saint Ann Parish","population":6517,"lat":18.45962,"lng":-77.3357},{"city":"Lucea","state":"Hanover","population":6289,"lat":18.45095,"lng":-78.17356},{"city":"Porus","state":"Manchester","population":5923,"lat":18.03535,"lng":-77.41166},{"city":"Annotto Bay","state":"Saint Mary Parish","population":5504,"lat":18.2717,"lng":-76.76523},{"city":"Lionel Town","state":"Clarendon","population":5362,"lat":17.81007,"lng":-77.24061},{"city":"Point Hill","state":"Saint Catherine Parish","population":5344,"lat":18.08988,"lng":-77.10759},{"city":"Above Rocks","state":"Saint Catherine Parish","population":5261,"lat":18.10678,"lng":-76.87608},{"city":"Seaforth","state":"Saint Thomas Parish","population":4550,"lat":17.93578,"lng":-76.4573},{"city":"Sandy Bay","state":"Hanover","population":4520,"lat":18.44854,"lng":-78.07321},{"city":"Chapelton","state":"Clarendon","population":4514,"lat":18.08333,"lng":-77.26667},{"city":"Bamboo","state":"Saint Ann Parish","population":4264,"lat":18.39216,"lng":-77.26429},{"city":"Black River","state":"St. Elizabeth","population":4229,"lat":18.02636,"lng":-77.84873},{"city":"Anchovy","state":"Saint James Parish","population":4161,"lat":18.4103,"lng":-77.93166},{"city":"Oracabessa","state":"Saint Mary Parish","population":4100,"lat":18.40319,"lng":-76.94641},{"city":"Riversdale","state":"Saint Catherine Parish","population":4085,"lat":18.16586,"lng":-76.96417},{"city":"Cambridge","state":"Saint James Parish","population":3930,"lat":18.31326,"lng":-77.90252},{"city":"Coleyville","state":"Manchester","population":3860,"lat":18.20783,"lng":-77.50754},{"city":"Albert Town","state":"Trelawny Parish","population":3449,"lat":18.29434,"lng":-77.54239},{"city":"Port Royal","state":"Kingston","population":3327,"lat":17.93738,"lng":-76.84062},{"city":"Moneague","state":"Saint Ann Parish","population":3319,"lat":18.27556,"lng":-77.11177},{"city":"Gayle","state":"Saint Mary Parish","population":3305,"lat":18.32642,"lng":-77.00971},{"city":"Malvern","state":"St. Elizabeth","population":3291,"lat":17.96667,"lng":-77.7},{"city":"Williamsfield","state":"Manchester","population":3255,"lat":18.06667,"lng":-77.46667},{"city":"Lacovia","state":"St. Elizabeth","population":3187,"lat":18.09356,"lng":-77.769},{"city":"Lluidas Vale","state":"Saint Catherine Parish","population":3163,"lat":18.12756,"lng":-77.14881},{"city":"Rocky Point","state":"Clarendon","population":3152,"lat":17.774,"lng":-77.26107},{"city":"Maroon Town","state":"Saint James Parish","population":3085,"lat":18.34464,"lng":-77.79544},{"city":"Golden Grove","state":"Saint Thomas Parish","population":3058,"lat":17.93361,"lng":-76.27254},{"city":"Bethel Town","state":"Westmoreland","population":3053,"lat":18.29503,"lng":-77.95112},{"city":"Dalvey","state":"Saint Thomas Parish","population":3037,"lat":17.91184,"lng":-76.24864},{"city":"Negril","state":"Westmoreland","population":3000,"lat":18.26844,"lng":-78.3481},{"city":"Race Course","state":"Clarendon","population":2974,"lat":17.836,"lng":-77.2855},{"city":"Islington","state":"Saint Mary Parish","population":2958,"lat":18.30922,"lng":-76.85482},{"city":"Trinity Ville","state":"Saint Thomas Parish","population":2895,"lat":17.96076,"lng":-76.51427},{"city":"Mona Heights","state":"Saint Andrew Parish","population":2887,"lat":18.01375,"lng":-76.75186},{"city":"Balaclava","state":"St. Elizabeth","population":2862,"lat":18.17228,"lng":-77.64375},{"city":"Bluefields","state":"Westmoreland","population":2828,"lat":18.16602,"lng":-78.02702},{"city":"Wakefield","state":"Trelawny Parish","population":2763,"lat":18.41211,"lng":-77.72183},{"city":"Buff Bay","state":"Portland Parish","population":2757,"lat":18.23287,"lng":-76.66118},{"city":"Siloah","state":"St. Elizabeth","population":2725,"lat":18.16709,"lng":-77.70348},{"city":"Southfield","state":"St. Elizabeth","population":2695,"lat":17.8878,"lng":-77.66713},{"city":"Easington","state":"Saint Thomas Parish","population":2634,"lat":17.92397,"lng":-76.58824},{"city":"Kellits","state":"Clarendon","population":2631,"lat":18.17278,"lng":-77.23083},{"city":"Discovery Bay","state":"Saint Ann Parish","population":2535,"lat":18.45873,"lng":-77.39997},{"city":"Nain","state":"St. Elizabeth","population":2394,"lat":17.96526,"lng":-77.60528},{"city":"Bath","state":"Saint Thomas Parish","population":2382,"lat":17.9482,"lng":-76.34916},{"city":"Manchioneal","state":"Portland Parish","population":2321,"lat":18.04444,"lng":-76.27735},{"city":"Limit","state":"Clarendon","population":2321,"lat":18.15287,"lng":-77.47121},{"city":"Petersfield","state":"Westmoreland","population":2255,"lat":18.26158,"lng":-78.07117},{"city":"Richmond","state":"Saint Mary Parish","population":2046,"lat":18.25478,"lng":-76.88799},{"city":"Alexandria","state":"Saint Ann Parish","population":1927,"lat":18.30768,"lng":-77.35335},{"city":"Duncans","state":"Trelawny Parish","population":1876,"lat":18.468,"lng":-77.53633},{"city":"Mavis Bank","state":"Saint Andrew Parish","population":1821,"lat":18.03111,"lng":-76.65792},{"city":"Alligator Pond","state":"Manchester","population":1793,"lat":17.86932,"lng":-77.56769},{"city":"Hope Bay","state":"Portland Parish","population":1666,"lat":18.19882,"lng":-76.56539},{"city":"Darliston","state":"Westmoreland","population":1583,"lat":18.23731,"lng":-77.97626},{"city":"Sherwood Content","state":"Trelawny Parish","population":1499,"lat":18.39116,"lng":-77.62834},{"city":"Ulster Spring","state":"Trelawny Parish","population":1411,"lat":18.31482,"lng":-77.52067},{"city":"Maggotty","state":"St. Elizabeth","population":1371,"lat":18.16129,"lng":-77.76457},{"city":"Cascade","state":"Hanover","population":1232,"lat":18.39747,"lng":-78.10337},{"city":"Moore Town","state":"Portland Parish","population":1119,"lat":18.07767,"lng":-76.42577},{"city":"Gordon Town","state":"Saint Andrew Parish","population":1088,"lat":18.03578,"lng":-76.71783},{"city":"Frome","state":"Westmoreland","population":993,"lat":18.29407,"lng":-78.15469},{"city":"Lucky Hill","state":"Saint Mary Parish","population":774,"lat":18.31002,"lng":-77.01491},{"city":"Quickstep","state":"Trelawny Parish","population":0,"lat":18.25268,"lng":-77.7044}]}}