{"timezone":"America/Manaus","countries":{"Brazil":[{"city":"Manaus","state":"Amazonas","population":2219580,"lat":-3.10194,"lng":-60.025},{"city":"Itacoatiara","state":"Amazonas","population":112520,"lat":-3.14306,"lng":-58.44417},{"city":"Manacapuru","state":"Amazonas","population":110691,"lat":-3.29972,"lng":-60.62056},{"city":"Parintins","state":"Amazonas","population":101956,"lat":-2.62833,"lng":-56.73583},{"city":"Tefé","state":"Amazonas","population":79278,"lat":-3.36841,"lng":-64.72054},{"city":"Coari","state":"Amazonas","population":73820,"lat":-4.085,"lng":-63.14139},{"city":"Tabatinga","state":"Amazonas","population":72283,"lat":-4.23116,"lng":-69.93858},{"city":"Iranduba","state":"Amazonas","population":67114,"lat":-3.28472,"lng":-60.18611},{"city":"Maués","state":"Amazonas","population":65714,"lat":-3.38361,"lng":-57.71861},{"city":"Humaitá","state":"Amazonas","population":62312,"lat":-7.51651,"lng":-63.03105},{"city":"Manicoré","state":"Amazonas","population":57758,"lat":-5.80917,"lng":-61.30028},{"city":"São Gabriel da Cachoeira","state":"Amazonas","population":56406,"lat":-0.1181,"lng":-67.08527},{"city":"Lábrea","state":"Amazonas","population":48927,"lat":-7.26435,"lng":-64.79638},{"city":"Autazes","state":"Amazonas","population":45328,"lat":-3.57972,"lng":-59.13056},{"city":"Boca do Acre","state":"Amazonas","population":38246,"lat":-8.75222,"lng":-67.39778},{"city":"São Paulo de Olivença","state":"Amazonas","population":35196,"lat":-3.37833,"lng":-68.8725},{"city":"Borba","state":"Amazonas","population":34879,"lat":-4.39143,"lng":-59.58864},{"city":"Barreirinha","state":"Amazonas","population":33436,"lat":-2.79333,"lng":-57.07},{"city":"Presidente Figueiredo","state":"Amazonas","population":33004,"lat":-2.03444,"lng":-60.025},{"city":"Careiro","state":"Amazonas","population":32442,"lat":-3.76806,"lng":-60.36917},{"city":"Carauari","state":"Amazonas","population":30892,"lat":-4.88278,"lng":-66.89583},{"city":"Santo Antônio do Içá","state":"Amazonas","population":30448,"lat":-3.10222,"lng":-67.93972},{"city":"Nova Olinda do Norte","state":"Amazonas","population":28267,"lat":-3.89174,"lng":-59.09542},{"city":"Rio Preto da Eva","state":"Amazonas","population":25723,"lat":-2.69795,"lng":-59.70172},{"city":"Urucurituba","state":"Amazonas","population":25592,"lat":-3.12873,"lng":-58.15501},{"city":"Novo Aripuanã","state":"Amazonas","population":24987,"lat":-5.12056,"lng":-60.37972},{"city":"Codajás","state":"Amazonas","population":24451,"lat":-3.83667,"lng":-62.05694},{"city":"Beruri","state":"Amazonas","population":22136,"lat":-3.89833,"lng":-61.37306},{"city":"Apuí","state":"Amazonas","population":21735,"lat":-7.19722,"lng":-59.89139},{"city":"Tapauá","state":"Amazonas","population":20501,"lat":-5.62833,"lng":-63.18333},{"city":"Pauini","state":"Amazonas","population":20232,"lat":-7.71361,"lng":-66.97639},{"city":"Tonantins","state":"Amazonas","population":20224,"lat":-2.87306,"lng":-67.80222},{"city":"Careiro da Várzea","state":"Amazonas","population":19809,"lat":-3.19695,"lng":-59.82674},{"city":"Urucará","state":"Amazonas","population":19505,"lat":-2.53639,"lng":-57.76},{"city":"Barcelos","state":"Amazonas","population":18626,"lat":-0.97357,"lng":-62.9269},{"city":"Anori","state":"Amazonas","population":17932,"lat":-3.77278,"lng":-61.64417},{"city":"Canutama","state":"Amazonas","population":17885,"lat":-6.53389,"lng":-64.38306},{"city":"Manaquiri","state":"Amazonas","population":17009,"lat":-3.42806,"lng":-60.45944},{"city":"Alvarães","state":"Amazonas","population":16670,"lat":-3.22083,"lng":-64.80417},{"city":"Novo Airão","state":"Amazonas","population":16467,"lat":-2.62139,"lng":-60.94417},{"city":"Fonte Boa","state":"Amazonas","population":16060,"lat":-2.51389,"lng":-66.09167},{"city":"Maraã","state":"Amazonas","population":15843,"lat":-1.85302,"lng":-65.57426},{"city":"Uarini","state":"Amazonas","population":15278,"lat":-2.99,"lng":-65.10833},{"city":"Caapiranga","state":"Amazonas","population":14310,"lat":-3.3275,"lng":-61.20889},{"city":"Santa Isabel do Rio Negro","state":"Amazonas","population":14176,"lat":-0.41389,"lng":-65.01917},{"city":"Silves","state":"Amazonas","population":12404,"lat":-2.83889,"lng":-58.20917},{"city":"Itamarati","state":"Amazonas","population":11730,"lat":-6.425,"lng":-68.25333},{"city":"Amaturá","state":"Amazonas","population":11411,"lat":-3.37463,"lng":-68.20214},{"city":"Juruá","state":"Amazonas","population":11152,"lat":-3.48111,"lng":-66.06889},{"city":"Pirapetinga","state":"Amazonas","population":11077,"lat":-7.03333,"lng":-62.86667},{"city":"Itapiranga","state":"Amazonas","population":10805,"lat":-2.74889,"lng":-58.02194},{"city":"Anamã","state":"Amazonas","population":10318,"lat":-3.57972,"lng":-61.40417},{"city":"Manaquiri","state":"Amazonas","population":9981,"lat":-3.31667,"lng":-60.35},{"city":"Guajará","state":"Amazonas","population":9774,"lat":-2.96667,"lng":-57.66667},{"city":"Japurá","state":"Amazonas","population":9397,"lat":-1.82611,"lng":-66.59889},{"city":"Jutaí","state":"Amazonas","population":5862,"lat":-5.18333,"lng":-68.9},{"city":"Maraã","state":"Amazonas","population":4387,"lat":-1.82403,"lng":-65.35883},{"city":"São Sebastião do Uatumã","state":"Amazonas","population":0,"lat":-2.56497,"lng":-57.87259},{"city":"Boa Vista do Ramos","state":"Amazonas","population":0,"lat":-2.96972,"lng":-57.58684},{"city":"Jutaí","state":"Amazonas","population":0,"lat":-2.74738,"lng":-66.76838},{"city":"Colônia Boa Vista","state":"Amazonas","population":0,"lat":-3.29688,"lng":-60.44086},{"city":"Vila Santa Maria","state":"Amazonas","population":0,"lat":-2.38021,"lng":-56.98966},{"city":"Purupuru","state":"Amazonas","population":0,"lat":-3.38447,"lng":-59.71665}]}}