{"timezone":"America/Belem","countries":{"Brazil":[{"city":"Belém","state":"Pará","population":1499641,"lat":-1.45583,"lng":-48.50444},{"city":"Macapá","state":"Amapá","population":512902,"lat":0.03889,"lng":-51.06639},{"city":"Ananindeua","state":"Pará","population":433956,"lat":-1.36556,"lng":-48.37222},{"city":"Parauapebas","state":"Pará","population":267836,"lat":-6.0675,"lng":-49.90222},{"city":"Castanhal","state":"Pará","population":192256,"lat":-1.29389,"lng":-47.92639},{"city":"Abaetetuba","state":"Pará","population":158188,"lat":-1.71806,"lng":-48.8825},{"city":"Marabá","state":"Pará","population":145860,"lat":-5.38146,"lng":-49.13232},{"city":"Cametá","state":"Pará","population":134184,"lat":-2.24444,"lng":-49.49583},{"city":"Barcarena","state":"Pará","population":126650,"lat":-1.50583,"lng":-48.62583},{"city":"Bragança","state":"Pará","population":123082,"lat":-1.05361,"lng":-46.76556},{"city":"Marituba","state":"Pará","population":111785,"lat":-1.35528,"lng":-48.34194},{"city":"Santana","state":"Amapá","population":107618,"lat":-0.03816,"lng":-51.17476},{"city":"Breves","state":"Pará","population":106968,"lat":-1.68222,"lng":-50.48028},{"city":"Paragominas","state":"Pará","population":105550,"lat":-2.99565,"lng":-47.35488},{"city":"Tucuruí","state":"Pará","population":91306,"lat":-3.76585,"lng":-49.67923},{"city":"Redenção","state":"Pará","population":85597,"lat":-8.02861,"lng":-50.03139},{"city":"Moju","state":"Pará","population":84094,"lat":-1.88389,"lng":-48.76889},{"city":"Canaã dos Carajás","state":"Pará","population":77079,"lat":-6.52392,"lng":-49.85167},{"city":"Santa Isabel do Pará","state":"Pará","population":73019,"lat":-1.29861,"lng":-48.16056},{"city":"Tailândia","state":"Pará","population":72493,"lat":-2.94722,"lng":-48.95306},{"city":"Capanema","state":"Pará","population":70394,"lat":-1.19583,"lng":-47.18083},{"city":"Tomé-Açu","state":"Pará","population":67585,"lat":-2.41889,"lng":-48.15222},{"city":"São Félix do Xingu","state":"Pará","population":65418,"lat":-6.64472,"lng":-51.995},{"city":"Igarapé Miri","state":"Pará","population":64831,"lat":-1.975,"lng":-48.95972},{"city":"Benevides","state":"Pará","population":63567,"lat":-1.36139,"lng":-48.24472},{"city":"Portel","state":"Pará","population":62503,"lat":-1.93556,"lng":-50.82111},{"city":"Novo Repartimento","state":"Pará","population":60732,"lat":-4.33056,"lng":-49.79639},{"city":"Jacundá","state":"Pará","population":59842,"lat":-4.44696,"lng":-49.11556},{"city":"Acará","state":"Pará","population":59023,"lat":-1.96083,"lng":-48.19667},{"city":"Viseu","state":"Pará","population":58692,"lat":-1.19667,"lng":-46.14},{"city":"Dom Eliseu","state":"Pará","population":58484,"lat":-4.285,"lng":-47.505},{"city":"Capitão Poço","state":"Pará","population":56506,"lat":-1.74639,"lng":-47.05944},{"city":"Rondon do Pará","state":"Pará","population":53143,"lat":-4.77611,"lng":-48.06722},{"city":"São Miguel do Guamá","state":"Pará","population":52894,"lat":-1.62667,"lng":-47.48333},{"city":"Xinguara","state":"Pará","population":52893,"lat":-7.09829,"lng":-49.9435},{"city":"Baião","state":"Pará","population":51641,"lat":-2.79056,"lng":-49.67167},{"city":"Vigia","state":"Pará","population":50832,"lat":-0.85833,"lng":-48.14167},{"city":"Itupiranga","state":"Pará","population":49754,"lat":-5.13472,"lng":-49.32667},{"city":"Breu Branco","state":"Pará","population":45712,"lat":-4.00092,"lng":-49.5068},{"city":"Muaná","state":"Pará","population":45368,"lat":-1.52833,"lng":-49.21667},{"city":"Salinópolis","state":"Pará","population":44772,"lat":-0.62099,"lng":-47.35422},{"city":"Conceição do Araguaia","state":"Pará","population":44617,"lat":-8.26441,"lng":-49.26982},{"city":"Augusto Corrêa","state":"Pará","population":44573,"lat":-1.02167,"lng":-46.635},{"city":"Curuçá","state":"Pará","population":41262,"lat":-0.72889,"lng":-47.84806},{"city":"Pacajá","state":"Pará","population":41097,"lat":-3.83778,"lng":-50.6375},{"city":"Tucumã","state":"Pará","population":39550,"lat":-6.7475,"lng":-51.16111},{"city":"Ulianópolis","state":"Pará","population":37972,"lat":-3.74194,"lng":-47.49472},{"city":"Afuá","state":"Pará","population":37765,"lat":-0.15667,"lng":-50.38667},{"city":"Igarapé-Açu","state":"Pará","population":35797,"lat":-1.12889,"lng":-47.62},{"city":"Laranjal do Jari","state":"Amapá","population":35114,"lat":-0.826,"lng":-52.506},{"city":"Mãe do Rio","state":"Pará","population":34353,"lat":-2.04639,"lng":-47.55056},{"city":"Curralinho","state":"Pará","population":33903,"lat":-1.81361,"lng":-49.79528},{"city":"Oeiras do Pará","state":"Pará","population":33844,"lat":-2.00306,"lng":-49.85444},{"city":"Ourilândia do Norte","state":"Pará","population":32467,"lat":-6.75472,"lng":-51.08389},{"city":"Santana do Araguaia","state":"Pará","population":32413,"lat":-9.335,"lng":-50.35},{"city":"Bagre","state":"Pará","population":31892,"lat":-1.89969,"lng":-50.20821},{"city":"Anapu","state":"Pará","population":31850,"lat":-3.47222,"lng":-51.19778},{"city":"Gurupá","state":"Pará","population":31786,"lat":-1.405,"lng":-51.64},{"city":"Irituia","state":"Pará","population":30955,"lat":-1.77111,"lng":-47.43806},{"city":"São Domingos do Capim","state":"Pará","population":30599,"lat":-1.67417,"lng":-47.77111},{"city":"Ipixuna do Pará","state":"Pará","population":30329,"lat":-2.55778,"lng":-47.495},{"city":"Limoeiro do Ajuru","state":"Pará","population":29569,"lat":-1.89528,"lng":-49.38056},{"city":"Tracuateua","state":"Pará","population":28595,"lat":-1.07611,"lng":-46.90306},{"city":"Eldorado dos Carajás","state":"Pará","population":28192,"lat":-6.10417,"lng":-49.35528},{"city":"Anajás","state":"Pará","population":28011,"lat":-0.98667,"lng":-49.94},{"city":"Melgaço","state":"Pará","population":27881,"lat":-1.80444,"lng":-50.71222},{"city":"Oiapoque","state":"Amapá","population":27482,"lat":3.84306,"lng":-51.835},{"city":"Santo Antônio do Tauá","state":"Pará","population":27461,"lat":-1.15194,"lng":-48.12944},{"city":"Mocajuba","state":"Pará","population":27198,"lat":-2.58417,"lng":-49.50722},{"city":"Concórdia do Pará","state":"Pará","population":26881,"lat":-2.00167,"lng":-47.94972},{"city":"Marapanim","state":"Pará","population":26573,"lat":-0.7175,"lng":-47.69972},{"city":"Goianésia do Pará","state":"Pará","population":26362,"lat":-3.8425,"lng":-49.09694},{"city":"Maracanã","state":"Pará","population":25971,"lat":-0.77071,"lng":-47.45176},{"city":"São Sebastião da Boa Vista","state":"Pará","population":25643,"lat":-1.71464,"lng":-49.53152},{"city":"Ponta de Pedras","state":"Pará","population":24984,"lat":-1.39028,"lng":-48.87111},{"city":"Garrafão do Norte","state":"Pará","population":24703,"lat":-1.93417,"lng":-47.0525},{"city":"Santa Maria do Pará","state":"Pará","population":24624,"lat":-1.35028,"lng":-47.57556},{"city":"Bujaru","state":"Pará","population":24383,"lat":-1.515,"lng":-48.04472},{"city":"São Geraldo do Araguaia","state":"Pará","population":24255,"lat":-6.40056,"lng":-48.555},{"city":"Soure","state":"Pará","population":24204,"lat":-0.71667,"lng":-48.52333},{"city":"Salvaterra","state":"Pará","population":24129,"lat":-0.75333,"lng":-48.51667},{"city":"Cachoeira do Arari","state":"Pará","population":23981,"lat":-1.01139,"lng":-48.96333},{"city":"Aurora do Pará","state":"Pará","population":23774,"lat":-2.13389,"lng":-47.55889},{"city":"Senador José Porfírio","state":"Pará","population":22576,"lat":-2.59083,"lng":-51.95417},{"city":"Mazagão","state":"Amapá","population":21924,"lat":-0.115,"lng":-51.28944},{"city":"São Domingos do Araguaia","state":"Pará","population":21092,"lat":-5.53778,"lng":-48.73333},{"city":"Santa Bárbara do Pará","state":"Pará","population":21087,"lat":-1.22361,"lng":-48.29444},{"city":"Chaves","state":"Pará","population":20757,"lat":-0.16,"lng":-49.98833},{"city":"São João de Pirabas","state":"Pará","population":20689,"lat":-0.77472,"lng":-47.17722},{"city":"Nova Esperança do Piriá","state":"Pará","population":20478,"lat":-2.26778,"lng":-46.9675},{"city":"Santa Luzia do Pará","state":"Pará","population":20370,"lat":-1.52361,"lng":-46.8975},{"city":"Curionópolis","state":"Pará","population":19950,"lat":-6.10167,"lng":-49.59806},{"city":"Cachoeira do Piriá","state":"Pará","population":19630,"lat":-1.75972,"lng":-46.545},{"city":"Rio Maria","state":"Pará","population":18384,"lat":-7.31056,"lng":-50.04833},{"city":"Água Azul do Norte","state":"Pará","population":18080,"lat":-6.79111,"lng":-50.46694},{"city":"Bom Jesus do Tocantins","state":"Pará","population":18005,"lat":-5.05139,"lng":-48.60889},{"city":"Floresta do Araguaia","state":"Pará","population":17898,"lat":-7.55361,"lng":-49.7125},{"city":"Ourém","state":"Pará","population":17855,"lat":-1.55194,"lng":-47.11444},{"city":"Porto Grande","state":"Amapá","population":17848,"lat":0.71333,"lng":-51.41333},{"city":"São Caetano de Odivelas","state":"Pará","population":16666,"lat":-0.75,"lng":-48.02},{"city":"Santa Maria das Barreiras","state":"Pará","population":16548,"lat":-8.87167,"lng":-49.71278},{"city":"Tucumã","state":"Pará","population":15030,"lat":-0.15491,"lng":-50.0615},{"city":"São Francisco do Pará","state":"Pará","population":14894,"lat":-1.16944,"lng":-47.79528},{"city":"Cumaru do Norte","state":"Pará","population":14036,"lat":-7.825,"lng":-50.77278},{"city":"Nova Ipixuna","state":"Pará","population":13955,"lat":-4.92111,"lng":-49.07694},{"city":"São João do Araguaia","state":"Pará","population":13664,"lat":-5.35833,"lng":-48.79139},{"city":"Tartarugalzinho","state":"Amapá","population":12945,"lat":1.50556,"lng":-50.91194},{"city":"Colares","state":"Pará","population":12868,"lat":-0.93667,"lng":-48.28167},{"city":"Pedra Branca do Amapari","state":"Amapá","population":12847,"lat":0.77806,"lng":-51.94361},{"city":"Piçarra","state":"Pará","population":12832,"lat":-6.43806,"lng":-48.87167},{"city":"Nova Timboteua","state":"Pará","population":12806,"lat":-1.20778,"lng":-47.3925},{"city":"Bonito","state":"Pará","population":12622,"lat":-1.3625,"lng":-47.30583},{"city":"Ressaca do Muca","state":"Amapá","population":11980,"lat":0.00896,"lng":-51.08045},{"city":"Ressaca Pacoval","state":"Amapá","population":11704,"lat":0.05362,"lng":-51.06192},{"city":"Quatipuru","state":"Pará","population":11524,"lat":-0.89694,"lng":-47.00528},{"city":"Vitória do Jari","state":"Amapá","population":11291,"lat":-0.80668,"lng":-52.45322},{"city":"Primavera","state":"Pará","population":10851,"lat":-0.94028,"lng":-47.11639},{"city":"Calçoene","state":"Amapá","population":10612,"lat":2.4975,"lng":-50.94861},{"city":"Terra Alta","state":"Pará","population":10400,"lat":-1.04111,"lng":-47.9075},{"city":"Inhangapi","state":"Pará","population":10325,"lat":-1.42972,"lng":-47.91972},{"city":"Araxá","state":"Amapá","population":9520,"lat":0.0,"lng":-51.06204},{"city":"Peixe-Boi","state":"Pará","population":8285,"lat":-1.19194,"lng":-47.31222},{"city":"Magalhães Barata","state":"Pará","population":8115,"lat":-0.79389,"lng":-47.59861},{"city":"Amapá","state":"Amapá","population":7943,"lat":2.045,"lng":-50.78821},{"city":"Santa Cruz do Arari","state":"Pará","population":7445,"lat":-0.66333,"lng":-49.175},{"city":"Ferreira Gomes","state":"Amapá","population":7145,"lat":0.85833,"lng":-51.18},{"city":"Pau d'Arco","state":"Pará","population":6931,"lat":-7.83306,"lng":-50.04444},{"city":"Palestina do Pará","state":"Pará","population":6885,"lat":-5.74167,"lng":-48.31694},{"city":"Brejo Grande do Araguaia","state":"Pará","population":6783,"lat":-5.69889,"lng":-48.41306},{"city":"Ressaca Beirol","state":"Amapá","population":6591,"lat":0.01219,"lng":-51.06697},{"city":"Abel Figueiredo","state":"Pará","population":6136,"lat":-4.95361,"lng":-48.39333},{"city":"Santarém Novo","state":"Pará","population":6116,"lat":-0.92889,"lng":-47.39694},{"city":"Sapucaia","state":"Pará","population":5847,"lat":-6.94722,"lng":-49.68222},{"city":"Itaubal","state":"Amapá","population":5599,"lat":0.71167,"lng":-50.8},{"city":"Portuário do Igarapé da Fortaleza","state":"Amapá","population":5547,"lat":0.05083,"lng":-51.12639},{"city":"Serra do Navio","state":"Amapá","population":4986,"lat":0.89556,"lng":-52.00222},{"city":"Cutias","state":"Amapá","population":4461,"lat":0.98611,"lng":-50.80222},{"city":"São João da Ponta","state":"Pará","population":4430,"lat":-0.84972,"lng":-47.92},{"city":"Bannach","state":"Pará","population":4031,"lat":-7.34806,"lng":-50.39583},{"city":"Pracuúba","state":"Amapá","population":3803,"lat":1.74333,"lng":-50.79139},{"city":"Ressaca Nova Esperança","state":"Amapá","population":3788,"lat":0.02807,"lng":-51.08051},{"city":"Lago da Vaca","state":"Amapá","population":2891,"lat":0.08927,"lng":-51.05638},{"city":"Vitória do Jari","state":"Amapá","population":0,"lat":-0.92641,"lng":-52.42399},{"city":"Dom Eliseu","state":"Pará","population":0,"lat":-4.29671,"lng":-47.55218},{"city":"Itingá do Pará","state":"Pará","population":0,"lat":-4.43697,"lng":-47.53929},{"city":"Novo Repartimento","state":"Pará","population":0,"lat":-4.25036,"lng":-49.94629},{"city":"Breu Branco","state":"Pará","population":0,"lat":-3.77517,"lng":-49.56913},{"city":"Água Azul do Norte","state":"Pará","population":0,"lat":-6.80673,"lng":-50.48421}]}}