{"timezone":"America/Asuncion","countries":{"Paraguay":[{"city":"Asunción","state":"Asunción","population":1482200,"lat":-25.28646,"lng":-57.647},{"city":"Ciudad del Este","state":"Alto Paraná Department","population":301815,"lat":-25.5036,"lng":-54.65067},{"city":"San Lorenzo","state":"Central Department","population":227876,"lat":-25.33968,"lng":-57.50879},{"city":"Capiatá","state":"Central Department","population":198553,"lat":-25.3552,"lng":-57.44545},{"city":"Lambaré","state":"Central Department","population":126377,"lat":-25.34682,"lng":-57.60647},{"city":"Fernando de la Mora","state":"Central Department","population":120167,"lat":-25.3386,"lng":-57.52167},{"city":"Limpio","state":"Central Department","population":96143,"lat":-25.16611,"lng":-57.48562},{"city":"Nemby","state":"Central Department","population":94641,"lat":-25.3949,"lng":-57.53574},{"city":"Pedro Juan Caballero","state":"Amambay Department","population":75109,"lat":-22.54925,"lng":-55.7387},{"city":"Encarnación","state":"Itapúa","population":74983,"lat":-27.33176,"lng":-55.86662},{"city":"Mariano Roque Alonso","state":"Central Department","population":72008,"lat":-25.20791,"lng":-57.53202},{"city":"Itauguá","state":"Central Department","population":64997,"lat":-25.39258,"lng":-57.35421},{"city":"Villa Elisa","state":"Central Department","population":64099,"lat":-25.3676,"lng":-57.59274},{"city":"Villa Hayes","state":"Presidente Hayes","population":57217,"lat":-25.093,"lng":-57.52725},{"city":"Caacupé","state":"Cordillera Department","population":56864,"lat":-25.38575,"lng":-57.14217},{"city":"San Antonio","state":"Central Department","population":55754,"lat":-25.42126,"lng":-57.54725},{"city":"Caaguazú","state":"Caaguazú Department","population":54808,"lat":-25.47104,"lng":-56.01603},{"city":"Presidente Franco","state":"Alto Paraná Department","population":54292,"lat":-25.56384,"lng":-54.61097},{"city":"Coronel Oviedo","state":"Caaguazú Department","population":51286,"lat":-25.44613,"lng":-56.43928},{"city":"Concepción","state":"Concepción","population":48123,"lat":-23.39985,"lng":-57.43236},{"city":"Villarrica","state":"Guairá","population":41157,"lat":-25.74946,"lng":-56.43518},{"city":"Pilar","state":"Ñeembucú Department","population":32810,"lat":-26.85874,"lng":-58.30639},{"city":"Yby Yaú","state":"Concepción","population":31290,"lat":-22.96611,"lng":-56.54066},{"city":"Caazapá","state":"Caazapá","population":23996,"lat":-26.1966,"lng":-56.36786},{"city":"Filadelfia","state":"Boquerón Department","population":19927,"lat":-22.33936,"lng":-60.03157},{"city":"Itá","state":"Central Department","population":18459,"lat":-25.50054,"lng":-57.36717},{"city":"San Juan Bautista","state":"Misiones Department","population":16593,"lat":-26.67028,"lng":-57.14073},{"city":"Nueva Esperanza","state":"Canindeyú","population":12717,"lat":-24.5076,"lng":-54.8551},{"city":"Ayolas","state":"Misiones Department","population":12061,"lat":-27.38421,"lng":-56.83953},{"city":"Santa Rita","state":"Alto Paraná Department","population":11823,"lat":-25.79632,"lng":-55.08847},{"city":"Colonia General Alfredo Stroessner","state":"Caaguazú Department","population":11558,"lat":-25.36395,"lng":-55.7069},{"city":"San Pedro de Ycuamandyyú","state":"San Pedro Department","population":11548,"lat":-24.08534,"lng":-57.08745},{"city":"Areguá","state":"Central Department","population":11222,"lat":-25.31239,"lng":-57.38495},{"city":"San Isidro de Curuguaty","state":"Canindeyú","population":11095,"lat":-24.47184,"lng":-55.69227},{"city":"Horqueta","state":"Concepción","population":10531,"lat":-23.34323,"lng":-57.05212},{"city":"Lima","state":"San Pedro Department","population":10367,"lat":-23.88496,"lng":-56.47891},{"city":"Piribebuy","state":"Cordillera Department","population":10337,"lat":-25.46498,"lng":-57.04183},{"city":"Paraguarí","state":"Paraguarí","population":10079,"lat":-25.62075,"lng":-57.14724},{"city":"Tobatí","state":"Cordillera Department","population":9952,"lat":-25.26111,"lng":-57.08329},{"city":"Ypacarai","state":"Central Department","population":9655,"lat":-25.40777,"lng":-57.28889},{"city":"Capitán Bado","state":"Amambay Department","population":9114,"lat":-23.26733,"lng":-55.53876},{"city":"Guarambaré","state":"Central Department","population":9065,"lat":-25.49096,"lng":-57.45567},{"city":"Eusebio Ayala","state":"Cordillera Department","population":8253,"lat":-25.38276,"lng":-56.96088},{"city":"San Juan Nepomuceno","state":"Caazapá","population":7893,"lat":-26.11229,"lng":-55.93861},{"city":"Benjamín Aceval","state":"Presidente Hayes","population":7751,"lat":-24.9974,"lng":-57.55239},{"city":"Doctor Juan León Mallorquín","state":"Alto Paraná Department","population":7481,"lat":-25.43053,"lng":-55.25412},{"city":"Salto del Guairá","state":"Canindeyú","population":7385,"lat":-24.0633,"lng":-54.30763},{"city":"Santa Rosa","state":"Misiones Department","population":7257,"lat":-26.8873,"lng":-56.84905},{"city":"Yaguarón","state":"Paraguarí","population":7181,"lat":-25.56219,"lng":-57.28662},{"city":"Repatriación","state":"Caaguazú Department","population":7085,"lat":-25.53515,"lng":-55.99242},{"city":"Obligado","state":"Itapúa","population":6350,"lat":-27.0555,"lng":-55.62731},{"city":"Emboscada","state":"Cordillera Department","population":5911,"lat":-25.12413,"lng":-57.34807},{"city":"Carapeguá","state":"Paraguarí","population":5784,"lat":-25.76344,"lng":-57.24677},{"city":"San Pedro del Paraná","state":"Itapúa","population":5722,"lat":-26.83387,"lng":-56.20694},{"city":"Bella Vista","state":"Amambay Department","population":5653,"lat":-22.12226,"lng":-56.51523},{"city":"Colonia Menno","state":"Boquerón Department","population":5615,"lat":-22.36667,"lng":-59.81667},{"city":"Nanawa","state":"Presidente Hayes","population":5587,"lat":-25.2793,"lng":-57.70307},{"city":"Tomás Romero Pereira","state":"Itapúa","population":5533,"lat":-26.53115,"lng":-55.26046},{"city":"Puerto Vallemí","state":"Concepción","population":5332,"lat":-22.15755,"lng":-57.95125},{"city":"Hohenau","state":"Itapúa","population":5306,"lat":-27.07315,"lng":-55.64247},{"city":"Quiindy","state":"Paraguarí","population":5137,"lat":-25.97606,"lng":-57.23353},{"city":"Puerto Rosario","state":"San Pedro Department","population":5123,"lat":-24.44127,"lng":-57.14272},{"city":"San José de los Arroyos","state":"Caaguazú Department","population":5117,"lat":-25.5331,"lng":-56.73233},{"city":"San Alberto","state":"Alto Paraná Department","population":4989,"lat":-24.96667,"lng":-54.9},{"city":"Doctor Juan Manuel Frutos","state":"Caaguazú Department","population":4797,"lat":-25.3838,"lng":-55.83215},{"city":"Yuty","state":"Caazapá","population":4774,"lat":-26.61415,"lng":-56.24727},{"city":"Atyrá","state":"Cordillera Department","population":4768,"lat":-25.2794,"lng":-57.17289},{"city":"Altos","state":"Cordillera Department","population":4763,"lat":-25.26263,"lng":-57.25443},{"city":"Puerto Mayor Otaño","state":"Itapúa","population":4701,"lat":-26.4,"lng":-54.7},{"city":"San Bernardino","state":"Cordillera Department","population":4651,"lat":-25.31067,"lng":-57.29628},{"city":"Ybycuí","state":"Paraguarí","population":4629,"lat":-26.02073,"lng":-57.0172},{"city":"Iturbe","state":"Guairá","population":4475,"lat":-26.05508,"lng":-56.48463},{"city":"Carmelo Peralta","state":"Alto Paraguay","population":4402,"lat":-21.67985,"lng":-57.90729},{"city":"La Paloma del Espíritu Santo","state":"Canindeyú","population":4383,"lat":-24.12957,"lng":-54.61376},{"city":"Carmen del Paraná","state":"Itapúa","population":4196,"lat":-27.22232,"lng":-56.15243},{"city":"General Artigas","state":"Itapúa","population":4073,"lat":-26.93461,"lng":-56.22214},{"city":"Katueté","state":"Canindeyú","population":4070,"lat":-24.24829,"lng":-54.75961},{"city":"Pirayú","state":"Paraguarí","population":4000,"lat":-25.48415,"lng":-57.23612},{"city":"Fram","state":"Itapúa","population":3916,"lat":-26.98333,"lng":-55.88333},{"city":"Itacurubí del Rosario","state":"San Pedro Department","population":3887,"lat":-24.53541,"lng":-56.82352},{"city":"Itacurubí de la Cordillera","state":"Cordillera Department","population":3576,"lat":-25.46158,"lng":-56.85333},{"city":"Capiibary","state":"San Pedro Department","population":3537,"lat":-24.7319,"lng":-56.02052},{"city":"Yguazú","state":"Alto Paraná Department","population":3363,"lat":-25.46096,"lng":-55.00489},{"city":"Acahay","state":"Paraguarí","population":3205,"lat":-25.91409,"lng":-57.11329},{"city":"Itakyry","state":"Alto Paraná Department","population":3038,"lat":-24.98401,"lng":-55.1493},{"city":"Abaí","state":"Caazapá","population":3024,"lat":-26.03848,"lng":-55.94685},{"city":"General Elizardo Aquino","state":"San Pedro Department","population":2983,"lat":-24.44548,"lng":-56.89942},{"city":"Nueva Italia","state":"Central Department","population":2841,"lat":-25.6108,"lng":-57.46563},{"city":"Trinidad","state":"Itapúa","population":2837,"lat":-27.13103,"lng":-55.70584},{"city":"Colonia Neuland","state":"Boquerón Department","population":2816,"lat":-22.66667,"lng":-60.11667},{"city":"Villa Ygatimí","state":"Canindeyú","population":2809,"lat":-24.12371,"lng":-55.64418},{"city":"Los Cedrales","state":"Alto Paraná Department","population":2754,"lat":-25.65668,"lng":-54.72272},{"city":"Antequera","state":"San Pedro Department","population":2701,"lat":-24.08526,"lng":-57.20221},{"city":"La Colmena","state":"Paraguarí","population":2551,"lat":-25.88627,"lng":-56.84084},{"city":"Puerto Bahía Negra","state":"Boquerón Department","population":2537,"lat":-20.22966,"lng":-58.16857},{"city":"Jesús","state":"Itapúa","population":2530,"lat":-27.05598,"lng":-55.7413},{"city":"Capitán Miranda","state":"Itapúa","population":2498,"lat":-27.21946,"lng":-55.79837},{"city":"Fuerte Olimpo","state":"Alto Paraguay","population":2475,"lat":-21.04153,"lng":-57.87377},{"city":"Carayaó","state":"Caaguazú Department","population":2473,"lat":-25.1975,"lng":-56.39878},{"city":"Arroyos y Esteros","state":"Cordillera Department","population":2455,"lat":-25.05505,"lng":-57.09728},{"city":"General Eugenio A. Garay","state":"Boquerón Department","population":2409,"lat":-20.51667,"lng":-62.13333},{"city":"Tacuatí","state":"San Pedro Department","population":2405,"lat":-23.45767,"lng":-56.73672},{"city":"Colonia Mauricio José Troche","state":"Guairá","population":2368,"lat":-25.56667,"lng":-56.28333},{"city":"Bella Vista","state":"Itapúa","population":2334,"lat":-27.0491,"lng":-55.5717},{"city":"Villa Florida","state":"Misiones Department","population":2305,"lat":-26.41065,"lng":-57.12104},{"city":"Mbocayaty","state":"Guairá","population":2296,"lat":-25.71938,"lng":-56.42179},{"city":"Caapucú","state":"Paraguarí","population":2284,"lat":-26.23523,"lng":-57.18212},{"city":"Natalio","state":"Itapúa","population":2252,"lat":-26.75702,"lng":-55.13777},{"city":"Guajayvi","state":"San Pedro Department","population":2247,"lat":-24.53333,"lng":-56.40392},{"city":"San Cosme y Damián","state":"Itapúa","population":2223,"lat":-27.31922,"lng":-56.33223},{"city":"Mbuyapey","state":"Paraguarí","population":2201,"lat":-26.21921,"lng":-56.75777},{"city":"Naranjal","state":"Alto Paraná Department","population":2151,"lat":-25.97432,"lng":-55.18661},{"city":"Santiago","state":"Misiones Department","population":2144,"lat":-27.1431,"lng":-56.76803},{"city":"Santa María","state":"Misiones Department","population":2095,"lat":-26.78371,"lng":-56.94333},{"city":"Yhú","state":"Caaguazú Department","population":2092,"lat":-25.05784,"lng":-55.92267},{"city":"Colonia San Lorenzo","state":"Itapúa","population":2000,"lat":-26.49324,"lng":-54.79989},{"city":"Doctor Cecilio Báez","state":"Caaguazú Department","population":1977,"lat":-25.06943,"lng":-56.24267},{"city":"Sapucaí","state":"Paraguarí","population":1932,"lat":-25.66652,"lng":-56.95215},{"city":"Natalicio Talavera","state":"Guairá","population":1809,"lat":-25.65378,"lng":-56.30933},{"city":"Minga Porá","state":"Alto Paraná Department","population":1770,"lat":-24.87544,"lng":-54.93395},{"city":"Pirapó","state":"Itapúa","population":1756,"lat":-26.85842,"lng":-55.54414},{"city":"San Joaquín","state":"Caaguazú Department","population":1745,"lat":-25.02853,"lng":-56.0428},{"city":"Edelira","state":"Itapúa","population":1698,"lat":-26.76734,"lng":-55.27872},{"city":"Unión","state":"San Pedro Department","population":1653,"lat":-24.8079,"lng":-56.52148},{"city":"Itapé","state":"Guairá","population":1641,"lat":-25.85172,"lng":-56.61385},{"city":"Caraguatay","state":"Cordillera Department","population":1637,"lat":-25.23844,"lng":-56.82693},{"city":"Belén","state":"Concepción","population":1621,"lat":-23.46987,"lng":-57.26175},{"city":"Buena Vista","state":"Caazapá","population":1580,"lat":-26.18705,"lng":-56.08334},{"city":"Independencia","state":"Guairá","population":1575,"lat":-25.691,"lng":-56.26781},{"city":"General José María Delgado","state":"Itapúa","population":1544,"lat":-27.09046,"lng":-56.52474},{"city":"Isla Pucú","state":"Cordillera Department","population":1529,"lat":-25.30853,"lng":-56.89911},{"city":"San Patricio","state":"Misiones Department","population":1525,"lat":-26.97626,"lng":-56.8269},{"city":"Carlos Antonio López","state":"Itapúa","population":1496,"lat":-26.39853,"lng":-54.7569},{"city":"San Juan del Paraná","state":"Itapúa","population":1492,"lat":-27.30264,"lng":-55.96387},{"city":"Mbutuý","state":"Caaguazú Department","population":1466,"lat":-24.97518,"lng":-56.30927},{"city":"General Higinio Morínigo","state":"Caazapá","population":1399,"lat":-25.95,"lng":-55.91667},{"city":"Yataity del Norte","state":"San Pedro Department","population":1392,"lat":-24.84752,"lng":-56.35538},{"city":"Corpus Christi","state":"Canindeyú","population":1387,"lat":-24.0804,"lng":-54.93933},{"city":"Coronel Martínez","state":"Guairá","population":1359,"lat":-25.75896,"lng":-56.61596},{"city":"General José Eduvigis Díaz","state":"Ñeembucú Department","population":1345,"lat":-27.20153,"lng":-58.3691},{"city":"San Miguel","state":"Misiones Department","population":1210,"lat":-26.53599,"lng":-57.03928},{"city":"Colonia Nueva Germania","state":"San Pedro Department","population":1206,"lat":-23.91137,"lng":-56.70091},{"city":"Capitán Pablo Lagerenza","state":"Alto Paraguay","population":1200,"lat":-19.91667,"lng":-60.78333},{"city":"Fulgencio Yegros","state":"Caazapá","population":1140,"lat":-26.45565,"lng":-56.40368},{"city":"Santa Elena","state":"Cordillera Department","population":1137,"lat":-25.41396,"lng":-56.79762},{"city":"Cerrito","state":"Ñeembucú Department","population":1036,"lat":-27.34215,"lng":-57.64119},{"city":"Capitán Meza","state":"Itapúa","population":963,"lat":-27.01667,"lng":-55.56667},{"city":"Ñacunday","state":"Alto Paraná Department","population":912,"lat":-26.01667,"lng":-54.76667},{"city":"Ñumi","state":"Guairá","population":864,"lat":-25.95052,"lng":-56.3296},{"city":"Paso de Patria","state":"Ñeembucú Department","population":853,"lat":-27.24334,"lng":-58.54416},{"city":"Primero de Marzo","state":"Cordillera Department","population":837,"lat":-25.15298,"lng":-56.92792},{"city":"Cambyretá","state":"Itapúa","population":822,"lat":-27.3586,"lng":-55.76198},{"city":"Nueva Londres","state":"Caaguazú Department","population":812,"lat":-25.40402,"lng":-56.54938},{"city":"Villa Oliva","state":"Ñeembucú Department","population":772,"lat":-26.01614,"lng":-57.85589},{"city":"Veinticinco de Diciembre","state":"San Pedro Department","population":766,"lat":-24.7,"lng":-56.55},{"city":"Quyquyhó","state":"Paraguarí","population":756,"lat":-26.23094,"lng":-56.98726},{"city":"San Lázaro","state":"Concepción","population":708,"lat":-22.10743,"lng":-57.96225},{"city":"Laureles","state":"Ñeembucú Department","population":708,"lat":-27.24979,"lng":-57.45857},{"city":"San Carlos del Apa","state":"Concepción","population":705,"lat":-22.24596,"lng":-57.28853},{"city":"Puerto Guaraní","state":"Alto Paraguay","population":700,"lat":-21.28342,"lng":-57.9249},{"city":"Nueva Colombia","state":"Cordillera Department","population":683,"lat":-25.1881,"lng":-57.30533},{"city":"San Pablo de Ycuámandyyú","state":"San Pedro Department","population":659,"lat":-24.15,"lng":-57.06667},{"city":"Itapúa Poty","state":"Itapúa","population":646,"lat":-26.63026,"lng":-55.52028},{"city":"Alto Verá","state":"Itapúa","population":642,"lat":-26.75291,"lng":-55.76828},{"city":"Valenzuela","state":"Cordillera Department","population":587,"lat":-25.59382,"lng":-56.87126},{"city":"Félix Pérez Cardozo","state":"Guairá","population":536,"lat":-25.74199,"lng":-56.52278},{"city":"Ybytymí","state":"Paraguarí","population":525,"lat":-25.75882,"lng":-56.80257},{"city":"Maciel","state":"Caazapá","population":503,"lat":-26.18271,"lng":-56.47282},{"city":"Chore","state":"San Pedro Department","population":0,"lat":-24.18606,"lng":-56.58251}]}}