{"timezone":"America/Bahia","countries":{"Brazil":[{"city":"Salvador","state":"Bahia","population":2711840,"lat":-12.97563,"lng":-38.49096},{"city":"Feira de Santana","state":"Bahia","population":619609,"lat":-12.26667,"lng":-38.96667},{"city":"Vitória da Conquista","state":"Bahia","population":253137,"lat":-14.86611,"lng":-40.83944},{"city":"Juazeiro","state":"Bahia","population":237821,"lat":-9.41167,"lng":-40.49861},{"city":"Itabuna","state":"Bahia","population":205660,"lat":-14.78556,"lng":-39.28028},{"city":"Lauro de Freitas","state":"Bahia","population":203331,"lat":-12.89444,"lng":-38.32722},{"city":"Camaçari","state":"Bahia","population":188758,"lat":-12.6975,"lng":-38.32417},{"city":"Porto Seguro","state":"Bahia","population":168326,"lat":-16.44972,"lng":-39.06472},{"city":"Barreiras","state":"Bahia","population":159734,"lat":-12.15278,"lng":-44.99},{"city":"Ilhéus","state":"Bahia","population":155499,"lat":-14.79909,"lng":-39.03228},{"city":"Jequié","state":"Bahia","population":127475,"lat":-13.85875,"lng":-40.08512},{"city":"Alagoinhas","state":"Bahia","population":122688,"lat":-12.13556,"lng":-38.41917},{"city":"Simões Filho","state":"Bahia","population":114559,"lat":-12.78444,"lng":-38.40389},{"city":"Eunápolis","state":"Bahia","population":113710,"lat":-16.3775,"lng":-39.58028},{"city":"Paulo Afonso","state":"Bahia","population":112870,"lat":-9.40611,"lng":-38.21472},{"city":"Luis Eduardo Magalhães","state":"Bahia","population":107909,"lat":-12.09086,"lng":-45.78501},{"city":"Santo Antônio de Jesus","state":"Bahia","population":103055,"lat":-12.96889,"lng":-39.26139},{"city":"Guanambi","state":"Bahia","population":87817,"lat":-14.22333,"lng":-42.78139},{"city":"Valença","state":"Bahia","population":85655,"lat":-13.37028,"lng":-39.07306},{"city":"Jacobina","state":"Bahia","population":82590,"lat":-11.18143,"lng":-40.51372},{"city":"Serrinha","state":"Bahia","population":80435,"lat":-11.66417,"lng":-39.0075},{"city":"Senhor do Bonfim","state":"Bahia","population":74523,"lat":-10.46139,"lng":-40.18944},{"city":"Irecê","state":"Bahia","population":74507,"lat":-11.30417,"lng":-41.85583},{"city":"Candeias","state":"Bahia","population":72382,"lat":-12.66778,"lng":-38.55056},{"city":"Casa Nova","state":"Bahia","population":72086,"lat":-9.17419,"lng":-40.97514},{"city":"Dias d'Ávila","state":"Bahia","population":71485,"lat":-12.6125,"lng":-38.29694},{"city":"Campo Formoso","state":"Bahia","population":71377,"lat":-10.5075,"lng":-40.32139},{"city":"Brumado","state":"Bahia","population":70510,"lat":-14.20361,"lng":-41.66528},{"city":"Conceição do Coité","state":"Bahia","population":67825,"lat":-11.56389,"lng":-39.28278},{"city":"Itapetinga","state":"Bahia","population":65897,"lat":-15.24889,"lng":-40.24778},{"city":"Bom Jesus da Lapa","state":"Bahia","population":65550,"lat":-13.255,"lng":-43.41806},{"city":"Itaberaba","state":"Bahia","population":65073,"lat":-12.5275,"lng":-40.30694},{"city":"Euclides da Cunha","state":"Bahia","population":61456,"lat":-10.5075,"lng":-39.01583},{"city":"Cruz das Almas","state":"Bahia","population":60348,"lat":-12.67,"lng":-39.10194},{"city":"Itamaraju","state":"Bahia","population":59605,"lat":-17.03917,"lng":-39.53111},{"city":"Ipirá","state":"Bahia","population":56876,"lat":-12.15833,"lng":-39.73722},{"city":"Santo Amaro","state":"Bahia","population":56012,"lat":-12.54667,"lng":-38.71194},{"city":"Ribeira do Pombal","state":"Bahia","population":54010,"lat":-10.83444,"lng":-38.53583},{"city":"Santo Estêvão","state":"Bahia","population":52276,"lat":-12.43028,"lng":-39.25139},{"city":"Caetité","state":"Bahia","population":52012,"lat":-14.06944,"lng":-42.475},{"city":"Barra","state":"Bahia","population":51092,"lat":-11.08944,"lng":-43.14167},{"city":"Tucano","state":"Bahia","population":48736,"lat":-10.95817,"lng":-38.79084},{"city":"Araci","state":"Bahia","population":48294,"lat":-11.33333,"lng":-38.96667},{"city":"Poções","state":"Bahia","population":48293,"lat":-14.52972,"lng":-40.36528},{"city":"Catu","state":"Bahia","population":48148,"lat":-12.35306,"lng":-38.37889},{"city":"Monte Santo","state":"Bahia","population":47780,"lat":-10.43778,"lng":-39.33278},{"city":"Seabra","state":"Bahia","population":46160,"lat":-12.41713,"lng":-41.77049},{"city":"Jaguaquara","state":"Bahia","population":45964,"lat":-13.53056,"lng":-39.97083},{"city":"Xique-Xique","state":"Bahia","population":44757,"lat":-10.82294,"lng":-42.72815},{"city":"Livramento de Nossa Senhora","state":"Bahia","population":43903,"lat":-13.64136,"lng":-41.84319},{"city":"Mata de São João","state":"Bahia","population":42566,"lat":-12.53028,"lng":-38.29917},{"city":"Vera Cruz","state":"Bahia","population":42529,"lat":-12.96028,"lng":-38.60861},{"city":"Macaúbas","state":"Bahia","population":41859,"lat":-13.01944,"lng":-42.69861},{"city":"São Sebastião do Passé","state":"Bahia","population":40958,"lat":-12.5125,"lng":-38.49528},{"city":"Ipiaú","state":"Bahia","population":40706,"lat":-14.13449,"lng":-39.73948},{"city":"Remanso","state":"Bahia","population":40586,"lat":-9.62167,"lng":-42.08139},{"city":"Santa Maria da Boa Vista","state":"Pernambuco","population":40578,"lat":-8.80778,"lng":-39.82556},{"city":"São Gonçalo dos Campos","state":"Bahia","population":39513,"lat":-12.43394,"lng":-38.95057},{"city":"Nova Viçosa","state":"Bahia","population":39509,"lat":-17.89194,"lng":-39.37194},{"city":"São Francisco do Conde","state":"Bahia","population":38733,"lat":-12.6275,"lng":-38.68},{"city":"Santa Maria da Vitória","state":"Bahia","population":38604,"lat":-13.38814,"lng":-44.19868},{"city":"Sento Sé","state":"Bahia","population":38154,"lat":-9.74583,"lng":-41.88528},{"city":"Entre Rios","state":"Bahia","population":38098,"lat":-11.94194,"lng":-38.08444},{"city":"Mucuri","state":"Bahia","population":37977,"lat":-18.08639,"lng":-39.55083},{"city":"Santaluz","state":"Bahia","population":37834,"lat":-11.25583,"lng":-39.37472},{"city":"Jeremoabo","state":"Bahia","population":37626,"lat":-10.076,"lng":-38.34725},{"city":"Cansanção","state":"Bahia","population":37439,"lat":-10.66722,"lng":-39.49917},{"city":"Barra do Choça","state":"Bahia","population":36539,"lat":-14.88111,"lng":-40.57944},{"city":"Amargosa","state":"Bahia","population":36521,"lat":-13.03028,"lng":-39.60472},{"city":"Maragogipe","state":"Bahia","population":35859,"lat":-12.77778,"lng":-38.91944},{"city":"Rio Real","state":"Bahia","population":35362,"lat":-11.48472,"lng":-37.93278},{"city":"Pilão Arcado","state":"Bahia","population":35357,"lat":-10.00053,"lng":-42.47975},{"city":"Conceição do Jacuípe","state":"Bahia","population":35308,"lat":-12.31667,"lng":-38.76667},{"city":"Prado","state":"Bahia","population":35003,"lat":-17.34111,"lng":-39.22083},{"city":"Serra do Ramalho","state":"Bahia","population":34222,"lat":-13.54232,"lng":-43.57968},{"city":"Curaçá","state":"Bahia","population":34180,"lat":-8.99028,"lng":-39.90944},{"city":"Itiúba","state":"Bahia","population":33872,"lat":-10.69167,"lng":-39.85361},{"city":"Inhambupe","state":"Bahia","population":33790,"lat":-11.78444,"lng":-38.35306},{"city":"Morro do Chapéu","state":"Bahia","population":33594,"lat":-11.54852,"lng":-41.15804},{"city":"Cachoeira","state":"Bahia","population":33567,"lat":-12.60139,"lng":-38.96576},{"city":"Riachão do Jacuípe","state":"Bahia","population":33386,"lat":-11.80694,"lng":-39.38556},{"city":"Capim Grosso","state":"Bahia","population":33235,"lat":-11.38111,"lng":-40.01278},{"city":"São Desidério","state":"Bahia","population":32828,"lat":-12.36333,"lng":-44.97333},{"city":"Jaguarari","state":"Bahia","population":32703,"lat":-10.26389,"lng":-40.19583},{"city":"Canavieiras","state":"Bahia","population":32683,"lat":-15.675,"lng":-38.94722},{"city":"Esplanada","state":"Bahia","population":32554,"lat":-11.79611,"lng":-37.945},{"city":"Correntina","state":"Bahia","population":32457,"lat":-13.34333,"lng":-44.63667},{"city":"Gandu","state":"Bahia","population":32178,"lat":-13.74389,"lng":-39.48667},{"city":"Pojuca","state":"Bahia","population":32136,"lat":-12.43056,"lng":-38.32778},{"city":"Itapicuru","state":"Bahia","population":31679,"lat":-11.31667,"lng":-38.23333},{"city":"Cícero Dantas","state":"Bahia","population":30907,"lat":-10.6,"lng":-38.38333},{"city":"Riacho de Santana","state":"Bahia","population":30711,"lat":-13.60917,"lng":-42.93889},{"city":"Campo Alegre de Lourdes","state":"Bahia","population":30671,"lat":-9.51729,"lng":-43.01026},{"city":"Vera Cruz","state":"Bahia","population":30556,"lat":-12.63333,"lng":-41.03333},{"city":"Camamu","state":"Bahia","population":30469,"lat":-13.94697,"lng":-39.10257},{"city":"Paratinga","state":"Bahia","population":29252,"lat":-12.69056,"lng":-43.18417},{"city":"Santa Cruz Cabrália","state":"Bahia","population":29185,"lat":-16.27806,"lng":-39.02472},{"city":"Carinhanha","state":"Bahia","population":28869,"lat":-14.30472,"lng":-43.765},{"city":"Muritiba","state":"Bahia","population":28707,"lat":-12.62639,"lng":-38.99},{"city":"Ruy Barbosa","state":"Bahia","population":28282,"lat":-12.28389,"lng":-40.49389},{"city":"Itabela","state":"Bahia","population":28165,"lat":-16.575,"lng":-39.55333},{"city":"Irará","state":"Bahia","population":28043,"lat":-12.05,"lng":-38.76667},{"city":"Presidente Tancredo Neves","state":"Bahia","population":27734,"lat":-13.45287,"lng":-39.4208},{"city":"Itacaré","state":"Bahia","population":27704,"lat":-14.2789,"lng":-38.99584},{"city":"Maracás","state":"Bahia","population":27620,"lat":-13.44111,"lng":-40.43083},{"city":"Santa Rita de Cássia","state":"Bahia","population":27390,"lat":-11.00861,"lng":-44.51944},{"city":"Nazaré","state":"Bahia","population":27060,"lat":-13.035,"lng":-39.01444},{"city":"Coração de Maria","state":"Bahia","population":26692,"lat":-12.23333,"lng":-38.75},{"city":"Paripiranga","state":"Bahia","population":26604,"lat":-10.6875,"lng":-37.86167},{"city":"Ibotirama","state":"Bahia","population":26309,"lat":-12.18528,"lng":-43.22056},{"city":"Barra da Estiva","state":"Bahia","population":26026,"lat":-13.62611,"lng":-41.32694},{"city":"Queimadas","state":"Bahia","population":25988,"lat":-10.97833,"lng":-39.62639},{"city":"Formosa do Rio Preto","state":"Bahia","population":25899,"lat":-11.04833,"lng":-45.19306},{"city":"Lapão","state":"Bahia","population":25736,"lat":-11.38333,"lng":-41.83194},{"city":"Sobradinho","state":"Bahia","population":25475,"lat":-9.47184,"lng":-40.80155},{"city":"Anagé","state":"Bahia","population":25438,"lat":-14.61222,"lng":-41.13556},{"city":"Ibirapitanga","state":"Bahia","population":25344,"lat":-14.16417,"lng":-39.37361},{"city":"Quijingue","state":"Bahia","population":25272,"lat":-10.7525,"lng":-39.20917},{"city":"Cândido Sales","state":"Bahia","population":25247,"lat":-15.505,"lng":-41.23917},{"city":"João Dourado","state":"Bahia","population":24854,"lat":-11.34484,"lng":-41.66317},{"city":"Santana","state":"Bahia","population":24755,"lat":-12.98333,"lng":-44.05111},{"city":"Castro Alves","state":"Bahia","population":24712,"lat":-12.76556,"lng":-39.42833},{"city":"Uauá","state":"Bahia","population":24665,"lat":-9.84139,"lng":-39.48167},{"city":"Miguel Calmon","state":"Bahia","population":24661,"lat":-11.42889,"lng":-40.595},{"city":"Iaçu","state":"Bahia","population":24607,"lat":-12.76722,"lng":-40.21167},{"city":"Alcobaça","state":"Bahia","population":24530,"lat":-17.51944,"lng":-39.19556},{"city":"Maraú","state":"Bahia","population":24527,"lat":-14.10395,"lng":-39.0149},{"city":"Wenceslau Guimarães","state":"Bahia","population":24474,"lat":-13.686,"lng":-39.47803},{"city":"Itambé","state":"Bahia","population":24394,"lat":-15.245,"lng":-40.62444},{"city":"Valente","state":"Bahia","population":24362,"lat":-11.41222,"lng":-39.46194},{"city":"Nova Soure","state":"Bahia","population":24263,"lat":-11.23333,"lng":-38.48333},{"city":"Canarana","state":"Bahia","population":24206,"lat":-11.68472,"lng":-41.76889},{"city":"Amélia Rodrigues","state":"Bahia","population":24138,"lat":-12.39904,"lng":-38.75519},{"city":"Iraquara","state":"Bahia","population":23879,"lat":-12.24861,"lng":-41.61944},{"city":"Conde","state":"Bahia","population":23654,"lat":-11.81361,"lng":-37.61056},{"city":"Planalto","state":"Bahia","population":23334,"lat":-14.66972,"lng":-40.47111},{"city":"Olindina","state":"Bahia","population":22633,"lat":-11.36667,"lng":-38.33333},{"city":"Camacan","state":"Bahia","population":22579,"lat":-15.41917,"lng":-39.49583},{"city":"Caculé","state":"Bahia","population":22462,"lat":-14.50333,"lng":-42.22222},{"city":"Muritiba","state":"Bahia","population":22388,"lat":-12.91667,"lng":-39.25},{"city":"Medeiros Neto","state":"Bahia","population":22194,"lat":-17.37389,"lng":-40.22056},{"city":"Posto da Mata","state":"Bahia","population":22168,"lat":-17.88608,"lng":-39.85887},{"city":"Ituberá","state":"Bahia","population":21902,"lat":-13.73538,"lng":-39.14785},{"city":"Poço Verde","state":"Sergipe","population":21794,"lat":-10.70833,"lng":-38.18333},{"city":"Ibicaraí","state":"Bahia","population":21665,"lat":-14.865,"lng":-39.5875},{"city":"Riachão das Neves","state":"Bahia","population":21642,"lat":-11.74611,"lng":-44.91},{"city":"Macarani","state":"Bahia","population":21599,"lat":-15.56833,"lng":-40.42306},{"city":"Pedro Canário","state":"Espírito Santo","population":21522,"lat":-18.03028,"lng":-40.15056},{"city":"Iguaí","state":"Bahia","population":21491,"lat":-14.75639,"lng":-40.08917},{"city":"Uruçuca","state":"Bahia","population":21420,"lat":-14.59306,"lng":-39.28444},{"city":"Teofilândia","state":"Bahia","population":21176,"lat":-11.4835,"lng":-38.99681},{"city":"Laje","state":"Bahia","population":21052,"lat":-13.18222,"lng":-39.425},{"city":"Tanhaçu","state":"Bahia","population":21006,"lat":-14.02139,"lng":-41.24806},{"city":"Santa Bárbara","state":"Bahia","population":20952,"lat":-11.95833,"lng":-38.975},{"city":"Conceição da Feira","state":"Bahia","population":20800,"lat":-12.50583,"lng":-38.99861},{"city":"Ibicoara","state":"Bahia","population":20785,"lat":-13.41316,"lng":-41.28572},{"city":"Oliveira dos Brejinhos","state":"Bahia","population":20715,"lat":-12.31694,"lng":-42.89611},{"city":"Governador Mangabeira","state":"Bahia","population":20605,"lat":-12.60044,"lng":-39.04178},{"city":"Paramirim","state":"Bahia","population":20351,"lat":-13.4425,"lng":-42.23889},{"city":"São Felipe","state":"Bahia","population":20283,"lat":-12.84722,"lng":-39.08944},{"city":"Belmonte","state":"Bahia","population":20121,"lat":-15.86126,"lng":-38.87982},{"city":"Piatã","state":"Bahia","population":20086,"lat":-13.15194,"lng":-41.77278},{"city":"Palmas de Monte Alto","state":"Bahia","population":20078,"lat":-14.26722,"lng":-43.16194},{"city":"Mutuípe","state":"Bahia","population":20037,"lat":-13.22861,"lng":-39.50472},{"city":"Ponto Novo","state":"Bahia","population":19938,"lat":-10.86278,"lng":-40.13361},{"city":"Livramento do Brumado","state":"Bahia","population":19914,"lat":-13.65145,"lng":-41.84564},{"city":"Itaparica","state":"Bahia","population":19789,"lat":-12.88833,"lng":-38.67861},{"city":"Crisópolis","state":"Bahia","population":19729,"lat":-11.51056,"lng":-38.15},{"city":"Rafael Jambeiro","state":"Bahia","population":19662,"lat":-12.40829,"lng":-39.50094},{"city":"Buritirama","state":"Bahia","population":19589,"lat":-10.70778,"lng":-43.63056},{"city":"Boquira","state":"Bahia","population":19322,"lat":-12.82306,"lng":-42.73056},{"city":"Sobradinho","state":"Bahia","population":19304,"lat":-12.83333,"lng":-39.1},{"city":"Ourolândia","state":"Bahia","population":19243,"lat":-10.97141,"lng":-41.0796},{"city":"Cocos","state":"Bahia","population":19151,"lat":-14.18389,"lng":-44.53444},{"city":"Encruzilhada","state":"Bahia","population":19107,"lat":-15.53139,"lng":-40.90944},{"city":"Pindobaçu","state":"Bahia","population":19083,"lat":-10.74167,"lng":-40.36083},{"city":"Guaratinga","state":"Bahia","population":19049,"lat":-16.58197,"lng":-39.78117},{"city":"Ibirataia","state":"Bahia","population":18792,"lat":-14.06694,"lng":-39.64056},{"city":"Itajuípe","state":"Bahia","population":18781,"lat":-14.67806,"lng":-39.375},{"city":"Ubaíra","state":"Bahia","population":18626,"lat":-13.26806,"lng":-39.66278},{"city":"São Gabriel","state":"Bahia","population":18600,"lat":-11.22871,"lng":-41.87649},{"city":"Nordestina","state":"Bahia","population":18523,"lat":-10.8225,"lng":-39.42694},{"city":"Madre de Deus","state":"Bahia","population":18504,"lat":-12.74083,"lng":-38.62083},{"city":"Belo Campo","state":"Bahia","population":18412,"lat":-15.03833,"lng":-41.25972},{"city":"Baixa Grande","state":"Bahia","population":18220,"lat":-11.95972,"lng":-40.16806},{"city":"Una","state":"Bahia","population":18131,"lat":-15.29333,"lng":-39.07528},{"city":"Taperoá","state":"Bahia","population":18044,"lat":-13.53806,"lng":-39.09861},{"city":"Serra Preta","state":"Bahia","population":17996,"lat":-12.16028,"lng":-39.33167},{"city":"Sapeaçu","state":"Bahia","population":17963,"lat":-12.7275,"lng":-39.18194},{"city":"Ituaçu","state":"Bahia","population":17914,"lat":-13.81333,"lng":-41.29667},{"city":"Filadélfia","state":"Bahia","population":17897,"lat":-10.74278,"lng":-40.13194},{"city":"Fátima","state":"Bahia","population":17895,"lat":-10.6,"lng":-38.21667},{"city":"Itanhém","state":"Bahia","population":17813,"lat":-17.16639,"lng":-40.33},{"city":"Cairu","state":"Bahia","population":17761,"lat":-13.48694,"lng":-39.04389},{"city":"Mairi","state":"Bahia","population":17674,"lat":-11.71139,"lng":-40.14889},{"city":"Jaguaripe","state":"Bahia","population":17659,"lat":-13.11333,"lng":-38.89556},{"city":"Abaré","state":"Bahia","population":17639,"lat":-8.72028,"lng":-39.11389},{"city":"Ubaitaba","state":"Bahia","population":17596,"lat":-14.3125,"lng":-39.32333},{"city":"Piritiba","state":"Bahia","population":17566,"lat":-11.73028,"lng":-40.55528},{"city":"Cafarnaum","state":"Bahia","population":17466,"lat":-11.69361,"lng":-41.46833},{"city":"Coaraci","state":"Bahia","population":17333,"lat":-14.64083,"lng":-39.55111},{"city":"Mundo Novo","state":"Bahia","population":17305,"lat":-11.85889,"lng":-40.4725},{"city":"Cipó","state":"Bahia","population":17230,"lat":-11.09972,"lng":-38.51361},{"city":"Tanque Novo","state":"Bahia","population":17158,"lat":-13.54639,"lng":-42.49139},{"city":"Serra Dourada","state":"Bahia","population":17066,"lat":-12.76073,"lng":-43.94998},{"city":"Coronel João Sá","state":"Bahia","population":17056,"lat":-10.28417,"lng":-37.92639},{"city":"Souto Soares","state":"Bahia","population":17054,"lat":-12.08861,"lng":-41.63778},{"city":"Condeúba","state":"Bahia","population":17053,"lat":-14.89528,"lng":-41.96861},{"city":"Itarantim","state":"Bahia","population":17052,"lat":-15.65972,"lng":-40.06556},{"city":"Ibititá","state":"Bahia","population":16969,"lat":-11.54722,"lng":-41.9775},{"city":"Boa Vista do Tupim","state":"Bahia","population":16873,"lat":-12.6623,"lng":-40.60652},{"city":"Itororó","state":"Bahia","population":16617,"lat":-15.11694,"lng":-40.07028},{"city":"Ibipeba","state":"Bahia","population":16603,"lat":-11.64083,"lng":-42.01111},{"city":"Cabaceiras do Paraguaçu","state":"Bahia","population":16559,"lat":-12.53556,"lng":-39.19083},{"city":"Jussara","state":"Bahia","population":16354,"lat":-11.04404,"lng":-41.97102},{"city":"Central","state":"Bahia","population":16348,"lat":-11.13556,"lng":-42.11278},{"city":"Tremedal","state":"Bahia","population":16296,"lat":-14.97583,"lng":-41.41083},{"city":"Utinga","state":"Bahia","population":16277,"lat":-12.08167,"lng":-41.09444},{"city":"Canudos","state":"Bahia","population":16105,"lat":-9.89667,"lng":-39.02639},{"city":"Ubatã","state":"Bahia","population":16094,"lat":-14.20906,"lng":-39.52641},{"city":"Sátiro Dias","state":"Bahia","population":16008,"lat":-11.60389,"lng":-38.58313},{"city":"Aporá","state":"Bahia","population":15922,"lat":-11.66028,"lng":-38.08139},{"city":"Bonito","state":"Bahia","population":15844,"lat":-11.96944,"lng":-41.26583},{"city":"Tapiramutá","state":"Bahia","population":15818,"lat":-11.84722,"lng":-40.79139},{"city":"Conceição do Almeida","state":"Bahia","population":15794,"lat":-12.77944,"lng":-39.17},{"city":"Itatim","state":"Bahia","population":15737,"lat":-12.71194,"lng":-39.69806},{"city":"Mirangaba","state":"Bahia","population":15734,"lat":-10.95444,"lng":-40.57583},{"city":"Igaporã","state":"Bahia","population":15527,"lat":-13.77333,"lng":-42.71417},{"city":"Glória","state":"Bahia","population":15524,"lat":-9.33806,"lng":-38.25472},{"city":"Malhada","state":"Bahia","population":15398,"lat":-14.33611,"lng":-43.77361},{"city":"Urandi","state":"Bahia","population":15355,"lat":-14.77139,"lng":-42.655},{"city":"Teolândia","state":"Bahia","population":15332,"lat":-13.60234,"lng":-39.49241},{"city":"Itagibá","state":"Bahia","population":15310,"lat":-14.28361,"lng":-39.84278},{"city":"Barrocas","state":"Bahia","population":15203,"lat":-11.52833,"lng":-39.07639},{"city":"São Félix do Coribe","state":"Bahia","population":15194,"lat":-13.40056,"lng":-44.19472},{"city":"Biritinga","state":"Bahia","population":15146,"lat":-11.61667,"lng":-38.8},{"city":"América Dourada","state":"Bahia","population":15137,"lat":-11.45528,"lng":-41.43611},{"city":"Presidente Dutra","state":"Bahia","population":15130,"lat":-11.2951,"lng":-41.98605},{"city":"Andorinha","state":"Bahia","population":15012,"lat":-10.34472,"lng":-39.83556},{"city":"Salinas da Margarida","state":"Bahia","population":14987,"lat":-12.87111,"lng":-38.76444},{"city":"Santa Brígida","state":"Bahia","population":14965,"lat":-9.73611,"lng":-38.12778},{"city":"Buerarema","state":"Bahia","population":14804,"lat":-14.95944,"lng":-39.29972},{"city":"Sítio do Quinto","state":"Bahia","population":14773,"lat":-10.36565,"lng":-38.2028},{"city":"Pindaí","state":"Bahia","population":14731,"lat":-14.4925,"lng":-42.68722},{"city":"Ibitiara","state":"Bahia","population":14637,"lat":-12.65222,"lng":-42.21778},{"city":"Água Fria","state":"Bahia","population":14497,"lat":-11.86667,"lng":-38.76667},{"city":"Jitaúna","state":"Bahia","population":14355,"lat":-14.01274,"lng":-39.89833},{"city":"Antas","state":"Bahia","population":14206,"lat":-10.41181,"lng":-38.3312},{"city":"Adustina","state":"Bahia","population":14201,"lat":-10.53333,"lng":-38.1},{"city":"Barro Alto","state":"Bahia","population":14172,"lat":-11.76083,"lng":-41.91167},{"city":"Jacaraci","state":"Bahia","population":14136,"lat":-14.84972,"lng":-42.43333},{"city":"Lagoa Real","state":"Bahia","population":14105,"lat":-14.03472,"lng":-42.14222},{"city":"Cristópolis","state":"Bahia","population":13993,"lat":-12.23564,"lng":-44.41649},{"city":"Coribe","state":"Bahia","population":13990,"lat":-13.82917,"lng":-44.45444},{"city":"Pedro Alexandre","state":"Bahia","population":13954,"lat":-10.01252,"lng":-37.89466},{"city":"Aracatu","state":"Bahia","population":13936,"lat":-14.4275,"lng":-41.46194},{"city":"Ibicuí","state":"Bahia","population":13934,"lat":-14.84167,"lng":-39.98667},{"city":"Mansidão","state":"Bahia","population":13919,"lat":-10.71639,"lng":-44.03444},{"city":"Santa Luzia","state":"Bahia","population":13896,"lat":-15.42944,"lng":-39.33417},{"city":"Ibipitanga","state":"Bahia","population":13863,"lat":-12.88222,"lng":-42.48583},{"city":"Manoel Vitorino","state":"Bahia","population":13860,"lat":-14.1476,"lng":-40.24142},{"city":"Ribeira do Amparo","state":"Bahia","population":13841,"lat":-11.04722,"lng":-38.43333},{"city":"Barra do Mendes","state":"Bahia","population":13836,"lat":-11.81,"lng":-42.05861},{"city":"Itagi","state":"Bahia","population":13803,"lat":-14.16278,"lng":-40.00611},{"city":"Várzea da Roça","state":"Bahia","population":13800,"lat":-11.60667,"lng":-40.13722},{"city":"Acajutiba","state":"Bahia","population":13795,"lat":-11.66222,"lng":-38.01722},{"city":"Angical","state":"Bahia","population":13732,"lat":-12.00694,"lng":-44.69444},{"city":"Nova Canaã","state":"Bahia","population":13715,"lat":-14.79417,"lng":-40.1425},{"city":"Ipecaetá","state":"Bahia","population":13709,"lat":-12.31577,"lng":-39.30745},{"city":"Boa Nova","state":"Bahia","population":13690,"lat":-14.3625,"lng":-40.2075},{"city":"Retirolândia","state":"Bahia","population":13651,"lat":-11.495,"lng":-39.42556},{"city":"Umburanas","state":"Bahia","population":13642,"lat":-10.73278,"lng":-41.32639},{"city":"Jiquiriça","state":"Bahia","population":13629,"lat":-13.25667,"lng":-39.57222},{"city":"Boninal","state":"Bahia","population":13622,"lat":-12.70167,"lng":-41.8275},{"city":"Baianópolis","state":"Bahia","population":13614,"lat":-12.30754,"lng":-44.53923},{"city":"Mascote","state":"Bahia","population":13554,"lat":-15.56306,"lng":-39.3025},{"city":"Itaeté","state":"Bahia","population":13472,"lat":-12.98639,"lng":-40.9725},{"city":"Uibaí","state":"Bahia","population":13432,"lat":-11.33694,"lng":-42.1325},{"city":"Sítio do Mato","state":"Bahia","population":13408,"lat":-13.08472,"lng":-43.46528},{"city":"Várzea Nova","state":"Bahia","population":13377,"lat":-11.25552,"lng":-40.9469},{"city":"Serrolândia","state":"Bahia","population":13335,"lat":-11.41583,"lng":-40.30167},{"city":"Pé de Serra","state":"Bahia","population":13243,"lat":-11.83389,"lng":-39.6125},{"city":"Rio de Contas","state":"Bahia","population":13184,"lat":-13.5853,"lng":-41.81624},{"city":"Mulungu do Morro","state":"Bahia","population":13152,"lat":-11.96611,"lng":-41.63889},{"city":"Igrapiúna","state":"Bahia","population":13151,"lat":-13.82639,"lng":-39.14222},{"city":"Rio do Antônio","state":"Bahia","population":13146,"lat":-14.41139,"lng":-42.07556},{"city":"Caldeirão Grande","state":"Bahia","population":13080,"lat":-11.02,"lng":-40.30278},{"city":"Andaraí","state":"Bahia","population":13080,"lat":-12.80722,"lng":-41.33139},{"city":"Cotegipe","state":"Bahia","population":13063,"lat":-12.02833,"lng":-44.25778},{"city":"Candiba","state":"Bahia","population":13016,"lat":-14.41083,"lng":-42.86722},{"city":"Wanderley","state":"Bahia","population":12968,"lat":-12.12,"lng":-43.8875},{"city":"Brejões","state":"Bahia","population":12943,"lat":-13.10444,"lng":-39.79583},{"city":"Santana","state":"Bahia","population":12628,"lat":-14.46667,"lng":-41.8},{"city":"Presidente Jânio Quadros","state":"Bahia","population":12621,"lat":-14.68944,"lng":-41.67833},{"city":"Itaguaçu da Bahia","state":"Bahia","population":12311,"lat":-11.01299,"lng":-42.39859},{"city":"Heliópolis","state":"Bahia","population":12309,"lat":-10.68333,"lng":-38.28611},{"city":"Mucugê","state":"Bahia","population":12137,"lat":-13.00845,"lng":-41.37237},{"city":"Nilo Peçanha","state":"Bahia","population":12063,"lat":-13.59944,"lng":-39.10694},{"city":"Tabocas do Brejo Velho","state":"Bahia","population":11979,"lat":-12.70358,"lng":-44.00959},{"city":"Banzaê","state":"Bahia","population":11958,"lat":-10.57694,"lng":-38.61472},{"city":"Dom Basílio","state":"Bahia","population":11884,"lat":-13.76028,"lng":-41.77139},{"city":"Licínio de Almeida","state":"Bahia","population":11834,"lat":-14.68222,"lng":-42.5075},{"city":"Brotas de Macaúbas","state":"Bahia","population":11765,"lat":-11.99889,"lng":-42.62583},{"city":"Araçás","state":"Bahia","population":11557,"lat":-12.21111,"lng":-38.2025},{"city":"Saubara","state":"Bahia","population":11438,"lat":-12.7375,"lng":-38.76861},{"city":"Caetanos","state":"Bahia","population":11266,"lat":-14.3375,"lng":-40.90861},{"city":"Aurelino Leal","state":"Bahia","population":11179,"lat":-14.31667,"lng":-39.32722},{"city":"Terra Nova","state":"Bahia","population":11169,"lat":-12.36667,"lng":-40.66667},{"city":"Novo Horizonte","state":"Bahia","population":11162,"lat":-12.80833,"lng":-42.16778},{"city":"Antônio Cardoso","state":"Bahia","population":11146,"lat":-12.43528,"lng":-39.11972},{"city":"Mortugaba","state":"Bahia","population":11143,"lat":-15.02333,"lng":-42.36806},{"city":"Iuiu","state":"Bahia","population":11118,"lat":-14.41389,"lng":-43.55444},{"city":"Milagres","state":"Bahia","population":11071,"lat":-12.87,"lng":-39.85889},{"city":"Floresta Azul","state":"Bahia","population":11059,"lat":-14.86,"lng":-39.65972},{"city":"Anguera","state":"Bahia","population":11031,"lat":-12.15111,"lng":-39.24639},{"city":"São Félix","state":"Bahia","population":11026,"lat":-12.60472,"lng":-38.97222},{"city":"Botuporã","state":"Bahia","population":11024,"lat":-13.38167,"lng":-42.5225},{"city":"Itiruçu","state":"Bahia","population":10999,"lat":-13.53167,"lng":-40.15028},{"city":"Piraí do Norte","state":"Bahia","population":10974,"lat":-13.76194,"lng":-39.37889},{"city":"Gentio do Ouro","state":"Bahia","population":10884,"lat":-11.42889,"lng":-42.50278},{"city":"Antônio Gonçalves","state":"Bahia","population":10862,"lat":-10.57154,"lng":-40.27589},{"city":"Dário Meira","state":"Bahia","population":10820,"lat":-14.43639,"lng":-39.90778},{"city":"Terra Nova","state":"Bahia","population":10798,"lat":-12.39167,"lng":-38.625},{"city":"Lençóis","state":"Bahia","population":10774,"lat":-12.56306,"lng":-41.39},{"city":"Iramaia","state":"Bahia","population":10752,"lat":-13.28556,"lng":-40.95111},{"city":"Capela do Alto Alegre","state":"Bahia","population":10744,"lat":-11.66806,"lng":-39.83778},{"city":"Novo Triunfo","state":"Bahia","population":10660,"lat":-10.33503,"lng":-38.4201},{"city":"Érico Cardoso","state":"Bahia","population":10604,"lat":-13.41778,"lng":-42.14028},{"city":"Chorrochó","state":"Bahia","population":10579,"lat":-8.97972,"lng":-39.09639},{"city":"Rio do Pires","state":"Bahia","population":10497,"lat":-13.12778,"lng":-42.29194},{"city":"Saúde","state":"Bahia","population":10478,"lat":-10.94111,"lng":-40.41889},{"city":"Macajuba","state":"Bahia","population":10454,"lat":-12.13611,"lng":-40.36},{"city":"Muquém do São Francisco","state":"Bahia","population":10443,"lat":-12.06597,"lng":-43.54934},{"city":"Santa Terezinha","state":"Bahia","population":10441,"lat":-12.77194,"lng":-39.52333},{"city":"Ibiassucê","state":"Bahia","population":10429,"lat":-14.25944,"lng":-42.25694},{"city":"Caém","state":"Bahia","population":10384,"lat":-11.09206,"lng":-40.43521},{"city":"Itapé","state":"Bahia","population":10341,"lat":-14.89833,"lng":-39.42111},{"city":"Palmeiras","state":"Bahia","population":10339,"lat":-12.52889,"lng":-41.55889},{"city":"São Miguel das Matas","state":"Bahia","population":10334,"lat":-13.04778,"lng":-39.45556},{"city":"Matina","state":"Bahia","population":10330,"lat":-13.90944,"lng":-42.84944},{"city":"Santo Antônio do Jacinto","state":"Minas Gerais","population":10327,"lat":-16.53389,"lng":-40.17583},{"city":"Rodelas","state":"Bahia","population":10308,"lat":-8.84556,"lng":-38.76667},{"city":"Santa Inês","state":"Bahia","population":10300,"lat":-13.29222,"lng":-39.81889},{"city":"Itapitanga","state":"Bahia","population":10279,"lat":-14.42278,"lng":-39.565},{"city":"Potiraguá","state":"Bahia","population":10274,"lat":-15.59472,"lng":-39.87667},{"city":"Pintadas","state":"Bahia","population":10235,"lat":-11.8125,"lng":-39.90861},{"city":"Canápolis","state":"Bahia","population":10225,"lat":-13.07132,"lng":-44.20161},{"city":"Arataca","state":"Bahia","population":10191,"lat":-15.26333,"lng":-39.41444},{"city":"São José do Jacuípe","state":"Bahia","population":10187,"lat":-11.50389,"lng":-40.02222},{"city":"Mirante","state":"Bahia","population":10187,"lat":-14.24194,"lng":-40.77833},{"city":"Caraíbas","state":"Bahia","population":9940,"lat":-14.72583,"lng":-41.25917},{"city":"Ipupiara","state":"Bahia","population":9935,"lat":-11.82028,"lng":-42.61417},{"city":"Varzedo","state":"Bahia","population":9913,"lat":-12.97167,"lng":-39.39389},{"city":"Aramari","state":"Bahia","population":9833,"lat":-12.08167,"lng":-38.49917},{"city":"Ribeirão do Largo","state":"Bahia","population":9740,"lat":-15.45917,"lng":-40.74111},{"city":"Bom Jesus da Serra","state":"Bahia","population":9730,"lat":-14.37361,"lng":-40.50528},{"city":"Jucuruçu","state":"Bahia","population":9655,"lat":-16.84278,"lng":-40.15889},{"city":"São Felipe","state":"Bahia","population":9574,"lat":-14.84011,"lng":-41.39483},{"city":"Wagner","state":"Bahia","population":9503,"lat":-12.28694,"lng":-41.16833},{"city":"Quixabeira","state":"Bahia","population":9461,"lat":-11.41167,"lng":-40.12833},{"city":"Pau Brasil","state":"Bahia","population":9370,"lat":-15.46417,"lng":-39.65111},{"city":"Sebastião Laranjeiras","state":"Bahia","population":9360,"lat":-14.57306,"lng":-42.94028},{"city":"Jandaíra","state":"Bahia","population":9285,"lat":-11.56417,"lng":-37.78444},{"city":"Jaborandi","state":"Bahia","population":9275,"lat":-13.62034,"lng":-44.46968},{"city":"Marcionílio Souza","state":"Bahia","population":9267,"lat":-13.00306,"lng":-40.53056},{"city":"Itapebi","state":"Bahia","population":9174,"lat":-15.96909,"lng":-39.5334},{"city":"Piripá","state":"Bahia","population":9152,"lat":-14.94,"lng":-41.72},{"city":"Mata Verde","state":"Minas Gerais","population":9112,"lat":-15.68639,"lng":-40.74111},{"city":"Brejolândia","state":"Bahia","population":9108,"lat":-12.48563,"lng":-43.96099},{"city":"Lamarão","state":"Bahia","population":9015,"lat":-11.7933,"lng":-38.88435},{"city":"Ibirapuã","state":"Bahia","population":8896,"lat":-17.68778,"lng":-40.10917},{"city":"Caturama","state":"Bahia","population":8841,"lat":-13.32944,"lng":-42.29056},{"city":"Maiquinique","state":"Bahia","population":8731,"lat":-15.62111,"lng":-40.26611},{"city":"Santanópolis","state":"Bahia","population":8716,"lat":-12.02494,"lng":-38.8657},{"city":"Aratuípe","state":"Bahia","population":8677,"lat":-13.07889,"lng":-39.00167},{"city":"Malhada de Pedras","state":"Bahia","population":8670,"lat":-14.38806,"lng":-41.87917},{"city":"São Domingos","state":"Bahia","population":8426,"lat":-11.46556,"lng":-39.52611},{"city":"Cardeal da Silva","state":"Bahia","population":8365,"lat":-11.94167,"lng":-37.94861},{"city":"Itaquara","state":"Bahia","population":8153,"lat":-13.45083,"lng":-39.94111},{"city":"Várzea do Poço","state":"Bahia","population":8101,"lat":-11.52917,"lng":-40.32028},{"city":"Guajeru","state":"Bahia","population":8050,"lat":-14.54722,"lng":-41.94028},{"city":"Planaltino","state":"Bahia","population":8022,"lat":-13.25889,"lng":-40.36889},{"city":"Morpará","state":"Bahia","population":7996,"lat":-11.55861,"lng":-43.28083},{"city":"Nova Fátima","state":"Bahia","population":7967,"lat":-11.60847,"lng":-39.62993},{"city":"Elísio Medrado","state":"Bahia","population":7808,"lat":-12.94639,"lng":-39.52167},{"city":"Nova Itarana","state":"Bahia","population":7780,"lat":-13.02694,"lng":-40.06861},{"city":"Candeal","state":"Bahia","population":7772,"lat":-11.80806,"lng":-39.11917},{"city":"Tanquinho","state":"Bahia","population":7717,"lat":-11.97861,"lng":-39.10389},{"city":"Ouriçangas","state":"Bahia","population":7716,"lat":-12.01162,"lng":-38.62827},{"city":"Cordeiros","state":"Bahia","population":7546,"lat":-15.03861,"lng":-41.93472},{"city":"Nova Redenção","state":"Bahia","population":7538,"lat":-12.81715,"lng":-41.07077},{"city":"Lajedo do Tabocal","state":"Bahia","population":7494,"lat":-13.475,"lng":-40.22306},{"city":"Jussiape","state":"Bahia","population":7379,"lat":-13.51667,"lng":-41.5925},{"city":"Abaíra","state":"Bahia","population":7301,"lat":-13.24972,"lng":-41.66361},{"city":"Macururé","state":"Bahia","population":7256,"lat":-9.1675,"lng":-39.0575},{"city":"Muniz Ferreira","state":"Bahia","population":7190,"lat":-13.00278,"lng":-39.11},{"city":"Teodoro Sampaio","state":"Bahia","population":7110,"lat":-12.30353,"lng":-38.64069},{"city":"Itamari","state":"Bahia","population":7051,"lat":-13.77806,"lng":-39.68361},{"city":"Maetinga","state":"Bahia","population":6973,"lat":-14.66333,"lng":-41.49167},{"city":"Apuarema","state":"Bahia","population":6913,"lat":-13.85639,"lng":-39.74389},{"city":"Nova Ibiá","state":"Bahia","population":6501,"lat":-13.81,"lng":-39.62556},{"city":"Itagimirim","state":"Bahia","population":6347,"lat":-16.08756,"lng":-39.61629},{"city":"Pedrão","state":"Bahia","population":6235,"lat":-12.14573,"lng":-38.64251},{"city":"Caatiba","state":"Bahia","population":6205,"lat":-14.97667,"lng":-40.4075},{"city":"Ichu","state":"Bahia","population":6190,"lat":-11.74861,"lng":-39.19222},{"city":"Irajuba","state":"Bahia","population":6101,"lat":-13.25139,"lng":-40.08444},{"city":"Itaju do Colônia","state":"Bahia","population":6037,"lat":-15.1425,"lng":-39.72444},{"city":"Vereda","state":"Bahia","population":6003,"lat":-17.2225,"lng":-40.085},{"city":"Itanagra","state":"Bahia","population":5914,"lat":-12.26306,"lng":-38.04167},{"city":"Jussari","state":"Bahia","population":5888,"lat":-15.19139,"lng":-39.49528},{"city":"Barro Preto","state":"Bahia","population":5833,"lat":-14.80972,"lng":-39.47139},{"city":"Juvenília","state":"Minas Gerais","population":5789,"lat":-14.2625,"lng":-44.16028},{"city":"Barra do Rocha","state":"Bahia","population":5775,"lat":-14.2059,"lng":-39.60464},{"city":"Feira da Mata","state":"Bahia","population":5631,"lat":-14.21278,"lng":-44.28111},{"city":"Gongogi","state":"Bahia","population":5555,"lat":-14.32506,"lng":-39.46838},{"city":"São José da Vitória","state":"Bahia","population":5315,"lat":-15.08104,"lng":-39.33832},{"city":"Almadina","state":"Bahia","population":5218,"lat":-14.70528,"lng":-39.63722},{"city":"Firmino Alves","state":"Bahia","population":4873,"lat":-14.98528,"lng":-39.92361},{"city":"Laje","state":"Bahia","population":4708,"lat":-10.18355,"lng":-40.96144},{"city":"Santa Cruz da Vitória","state":"Bahia","population":4681,"lat":-14.96111,"lng":-39.81167},{"city":"Aiquara","state":"Bahia","population":4447,"lat":-14.12944,"lng":-39.88778},{"city":"Cravolândia","state":"Bahia","population":4415,"lat":-13.35861,"lng":-39.815},{"city":"Dom Macedo Costa","state":"Bahia","population":4407,"lat":-12.905,"lng":-39.1925},{"city":"Gavião","state":"Bahia","population":4360,"lat":-11.47056,"lng":-39.78389},{"city":"Contendas do Sincorá","state":"Bahia","population":4333,"lat":-13.76278,"lng":-41.04111},{"city":"Guaribas","state":"Piauí","population":4276,"lat":-9.39547,"lng":-43.69293},{"city":"Lafaiete Coutinho","state":"Bahia","population":4075,"lat":-13.65583,"lng":-40.2125},{"city":"Lajedão","state":"Bahia","population":3845,"lat":-17.61361,"lng":-40.34472},{"city":"Ibiquera","state":"Bahia","population":3725,"lat":-12.65111,"lng":-40.93361},{"city":"Lajedinho","state":"Bahia","population":3527,"lat":-12.35583,"lng":-40.90556},{"city":"Beira Rio","state":"Bahia","population":3500,"lat":-12.25438,"lng":-42.75529},{"city":"Catolândia","state":"Bahia","population":3434,"lat":-12.31806,"lng":-44.86111},{"city":"Umburatiba","state":"Minas Gerais","population":2684,"lat":-17.25583,"lng":-40.57278},{"city":"Caravelas","state":"Bahia","population":2580,"lat":-17.71255,"lng":-39.24814},{"city":"Praia do Baixio","state":"Bahia","population":750,"lat":-12.10599,"lng":-37.69413},{"city":"Segrêdo","state":"Bahia","population":0,"lat":-12.01477,"lng":-41.66952},{"city":"Iguaba","state":"Bahia","population":0,"lat":-10.28501,"lng":-37.92673},{"city":"Teixeira de Freitas","state":"Bahia","population":0,"lat":-17.535,"lng":-39.74194},{"city":"São José do Jacuípe","state":"Bahia","population":0,"lat":-11.42316,"lng":-39.88503}]}}