{"timezone":"America/Argentina/Buenos_Aires","countries":{"Argentina":[{"city":"Buenos Aires","state":"Buenos Aires F.D.","population":2891082,"lat":-34.61315,"lng":-58.37723},{"city":"Mar del Plata","state":"Buenos Aires","population":593337,"lat":-38.00042,"lng":-57.5562},{"city":"Bahía Blanca","state":"Buenos Aires","population":299101,"lat":-38.7176,"lng":-62.26545},{"city":"Merlo","state":"Buenos Aires","population":268961,"lat":-34.66536,"lng":-58.72744},{"city":"Quilmes","state":"Buenos Aires","population":262379,"lat":-34.72065,"lng":-58.25454},{"city":"José C. Paz","state":"Buenos Aires","population":230208,"lat":-34.51541,"lng":-58.76813},{"city":"La Plata","state":"Buenos Aires","population":195443,"lat":-34.92126,"lng":-57.95442},{"city":"Berazategui","state":"Buenos Aires","population":180523,"lat":-34.76531,"lng":-58.21278},{"city":"San Miguel","state":"Buenos Aires","population":168762,"lat":-34.54335,"lng":-58.71229},{"city":"Balvanera","state":"Buenos Aires F.D.","population":152198,"lat":-34.61032,"lng":-58.39766},{"city":"Belgrano","state":"Buenos Aires F.D.","population":138942,"lat":-34.5627,"lng":-58.45829},{"city":"San Nicolás de los Arroyos","state":"Buenos Aires","population":134217,"lat":-33.33425,"lng":-60.2108},{"city":"Tandil","state":"Buenos Aires","population":115877,"lat":-37.3287,"lng":-59.1369},{"city":"Villa Lugano","state":"Buenos Aires F.D.","population":114000,"lat":-34.67907,"lng":-58.47263},{"city":"Lomas de Zamora","state":"Buenos Aires","population":111897,"lat":-34.7574,"lng":-58.40279},{"city":"Castelar","state":"Buenos Aires","population":107786,"lat":-34.65142,"lng":-58.64074},{"city":"San Justo","state":"Buenos Aires","population":105274,"lat":-34.68107,"lng":-58.56379},{"city":"Morón","state":"Buenos Aires","population":99066,"lat":-34.65118,"lng":-58.62205},{"city":"Zárate","state":"Buenos Aires","population":99061,"lat":-34.09584,"lng":-59.02423},{"city":"Luján","state":"Buenos Aires","population":97363,"lat":-34.5664,"lng":-59.11478},{"city":"Pergamino","state":"Buenos Aires","population":91399,"lat":-33.89101,"lng":-60.57462},{"city":"Olavarría","state":"Buenos Aires","population":89721,"lat":-36.89384,"lng":-60.32319},{"city":"Junín","state":"Buenos Aires","population":87509,"lat":-34.59391,"lng":-60.94644},{"city":"Campana","state":"Buenos Aires","population":86860,"lat":-34.16327,"lng":-58.95919},{"city":"Pilar","state":"Buenos Aires","population":81120,"lat":-34.45867,"lng":-58.91398},{"city":"Bella Vista","state":"Buenos Aires","population":79737,"lat":-34.5651,"lng":-58.69034},{"city":"Barracas","state":"Buenos Aires F.D.","population":77474,"lat":-34.64966,"lng":-58.38341},{"city":"Necochea","state":"Buenos Aires","population":73557,"lat":-38.5545,"lng":-58.73961},{"city":"Don Torcuato","state":"Buenos Aires","population":71356,"lat":-34.49459,"lng":-58.62729},{"city":"Mercedes","state":"Buenos Aires","population":63284,"lat":-34.65072,"lng":-59.43143},{"city":"Hurlingham","state":"Buenos Aires","population":60000,"lat":-34.5904,"lng":-58.62904},{"city":"El Palomar","state":"Buenos Aires","population":59031,"lat":-34.61771,"lng":-58.60153},{"city":"Punta Alta","state":"Buenos Aires","population":57209,"lat":-38.8805,"lng":-62.07503},{"city":"Colegiales","state":"Buenos Aires F.D.","population":57000,"lat":-34.57365,"lng":-58.44924},{"city":"Chivilcoy","state":"Buenos Aires","population":54514,"lat":-34.8969,"lng":-60.01909},{"city":"Azul","state":"Buenos Aires","population":53941,"lat":-36.77803,"lng":-59.85848},{"city":"Los Polvorines","state":"Buenos Aires","population":53354,"lat":-34.50316,"lng":-58.70596},{"city":"Boedo","state":"Buenos Aires F.D.","population":48231,"lat":-34.63333,"lng":-58.41667},{"city":"Chascomús","state":"Buenos Aires","population":47524,"lat":-35.57681,"lng":-58.01215},{"city":"San Pedro","state":"Buenos Aires","population":47452,"lat":-33.67918,"lng":-59.66633},{"city":"Tres Arroyos","state":"Buenos Aires","population":47136,"lat":-38.37694,"lng":-60.27563},{"city":"San Isidro","state":"Buenos Aires","population":45190,"lat":-34.46971,"lng":-58.52111},{"city":"Pehuajó","state":"Buenos Aires","population":44783,"lat":-35.81081,"lng":-61.89897},{"city":"Villa de Mayo","state":"Buenos Aires","population":43405,"lat":-34.5108,"lng":-58.68059},{"city":"General Pacheco","state":"Buenos Aires","population":43287,"lat":-34.45256,"lng":-58.64312},{"city":"Lincoln","state":"Buenos Aires","population":41808,"lat":-34.86819,"lng":-61.52929},{"city":"Tortuguitas","state":"Buenos Aires","population":41390,"lat":-34.47513,"lng":-58.75367},{"city":"Salto","state":"Buenos Aires","population":40157,"lat":-34.29175,"lng":-60.2545},{"city":"Balcarce","state":"Buenos Aires","population":38823,"lat":-37.84638,"lng":-58.25549},{"city":"Retiro","state":"Buenos Aires F.D.","population":38635,"lat":-34.58333,"lng":-58.38333},{"city":"Ingeniero Pablo Nogués","state":"Buenos Aires","population":38470,"lat":-34.47775,"lng":-58.70652},{"city":"San Antonio de Padua","state":"Buenos Aires","population":37745,"lat":-34.66267,"lng":-58.69819},{"city":"Haedo","state":"Buenos Aires","population":37745,"lat":-34.64239,"lng":-58.59212},{"city":"Santos Lugares","state":"Buenos Aires","population":37267,"lat":-34.60306,"lng":-58.54074},{"city":"Saladillo","state":"Buenos Aires","population":35669,"lat":-35.63884,"lng":-59.77938},{"city":"Nueve de Julio","state":"Buenos Aires","population":34718,"lat":-35.44394,"lng":-60.88463},{"city":"Chacabuco","state":"Buenos Aires","population":34587,"lat":-34.64203,"lng":-60.47124},{"city":"Villa Santa Rita","state":"Buenos Aires F.D.","population":34000,"lat":-34.61082,"lng":-58.481},{"city":"Pontevedra","state":"Buenos Aires","population":33515,"lat":-34.74947,"lng":-58.70158},{"city":"Tigre","state":"Buenos Aires","population":31106,"lat":-34.42603,"lng":-58.57962},{"city":"Adrogué","state":"Buenos Aires","population":28265,"lat":-34.80041,"lng":-58.38384},{"city":"Coronel Suárez","state":"Buenos Aires","population":27000,"lat":-37.45859,"lng":-61.93294},{"city":"Muñiz","state":"Buenos Aires","population":26844,"lat":-34.55622,"lng":-58.70739},{"city":"Arrecifes","state":"Buenos Aires","population":26400,"lat":-34.06306,"lng":-60.10261},{"city":"Dolores","state":"Buenos Aires","population":25190,"lat":-36.31539,"lng":-57.67546},{"city":"Veinticinco de Mayo","state":"Buenos Aires","population":24668,"lat":-35.43247,"lng":-60.17156},{"city":"Avellaneda","state":"Buenos Aires","population":23341,"lat":-29.11761,"lng":-59.65834},{"city":"Villa Gesell","state":"Buenos Aires","population":23257,"lat":-37.26394,"lng":-56.97304},{"city":"Villa Ortúzar","state":"Buenos Aires F.D.","population":22500,"lat":-34.57973,"lng":-58.46829},{"city":"Carmen de Patagones","state":"Buenos Aires","population":20533,"lat":-40.80255,"lng":-62.98349},{"city":"Villa Sarmiento","state":"Buenos Aires","population":17481,"lat":-34.63364,"lng":-58.57047},{"city":"Ayacucho","state":"Buenos Aires","population":17364,"lat":-37.15276,"lng":-58.48838},{"city":"General Villegas","state":"Buenos Aires","population":16270,"lat":-35.03264,"lng":-63.01484},{"city":"Coronel Dorrego","state":"Buenos Aires","population":11644,"lat":-38.71872,"lng":-61.28849},{"city":"San Clemente del Tuyú","state":"Buenos Aires","population":11174,"lat":-36.35419,"lng":-56.72568},{"city":"Tapalqué","state":"Buenos Aires","population":6605,"lat":-36.35624,"lng":-60.02511},{"city":"Estación Camet","state":"Buenos Aires","population":5241,"lat":-37.88876,"lng":-57.60563},{"city":"Open Door","state":"Buenos Aires","population":5014,"lat":-34.49113,"lng":-59.07531},{"city":"Tres Algarrobos","state":"Buenos Aires","population":2993,"lat":-35.1956,"lng":-62.77423},{"city":"Alfredo Demarchi","state":"Buenos Aires","population":1853,"lat":-35.29238,"lng":-61.40573},{"city":"Santa Catalina - Dique Lujan","state":"Buenos Aires","population":1600,"lat":-34.38375,"lng":-58.70673},{"city":"Cariló","state":"Buenos Aires","population":1553,"lat":-37.16524,"lng":-56.89133},{"city":"Mar de las Pampas","state":"Buenos Aires","population":1000,"lat":-37.32512,"lng":-57.02179},{"city":"Verónica","state":"Buenos Aires","population":0,"lat":-35.38732,"lng":-57.33839},{"city":"Suipacha","state":"Buenos Aires","population":0,"lat":-34.76881,"lng":-59.68683},{"city":"San Vicente","state":"Buenos Aires","population":0,"lat":-35.0249,"lng":-58.42409},{"city":"San Miguel del Monte","state":"Buenos Aires","population":0,"lat":-35.43922,"lng":-58.80741},{"city":"San Cayetano","state":"Buenos Aires","population":0,"lat":-38.34677,"lng":-59.60938},{"city":"San Antonio de Areco","state":"Buenos Aires","population":0,"lat":-34.25083,"lng":-59.46944},{"city":"San Andrés de Giles","state":"Buenos Aires","population":0,"lat":-34.44738,"lng":-59.44442},{"city":"Roque Pérez","state":"Buenos Aires","population":0,"lat":-35.40058,"lng":-59.33483},{"city":"Rauch","state":"Buenos Aires","population":0,"lat":-36.77441,"lng":-59.08829},{"city":"Ranchos","state":"Buenos Aires","population":0,"lat":-35.51601,"lng":-58.3188},{"city":"Pinamar","state":"Buenos Aires","population":0,"lat":-37.11108,"lng":-56.86523},{"city":"Pila","state":"Buenos Aires","population":0,"lat":-36.00418,"lng":-58.14107},{"city":"Olivos","state":"Buenos Aires","population":0,"lat":-34.50872,"lng":-58.48026},{"city":"Navarro","state":"Buenos Aires","population":0,"lat":-35.00587,"lng":-59.27828},{"city":"Miramar","state":"Buenos Aires","population":0,"lat":-38.27161,"lng":-57.8389},{"city":"Mar del Tuyú","state":"Buenos Aires","population":0,"lat":-36.57429,"lng":-56.6939},{"city":"Marcos Paz","state":"Buenos Aires","population":0,"lat":-34.78233,"lng":-58.83777},{"city":"Maipú","state":"Buenos Aires","population":0,"lat":-36.86296,"lng":-57.88312},{"city":"Magdalena","state":"Buenos Aires","population":0,"lat":-35.07997,"lng":-57.51368},{"city":"Lobos","state":"Buenos Aires","population":0,"lat":-35.18537,"lng":-59.09788},{"city":"Lobería","state":"Buenos Aires","population":0,"lat":-38.16338,"lng":-58.78185},{"city":"Las Flores","state":"Buenos Aires","population":0,"lat":-36.01427,"lng":-59.09986},{"city":"Lanús","state":"Buenos Aires","population":0,"lat":-34.70757,"lng":-58.39132},{"city":"Ituzaingó","state":"Buenos Aires","population":0,"lat":-34.66041,"lng":-58.66624},{"city":"Ciudad del Libertador General San Martín","state":"Buenos Aires","population":0,"lat":-34.57789,"lng":-58.53864},{"city":"General Rodríguez","state":"Buenos Aires","population":0,"lat":-34.60658,"lng":-58.95221},{"city":"General Lavalle","state":"Buenos Aires","population":0,"lat":-36.40809,"lng":-56.94336},{"city":"General Las Heras","state":"Buenos Aires","population":0,"lat":-34.92682,"lng":-58.94667},{"city":"General Juan Madariaga","state":"Buenos Aires","population":0,"lat":-37.00196,"lng":-57.13584},{"city":"General Guido","state":"Buenos Aires","population":0,"lat":-36.64168,"lng":-57.79213},{"city":"General Conesa","state":"Buenos Aires","population":0,"lat":-36.52086,"lng":-57.32494},{"city":"General Belgrano","state":"Buenos Aires","population":0,"lat":-35.76842,"lng":-58.49444},{"city":"San Juan Bautista","state":"Buenos Aires","population":0,"lat":-34.80896,"lng":-58.27623},{"city":"Ezeiza","state":"Buenos Aires","population":0,"lat":-34.8544,"lng":-58.52474},{"city":"Ensenada","state":"Buenos Aires","population":0,"lat":-34.86074,"lng":-57.91238},{"city":"Coronel Vidal","state":"Buenos Aires","population":0,"lat":-37.44652,"lng":-57.72939},{"city":"Castelli","state":"Buenos Aires","population":0,"lat":-36.09092,"lng":-57.80748},{"city":"Caseros","state":"Buenos Aires","population":0,"lat":-34.60688,"lng":-58.56392},{"city":"Carmen de Areco","state":"Buenos Aires","population":0,"lat":-34.3766,"lng":-59.82272},{"city":"Capitán Sarmiento","state":"Buenos Aires","population":0,"lat":-34.1713,"lng":-59.79146},{"city":"Capilla del Señor","state":"Buenos Aires","population":0,"lat":-34.29169,"lng":-59.10126},{"city":"Cañuelas","state":"Buenos Aires","population":0,"lat":-35.05379,"lng":-58.76205},{"city":"Coronel Brandsen","state":"Buenos Aires","population":0,"lat":-35.16799,"lng":-58.23742},{"city":"Berisso","state":"Buenos Aires","population":0,"lat":-34.8715,"lng":-57.88328},{"city":"Benito Juárez","state":"Buenos Aires","population":0,"lat":-37.67188,"lng":-59.80653},{"city":"Belén de Escobar","state":"Buenos Aires","population":0,"lat":-34.34602,"lng":-58.79442},{"city":"Baradero","state":"Buenos Aires","population":0,"lat":-33.81199,"lng":-59.50467},{"city":"Guernica","state":"Buenos Aires","population":0,"lat":-34.9162,"lng":-58.38111},{"city":"Vedia","state":"Buenos Aires","population":0,"lat":-34.49791,"lng":-61.54231},{"city":"Tres Lomas","state":"Buenos Aires","population":0,"lat":-36.45912,"lng":-62.86243},{"city":"Trenque Lauquen","state":"Buenos Aires","population":0,"lat":-35.97334,"lng":-62.73275},{"city":"Tornquist","state":"Buenos Aires","population":0,"lat":-38.10128,"lng":-62.22295},{"city":"San Carlos de Bolívar","state":"Buenos Aires","population":0,"lat":-36.23071,"lng":-61.1157},{"city":"Salliqueló","state":"Buenos Aires","population":0,"lat":-36.75151,"lng":-62.95913},{"city":"Rojas","state":"Buenos Aires","population":0,"lat":-34.19774,"lng":-60.7337},{"city":"Ramallo","state":"Buenos Aires","population":0,"lat":-33.48508,"lng":-60.00629},{"city":"Puán","state":"Buenos Aires","population":0,"lat":-37.5481,"lng":-62.76834},{"city":"Pigüé","state":"Buenos Aires","population":0,"lat":-37.60255,"lng":-62.40836},{"city":"Pellegrini","state":"Buenos Aires","population":0,"lat":-36.26725,"lng":-63.16518},{"city":"Monte Hermoso","state":"Buenos Aires","population":0,"lat":-38.9825,"lng":-61.29472},{"city":"Médanos","state":"Buenos Aires","population":0,"lat":-38.82923,"lng":-62.69348},{"city":"Laprida","state":"Buenos Aires","population":0,"lat":-37.54423,"lng":-60.80103},{"city":"Henderson","state":"Buenos Aires","population":0,"lat":-36.29818,"lng":-61.71856},{"city":"Guaminí","state":"Buenos Aires","population":0,"lat":-37.01381,"lng":-62.41858},{"city":"Los Toldos","state":"Buenos Aires","population":0,"lat":-34.99997,"lng":-61.03874},{"city":"General Pinto","state":"Buenos Aires","population":0,"lat":-34.76431,"lng":-61.89154},{"city":"General La Madrid","state":"Buenos Aires","population":0,"lat":-37.24675,"lng":-61.26312},{"city":"General Arenales","state":"Buenos Aires","population":0,"lat":-34.30337,"lng":-61.30708},{"city":"General Alvear","state":"Buenos Aires","population":0,"lat":-36.02174,"lng":-60.0145},{"city":"Daireaux","state":"Buenos Aires","population":0,"lat":-36.60023,"lng":-61.74997},{"city":"Coronel Pringles","state":"Buenos Aires","population":0,"lat":-37.98567,"lng":-61.3504},{"city":"Colón","state":"Buenos Aires","population":0,"lat":-33.89713,"lng":-61.09942},{"city":"Carlos Tejedor","state":"Buenos Aires","population":0,"lat":-35.39155,"lng":-62.41982},{"city":"Carlos Casares","state":"Buenos Aires","population":0,"lat":-35.62247,"lng":-61.3655},{"city":"Carhué","state":"Buenos Aires","population":0,"lat":-37.17948,"lng":-62.75999},{"city":"Bragado","state":"Buenos Aires","population":0,"lat":-35.11557,"lng":-60.48965},{"city":"Florentino Ameghino","state":"Buenos Aires","population":0,"lat":-34.84405,"lng":-62.46701},{"city":"Alberti","state":"Buenos Aires","population":0,"lat":-35.03157,"lng":-60.28029},{"city":"Adolfo Gonzáles Chaves","state":"Buenos Aires","population":0,"lat":-38.03241,"lng":-60.09941},{"city":"Avellaneda","state":"Buenos Aires","population":0,"lat":-34.66018,"lng":-58.36744}]}}