{"timezone":"America/Puerto_Rico","countries":{"Puerto Rico":[{"city":"San Juan","state":"San Juan","population":418140,"lat":18.46633,"lng":-66.10572},{"city":"Bayamón","state":"Bayamón","population":203499,"lat":18.39856,"lng":-66.15572},{"city":"Carolina","state":"Carolina","population":170404,"lat":18.38078,"lng":-65.95739},{"city":"Ponce","state":"Ponce","population":137491,"lat":18.01031,"lng":-66.62398},{"city":"Arecibo","state":"Arecibo","population":87754,"lat":18.47245,"lng":-66.71573},{"city":"Caguas","state":"Caguas","population":86804,"lat":18.23412,"lng":-66.0485},{"city":"Guaynabo","state":"Guaynabo","population":81360,"lat":18.35745,"lng":-66.111},{"city":"Trujillo Alto","state":"Trujillo Alto","population":75243,"lat":18.35467,"lng":-66.00739},{"city":"Mayagüez","state":"Mayagüez","population":73077,"lat":18.20107,"lng":-67.13962},{"city":"Fajardo","state":"Fajardo","population":32124,"lat":18.32579,"lng":-65.65238},{"city":"Levittown","state":"Toa Baja","population":29785,"lat":18.44995,"lng":-66.18156},{"city":"Vega Baja","state":"Vega Baja","population":29325,"lat":18.44439,"lng":-66.38767},{"city":"Cataño","state":"Cataño","population":28093,"lat":18.44134,"lng":-66.11822},{"city":"Barceloneta","state":"Barceloneta","population":22322,"lat":18.4505,"lng":-66.53851},{"city":"Guayama","state":"Guayama","population":21575,"lat":17.98413,"lng":-66.11378},{"city":"Humacao","state":"Humacao","population":20387,"lat":18.14968,"lng":-65.82738},{"city":"Yauco","state":"Yauco","population":20295,"lat":18.03496,"lng":-66.8499},{"city":"Cayey","state":"Cayey","population":18494,"lat":18.11191,"lng":-66.166},{"city":"Candelaria","state":"Toa Baja","population":17631,"lat":18.40411,"lng":-66.20878},{"city":"Manatí","state":"Manatí","population":16092,"lat":18.42745,"lng":-66.49212},{"city":"Aguadilla","state":"Aguadilla","population":16073,"lat":18.42745,"lng":-67.15407},{"city":"Río Grande","state":"Río Grande","population":13467,"lat":18.38023,"lng":-65.83127},{"city":"Dorado","state":"Dorado","population":13117,"lat":18.45883,"lng":-66.26767},{"city":"Isabela","state":"Isabela","population":12505,"lat":18.50078,"lng":-67.02435},{"city":"San Germán","state":"San Germán","population":12055,"lat":18.08163,"lng":-67.0449},{"city":"Vega Alta","state":"Vega Alta","population":12036,"lat":18.41217,"lng":-66.33128},{"city":"Coamo","state":"Coamo","population":11940,"lat":18.07996,"lng":-66.35795},{"city":"Hormigueros","state":"Hormigueros","population":11934,"lat":18.13968,"lng":-67.1274},{"city":"San Sebastián","state":"San Sebastián","population":11590,"lat":18.33662,"lng":-66.99018},{"city":"Corozal","state":"Corozal","population":11297,"lat":18.34106,"lng":-66.31684},{"city":"Cabo Rojo","state":"Cabo Rojo","population":10839,"lat":18.08663,"lng":-67.14573},{"city":"Utuado","state":"Utuado","population":9844,"lat":18.26551,"lng":-66.70045},{"city":"Pájaros","state":"Toa Alta","population":9466,"lat":18.36856,"lng":-66.21683},{"city":"Juana Díaz","state":"Juana Díaz","population":9427,"lat":18.05246,"lng":-66.50656},{"city":"San Lorenzo","state":"San Lorenzo","population":9373,"lat":18.1894,"lng":-65.961},{"city":"Isabel Segunda","state":"Vieques","population":9301,"lat":18.14913,"lng":-65.44266},{"city":"Guánica","state":"Guánica","population":9224,"lat":17.97163,"lng":-66.90795},{"city":"Gurabo","state":"Gurabo","population":8973,"lat":18.2544,"lng":-65.97294},{"city":"Sabana Grande","state":"Sabana Grande","population":8961,"lat":18.07774,"lng":-66.96045},{"city":"Aibonito","state":"Aibonito","population":8947,"lat":18.13996,"lng":-66.266},{"city":"Juncos","state":"Juncos","population":8905,"lat":18.22746,"lng":-65.921},{"city":"Canovanas","state":"Canóvanas","population":8437,"lat":18.3751,"lng":-65.89934},{"city":"Luquillo","state":"Luquillo","population":8326,"lat":18.37245,"lng":-65.71655},{"city":"San Isidro","state":"Canóvanas","population":8071,"lat":18.39217,"lng":-65.88544},{"city":"Campanilla","state":"Toa Baja","population":7757,"lat":18.42134,"lng":-66.23683},{"city":"Arroyo","state":"Arroyo","population":7520,"lat":17.9658,"lng":-66.06128},{"city":"Santa Isabel","state":"Santa Isabel","population":7260,"lat":17.96608,"lng":-66.40489},{"city":"Lares","state":"Lares","population":7184,"lat":18.29467,"lng":-66.87712},{"city":"Yabucoa","state":"Yabucoa","population":6952,"lat":18.05052,"lng":-65.87933},{"city":"Peñuelas","state":"Peñuelas","population":6847,"lat":18.05635,"lng":-66.72156},{"city":"Las Piedras","state":"Las Piedras","population":6655,"lat":18.18301,"lng":-65.86627},{"city":"Ceiba","state":"Vega Alta","population":6576,"lat":18.44634,"lng":-66.35073},{"city":"San Antonio","state":"Dorado","population":6456,"lat":18.44884,"lng":-66.30267},{"city":"Salinas","state":"Salinas","population":6375,"lat":17.97747,"lng":-66.29795},{"city":"Ceiba","state":"Ceiba","population":6277,"lat":18.26412,"lng":-65.6485},{"city":"Sabana Seca","state":"Toa Baja","population":6247,"lat":18.42689,"lng":-66.18461},{"city":"Puerto Real","state":"Cabo Rojo","population":6166,"lat":18.07496,"lng":-67.18712},{"city":"Añasco","state":"Añasco","population":6136,"lat":18.28273,"lng":-67.13962},{"city":"Estancias de Florida","state":"Florida","population":5972,"lat":18.36662,"lng":-66.56962},{"city":"Candelaria Arenas","state":"Toa Baja","population":5854,"lat":18.41717,"lng":-66.21739},{"city":"Coco","state":"Salinas","population":5803,"lat":18.00719,"lng":-66.25933},{"city":"Punta Santiago","state":"Humacao","population":5803,"lat":18.16635,"lng":-65.74822},{"city":"Ingenio","state":"Toa Baja","population":5664,"lat":18.44217,"lng":-66.226},{"city":"Florida","state":"Florida","population":5652,"lat":18.36245,"lng":-66.56128},{"city":"Hatillo","state":"Hatillo","population":5622,"lat":18.48633,"lng":-66.82545},{"city":"Quebradillas","state":"Quebradillas","population":5620,"lat":18.47383,"lng":-66.93851},{"city":"Lajas","state":"Lajas","population":5255,"lat":18.04996,"lng":-67.05934},{"city":"Guayanilla","state":"Guayanilla","population":5213,"lat":18.01913,"lng":-66.79184},{"city":"Santa Barbara","state":"Canóvanas","population":5168,"lat":18.39356,"lng":-65.91878},{"city":"Adjuntas","state":"Adjuntas","population":5080,"lat":18.16274,"lng":-66.72212},{"city":"Eleanor Roosevelt","state":"San Juan","population":5075,"lat":18.41634,"lng":-66.06405},{"city":"Cidra","state":"Cidra","population":5067,"lat":18.17579,"lng":-66.16128},{"city":"Moca","state":"Moca","population":4964,"lat":18.39467,"lng":-67.11324},{"city":"Aguilita","state":"Juana Díaz","population":4922,"lat":18.0233,"lng":-66.53462},{"city":"Comerío","state":"Comerío","population":4649,"lat":18.21801,"lng":-66.226},{"city":"Naguabo","state":"Naguabo","population":4643,"lat":18.21162,"lng":-65.73488},{"city":"Aguas Buenas","state":"Aguas Buenas","population":4576,"lat":18.2569,"lng":-66.10294},{"city":"Villalba","state":"Villalba","population":4555,"lat":18.12718,"lng":-66.49212},{"city":"Toa Alta","state":"Toa Alta","population":4483,"lat":18.38828,"lng":-66.24822},{"city":"Celada","state":"Gurabo","population":4435,"lat":18.27162,"lng":-65.966},{"city":"Vieques","state":"Loíza","population":4325,"lat":18.42495,"lng":-65.83294},{"city":"Loíza","state":"Loíza","population":4311,"lat":18.43134,"lng":-65.88016},{"city":"Patillas","state":"Patillas","population":4247,"lat":18.00635,"lng":-66.01572},{"city":"Camuy","state":"Camuy","population":4240,"lat":18.48383,"lng":-66.8449},{"city":"Aguada","state":"Aguada","population":4040,"lat":18.37939,"lng":-67.18824},{"city":"Caban","state":"Aguadilla","population":3959,"lat":18.44328,"lng":-67.13601},{"city":"Bajadero","state":"Arecibo","population":3877,"lat":18.42661,"lng":-66.68323},{"city":"Potala Pastillo","state":"Juana Díaz","population":3819,"lat":17.99135,"lng":-66.49656},{"city":"Santo Domingo","state":"Peñuelas","population":3633,"lat":18.0633,"lng":-66.7524},{"city":"Coto Laurel","state":"Ponce","population":3606,"lat":18.04969,"lng":-66.55128},{"city":"Coquí","state":"Salinas","population":3590,"lat":17.97413,"lng":-66.22711},{"city":"Jayuya","state":"Jayuya","population":3587,"lat":18.21857,"lng":-66.59156},{"city":"Luyando","state":"Aguada","population":3553,"lat":18.36439,"lng":-67.1574},{"city":"La Dolores","state":"Río Grande","population":3534,"lat":18.3755,"lng":-65.85572},{"city":"Aguas Claras","state":"Ceiba","population":3499,"lat":18.25273,"lng":-65.6535},{"city":"Jobos","state":"Guayama","population":3475,"lat":17.95524,"lng":-66.16544},{"city":"Luis Llorens Torres","state":"Juana Díaz","population":3328,"lat":18.05691,"lng":-66.52684},{"city":"San José","state":"Toa Baja","population":3278,"lat":18.39828,"lng":-66.25572},{"city":"Ciales","state":"Ciales","population":3256,"lat":18.33606,"lng":-66.46878},{"city":"Campo Rico","state":"Canóvanas","population":3218,"lat":18.33717,"lng":-65.89794},{"city":"Capitanejo","state":"Juana Díaz","population":3209,"lat":18.01454,"lng":-66.53372},{"city":"La Fermina","state":"Las Piedras","population":3177,"lat":18.17551,"lng":-65.8535},{"city":"Emajagua","state":"Maunabo","population":3099,"lat":18.00052,"lng":-65.88266},{"city":"Barranquitas","state":"Barranquitas","population":3021,"lat":18.18662,"lng":-66.30628},{"city":"Imbery","state":"Barceloneta","population":3021,"lat":18.43689,"lng":-66.55239},{"city":"Corazón","state":"Guayama","population":2925,"lat":17.99274,"lng":-66.08489},{"city":"La Luisa","state":"Manatí","population":2887,"lat":18.44884,"lng":-66.50989},{"city":"Martorell","state":"Yabucoa","population":2884,"lat":18.07607,"lng":-65.89822},{"city":"Palmas","state":"Arroyo","population":2829,"lat":17.98719,"lng":-66.02544},{"city":"Monserrate","state":"Vega Baja","population":2756,"lat":18.43661,"lng":-66.35961},{"city":"Galateo","state":"Toa Alta","population":2705,"lat":18.36245,"lng":-66.25878},{"city":"Luis M. Cintron","state":"Fajardo","population":2634,"lat":18.29968,"lng":-65.63849},{"city":"Barahona","state":"Morovis","population":2632,"lat":18.35134,"lng":-66.44545},{"city":"Carrizales","state":"Hatillo","population":2556,"lat":18.48189,"lng":-66.7899},{"city":"Olimpo","state":"Guayama","population":2493,"lat":18.00191,"lng":-66.10822},{"city":"Hato Candal","state":"Río Grande","population":2453,"lat":18.37439,"lng":-65.78711},{"city":"Morovis","state":"Morovis","population":2414,"lat":18.32578,"lng":-66.40656},{"city":"Mariano Colón","state":"Coamo","population":2387,"lat":18.0233,"lng":-66.33239},{"city":"H. Rivera Colon","state":"Toa Alta","population":2379,"lat":18.34773,"lng":-66.27378},{"city":"Guayabal","state":"Juana Díaz","population":2377,"lat":18.08135,"lng":-66.50128},{"city":"Tierras Nuevas Poniente","state":"Manatí","population":2366,"lat":18.46189,"lng":-66.4885},{"city":"Bairoa","state":"Caguas","population":2365,"lat":18.25912,"lng":-66.04044},{"city":"Río Lajas","state":"Dorado","population":2349,"lat":18.39467,"lng":-66.26767},{"city":"Rafael Gonzalez","state":"Hatillo","population":2325,"lat":18.42745,"lng":-66.78684},{"city":"Palomas","state":"Yauco","population":2321,"lat":18.01358,"lng":-66.87323},{"city":"Los Llanos","state":"Coamo","population":2301,"lat":18.05524,"lng":-66.40573},{"city":"San Antonio","state":"Aguadilla","population":2300,"lat":18.49217,"lng":-67.09851},{"city":"Vázquez","state":"Salinas","population":2297,"lat":18.0658,"lng":-66.2385},{"city":"Suárez","state":"Loíza","population":2276,"lat":18.43022,"lng":-65.8535},{"city":"Tallaboa Alta","state":"Peñuelas","population":2243,"lat":18.05107,"lng":-66.70017},{"city":"Playita","state":"Yabucoa","population":2192,"lat":18.04469,"lng":-65.90738},{"city":"Maunabo","state":"Maunabo","population":2154,"lat":18.00719,"lng":-65.89933},{"city":"La Alianza","state":"Arecibo","population":2139,"lat":18.39745,"lng":-66.6024},{"city":"La Playa","state":"Añasco","population":2139,"lat":18.28745,"lng":-67.18685},{"city":"Brenas","state":"Vega Alta","population":2104,"lat":18.46717,"lng":-66.341},{"city":"Cacao","state":"Quebradillas","population":2068,"lat":18.43661,"lng":-66.93712},{"city":"Miranda","state":"Vega Baja","population":2057,"lat":18.38662,"lng":-66.38378},{"city":"Playa Fortuna","state":"Luquillo","population":2037,"lat":18.37967,"lng":-65.74516},{"city":"Comunas","state":"Yabucoa","population":2027,"lat":18.08719,"lng":-65.84377},{"city":"Buena Vista","state":"Arroyo","population":2026,"lat":17.99635,"lng":-66.05183},{"city":"Franquez","state":"Morovis","population":2021,"lat":18.34023,"lng":-66.42767},{"city":"Boquerón","state":"Cabo Rojo","population":2017,"lat":18.02691,"lng":-67.16907},{"city":"Lluveras","state":"Sabana Grande","population":2005,"lat":18.0383,"lng":-66.90462},{"city":"Naranjito","state":"Naranjito","population":2005,"lat":18.30079,"lng":-66.24489},{"city":"Ramos","state":"Luquillo","population":2004,"lat":18.33967,"lng":-65.71266},{"city":"El Mangó","state":"Juncos","population":1979,"lat":18.23412,"lng":-65.87961},{"city":"Las Ollas","state":"Santa Isabel","population":1949,"lat":18.014,"lng":-66.421},{"city":"Sabana","state":"Vega Baja","population":1946,"lat":18.46078,"lng":-66.3585},{"city":"Piedra Gorda","state":"Camuy","population":1927,"lat":18.43411,"lng":-66.88768},{"city":"Toa Baja","state":"Toa Baja","population":1889,"lat":18.44384,"lng":-66.25961},{"city":"Rafael Capo","state":"Hatillo","population":1863,"lat":18.40717,"lng":-66.78212},{"city":"Mora","state":"Isabela","population":1857,"lat":18.463,"lng":-67.03268},{"city":"Sabana Eneas","state":"San Germán","population":1847,"lat":18.08607,"lng":-67.08101},{"city":"Jauca","state":"Santa Isabel","population":1838,"lat":17.96913,"lng":-66.36572},{"city":"Pole Ojea","state":"Cabo Rojo","population":1829,"lat":17.97496,"lng":-67.18518},{"city":"Las Marias","state":"Añasco","population":1823,"lat":18.29328,"lng":-67.14629},{"city":"Sabana Hoyos","state":"Arecibo","population":1823,"lat":18.43384,"lng":-66.61378},{"city":"Monte Grande","state":"Cabo Rojo","population":1817,"lat":18.08746,"lng":-67.1074},{"city":"G. L. Garcia","state":"Cayey","population":1798,"lat":18.12746,"lng":-66.10405},{"city":"Antón Ruiz","state":"Humacao","population":1764,"lat":18.18524,"lng":-65.8085},{"city":"Palomas","state":"Comerío","population":1742,"lat":18.23246,"lng":-66.25628},{"city":"Indios","state":"Guayanilla","population":1739,"lat":17.99413,"lng":-66.81934},{"city":"El Ojo","state":"Santa Isabel","population":1713,"lat":18.00385,"lng":-66.39156},{"city":"Bayamon","state":"Cidra","population":1699,"lat":18.17774,"lng":-66.11322},{"city":"Mucarabones","state":"Toa Alta","population":1690,"lat":18.39078,"lng":-66.216},{"city":"Aceitunas","state":"Moca","population":1688,"lat":18.44328,"lng":-67.0649},{"city":"Playita Cortada","state":"Santa Isabel","population":1677,"lat":17.98497,"lng":-66.43906},{"city":"El Negro","state":"Yabucoa","population":1656,"lat":18.03747,"lng":-65.85127},{"city":"Parcelas Nuevas","state":"Cidra","population":1628,"lat":18.14024,"lng":-66.17239},{"city":"Central Aguirre","state":"Salinas","population":1588,"lat":17.95358,"lng":-66.22294},{"city":"Duque","state":"Naguabo","population":1529,"lat":18.23669,"lng":-65.74172},{"city":"Pastos","state":"Aibonito","population":1528,"lat":18.11774,"lng":-66.25878},{"city":"Corcovado","state":"Hatillo","population":1527,"lat":18.45856,"lng":-66.77629},{"city":"Rafael Hernandez","state":"Aguadilla","population":1516,"lat":18.47133,"lng":-67.07907},{"city":"Rincón","state":"Rincón","population":1499,"lat":18.34023,"lng":-67.2499},{"city":"Daguao","state":"Naguabo","population":1488,"lat":18.22635,"lng":-65.68322},{"city":"Culebra","state":"Culebra","population":1486,"lat":18.30301,"lng":-65.30099},{"city":"Pueblito del Rio","state":"Las Piedras","population":1481,"lat":18.22801,"lng":-65.86294},{"city":"Maria Antonia","state":"Guánica","population":1479,"lat":17.9783,"lng":-66.88934},{"city":"Yaurel","state":"Arroyo","population":1468,"lat":18.02691,"lng":-66.05711},{"city":"Animas","state":"Arecibo","population":1450,"lat":18.4455,"lng":-66.6349},{"city":"Espino","state":"Añasco","population":1422,"lat":18.27634,"lng":-67.11935},{"city":"Bajandas","state":"Humacao","population":1418,"lat":18.15774,"lng":-65.78155},{"city":"Río Blanco","state":"Naguabo","population":1406,"lat":18.21829,"lng":-65.7885},{"city":"Jagual","state":"San Lorenzo","population":1402,"lat":18.16163,"lng":-65.99544},{"city":"Coto Norte","state":"Vega Baja","population":1381,"lat":18.43078,"lng":-66.43989},{"city":"Candelero Arriba","state":"Humacao","population":1346,"lat":18.10191,"lng":-65.83683},{"city":"Parcelas La Milagrosa","state":"Cidra","population":1344,"lat":18.17079,"lng":-66.18822},{"city":"Benitez","state":"Canóvanas","population":1334,"lat":18.27357,"lng":-65.87905},{"city":"Liborio Negron Torres","state":"Sabana Grande","population":1303,"lat":18.04302,"lng":-66.9424},{"city":"Stella","state":"Rincón","population":1293,"lat":18.32189,"lng":-67.24685},{"city":"Cayuco","state":"Utuado","population":1284,"lat":18.29106,"lng":-66.73934},{"city":"Bartolo","state":"Río Grande","population":1260,"lat":18.36134,"lng":-65.8385},{"city":"Rosa Sanchez","state":"Yabucoa","population":1221,"lat":18.06163,"lng":-65.9135},{"city":"Boqueron","state":"Las Piedras","population":1218,"lat":18.20746,"lng":-65.8485},{"city":"Garrochales","state":"Barceloneta","population":1208,"lat":18.45356,"lng":-66.56628},{"city":"Palmer","state":"Río Grande","population":1205,"lat":18.37051,"lng":-65.77405},{"city":"Fuig","state":"Guánica","population":1204,"lat":17.98774,"lng":-66.91601},{"city":"San Antonio","state":"Quebradillas","population":1203,"lat":18.43961,"lng":-66.93149},{"city":"Las Ochenta","state":"Salinas","population":1199,"lat":17.98469,"lng":-66.31795},{"city":"Río Cañas Abajo","state":"Juana Díaz","population":1185,"lat":18.0383,"lng":-66.46767},{"city":"Maricao","state":"Maricao","population":1172,"lat":18.18079,"lng":-66.9799},{"city":"Palmarejo","state":"Lajas","population":1169,"lat":18.04024,"lng":-67.07685},{"city":"Juncal","state":"San Sebastián","population":1155,"lat":18.31384,"lng":-66.91907},{"city":"Palo Seco","state":"Maunabo","population":1152,"lat":18.00747,"lng":-65.93683},{"city":"Tallaboa","state":"Peñuelas","population":1150,"lat":17.99497,"lng":-66.71629},{"city":"Sumidero","state":"Aguas Buenas","population":1145,"lat":18.21857,"lng":-66.12878},{"city":"La Parguera","state":"Lajas","population":1141,"lat":17.97497,"lng":-67.04657},{"city":"Santa Clara","state":"Aguas Buenas","population":1138,"lat":18.21461,"lng":-66.13201},{"city":"Parcelas Peñuelas","state":"Santa Isabel","population":1132,"lat":17.99885,"lng":-66.34128},{"city":"Quebrada","state":"Camuy","population":1130,"lat":18.35662,"lng":-66.83212},{"city":"Lamboglia","state":"Patillas","population":1121,"lat":17.98136,"lng":-65.98572},{"city":"Bufalo","state":"Barceloneta","population":1108,"lat":18.41828,"lng":-66.57323},{"city":"Esperanza","state":"Vieques","population":1092,"lat":18.09719,"lng":-65.47071},{"city":"Palmarejo","state":"Coamo","population":1087,"lat":18.06802,"lng":-66.32545},{"city":"Magas Arriba","state":"Guayanilla","population":1063,"lat":18.01746,"lng":-66.76906},{"city":"La Plena","state":"Salinas","population":1036,"lat":18.04663,"lng":-66.20461},{"city":"Las Marías","state":"Las Marías","population":1031,"lat":18.2519,"lng":-66.99212},{"city":"Peña Pobre","state":"Naguabo","population":1024,"lat":18.21551,"lng":-65.82211},{"city":"Lomas","state":"Canóvanas","population":953,"lat":18.26857,"lng":-65.90878},{"city":"Orocovis","state":"Orocovis","population":944,"lat":18.2269,"lng":-66.391},{"city":"Marueño","state":"Ponce","population":913,"lat":18.05772,"lng":-66.65603},{"city":"Betances","state":"Cabo Rojo","population":835,"lat":18.02857,"lng":-67.1349},{"city":"Pajonal","state":"Florida","population":761,"lat":18.38217,"lng":-66.55573},{"city":"Hato Arriba","state":"San Sebastián","population":732,"lat":18.35578,"lng":-67.03407},{"city":"Tiburones","state":"Barceloneta","population":709,"lat":18.43161,"lng":-66.58073},{"city":"Playita","state":"Salinas","population":673,"lat":17.96052,"lng":-66.28961}]}}