{"timezone":"Asia/Colombo","countries":{"Sri Lanka":[{"city":"Colombo","state":"Western Province","population":648034,"lat":6.93548,"lng":79.84868},{"city":"Dehiwala-Mount Lavinia","state":"Western Province","population":219827,"lat":6.84019,"lng":79.87116},{"city":"Maharagama","state":"Western Province","population":195355,"lat":6.848,"lng":79.9265},{"city":"Jaffna","state":"Northern Province","population":169102,"lat":9.66845,"lng":80.00742},{"city":"Moratuwa","state":"Western Province","population":168280,"lat":6.773,"lng":79.8816},{"city":"Negombo","state":"Western Province","population":137223,"lat":7.2083,"lng":79.8358},{"city":"Pita Kotte","state":"Western Province","population":118179,"lat":6.8905,"lng":79.9015},{"city":"Sri Jayewardenepura Kotte","state":"Western Province","population":115826,"lat":6.88297,"lng":79.90708},{"city":"Kandy","state":"Central Province","population":111701,"lat":7.2906,"lng":80.6336},{"city":"Trincomalee","state":"Eastern Province","population":108420,"lat":8.5778,"lng":81.2289},{"city":"Kalmunai","state":"Eastern Province","population":100171,"lat":7.40902,"lng":81.83472},{"city":"Galle","state":"Southern Province","population":93118,"lat":6.0461,"lng":80.2103},{"city":"Point Pedro","state":"Northern Province","population":89810,"lat":9.81667,"lng":80.23333},{"city":"Batticaloa","state":"Eastern Province","population":86742,"lat":7.7102,"lng":81.6924},{"city":"Katunayaka","state":"Western Province","population":84643,"lat":7.16992,"lng":79.88837},{"city":"Valvedditturai","state":"Northern Province","population":78205,"lat":9.81667,"lng":80.16667},{"city":"Matara","state":"Southern Province","population":76254,"lat":5.94851,"lng":80.53528},{"city":"Battaramulla South","state":"Western Province","population":75633,"lat":6.8964,"lng":79.9181},{"city":"Dambulla","state":"Central Province","population":66716,"lat":7.86,"lng":80.65167},{"city":"Kolonnawa","state":"Western Province","population":64887,"lat":6.9329,"lng":79.8848},{"city":"Kotikawatta","state":"Western Province","population":64565,"lat":6.9269,"lng":79.9095},{"city":"Anuradhapura","state":"North Central Province","population":60943,"lat":8.31223,"lng":80.41306},{"city":"Vavuniya","state":"Northern Province","population":60176,"lat":8.7514,"lng":80.4971},{"city":"Hendala","state":"Western Province","population":56978,"lat":6.9909,"lng":79.883},{"city":"Ambalangoda","state":"Southern Province","population":56783,"lat":6.2355,"lng":80.0538},{"city":"Ratnapura","state":"Sabaragamuwa Province","population":47832,"lat":6.6858,"lng":80.4036},{"city":"Badulla","state":"Uva Province","population":47587,"lat":6.9802,"lng":81.0577},{"city":"Puttalam","state":"North Western Province","population":45661,"lat":8.0362,"lng":79.8283},{"city":"Devinuwara","state":"Southern Province","population":45000,"lat":5.92825,"lng":80.5888},{"city":"Ampara","state":"Eastern Province","population":43720,"lat":7.29754,"lng":81.68202},{"city":"Welisara","state":"Western Province","population":41306,"lat":7.0281,"lng":79.9014},{"city":"Kalutara","state":"Western Province","population":37081,"lat":6.5831,"lng":79.9593},{"city":"Bentota","state":"Southern Province","population":37000,"lat":6.42598,"lng":79.99575},{"city":"Matale","state":"Central Province","population":36462,"lat":7.4698,"lng":80.6217},{"city":"Homagama","state":"Western Province","population":34664,"lat":6.844,"lng":80.0024},{"city":"Beruwala","state":"Western Province","population":34250,"lat":6.4788,"lng":79.9828},{"city":"Panadura","state":"Western Province","population":33735,"lat":6.7132,"lng":79.9026},{"city":"Mulleriyawa","state":"Western Province","population":33540,"lat":6.933,"lng":79.9297},{"city":"Kandana","state":"Western Province","population":33424,"lat":7.048,"lng":79.8937},{"city":"Ja Ela","state":"Western Province","population":32175,"lat":7.0744,"lng":79.8919},{"city":"Wattala","state":"Western Province","population":30725,"lat":6.98918,"lng":79.89167},{"city":"Kelaniya","state":"Western Province","population":28846,"lat":6.9553,"lng":79.922},{"city":"Peliyagoda","state":"Western Province","population":28784,"lat":6.9685,"lng":79.8836},{"city":"Kurunegala","state":"North Western Province","population":28571,"lat":7.4839,"lng":80.3683},{"city":"Nuwara Eliya","state":"Central Province","population":27500,"lat":6.97078,"lng":80.78286},{"city":"Chilaw","state":"North Western Province","population":24712,"lat":7.57583,"lng":79.79528},{"city":"Gampola","state":"Central Province","population":24283,"lat":7.1643,"lng":80.5696},{"city":"Eravur Town","state":"Eastern Province","population":22982,"lat":7.7782,"lng":81.6038},{"city":"Hanwella Ihala","state":"Western Province","population":22918,"lat":6.9012,"lng":80.0852},{"city":"Weligama","state":"Southern Province","population":22179,"lat":5.97501,"lng":80.42968},{"city":"Vakarai","state":"Eastern Province","population":21000,"lat":8.13333,"lng":81.43333},{"city":"Kataragama","state":"Uva Province","population":20935,"lat":6.4134,"lng":81.3346},{"city":"Kegalle","state":"Sabaragamuwa Province","population":17962,"lat":7.2523,"lng":80.3436},{"city":"Hatton","state":"Central Province","population":15073,"lat":6.8916,"lng":80.5955},{"city":"Polonnaruwa","state":"North Central Province","population":13900,"lat":7.93965,"lng":81.00274},{"city":"Kilinochchi","state":"Northern Province","population":13006,"lat":9.3961,"lng":80.3982},{"city":"Tangalle","state":"Southern Province","population":10497,"lat":6.02338,"lng":80.79738},{"city":"Monaragala","state":"Uva Province","population":10236,"lat":6.8714,"lng":81.3487},{"city":"Wellawaya","state":"Uva Province","population":10000,"lat":6.73694,"lng":81.10279},{"city":"Gampaha","state":"Western Province","population":9350,"lat":7.0897,"lng":79.9925},{"city":"Horana South","state":"Western Province","population":8982,"lat":6.7159,"lng":80.0626},{"city":"Keppapularu","state":"Northern Province","population":8361,"lat":9.2754,"lng":80.7553},{"city":"Wattegama","state":"Uva Province","population":8000,"lat":6.7989,"lng":81.4808},{"city":"Minuwangoda","state":"Western Province","population":7772,"lat":7.1663,"lng":79.9533},{"city":"Horawala Junction","state":"Western Province","population":7500,"lat":6.48088,"lng":80.12708},{"city":"Kuliyapitiya","state":"North Western Province","population":6877,"lat":7.4688,"lng":80.0401},{"city":"Mihintale","state":"North Central Province","population":5000,"lat":8.3593,"lng":80.5103},{"city":"Ella Town","state":"Uva Province","population":5000,"lat":6.8756,"lng":81.0463},{"city":"Haputale","state":"Uva Province","population":4721,"lat":6.76566,"lng":80.95104},{"city":"Mirissa city","state":"Southern Province","population":4695,"lat":5.94655,"lng":80.45831},{"city":"Talawakele","state":"Central Province","population":3545,"lat":6.9371,"lng":80.6581},{"city":"Talpe","state":"Southern Province","population":3000,"lat":5.9999,"lng":80.2787},{"city":"Koggala","state":"Southern Province","population":3000,"lat":5.9886,"lng":80.3286},{"city":"Mawalgama","state":"Western Province","population":2033,"lat":6.9153,"lng":80.1302},{"city":"Unawatuna","state":"Southern Province","population":2000,"lat":6.0212,"lng":80.2503},{"city":"Bogahakumbura","state":"Uva Province","population":1500,"lat":7.0869,"lng":81.022},{"city":"Hikkaduwa","state":"Southern Province","population":1300,"lat":6.1407,"lng":80.1012},{"city":"Kadugannawa","state":"Central Province","population":1214,"lat":7.2547,"lng":80.5242},{"city":"Sigiriya","state":"Central Province","population":1001,"lat":7.94946,"lng":80.75037},{"city":"Padaviya Divisional Secretariat","state":null,"population":0,"lat":8.845,"lng":80.7625}]}}