{"timezone":"Asia/Jayapura","countries":{"Indonesia":[{"city":"Jayapura","state":"Papua","population":404004,"lat":-2.53371,"lng":140.71813},{"city":"Ambon","state":"Maluku","population":347288,"lat":-3.69583,"lng":128.18333},{"city":"Sorong","state":"Southwest Papua","population":254294,"lat":-0.87956,"lng":131.26104},{"city":"Ternate","state":"North Maluku","population":204920,"lat":0.79065,"lng":127.38424},{"city":"Timika","state":"Central Papua","population":142909,"lat":-4.61407,"lng":136.67679},{"city":"Manokwari","state":"West Papua","population":107325,"lat":-0.86291,"lng":134.06402},{"city":"Merauke","state":"South Papua","population":102351,"lat":-8.49958,"lng":140.40613},{"city":"Tual","state":"Maluku","population":90007,"lat":-5.62878,"lng":132.75229},{"city":"Abepura","state":"Papua","population":62248,"lat":-2.5964,"lng":140.6324},{"city":"Dobo","state":"Maluku","population":52104,"lat":-5.76092,"lng":134.23405},{"city":"Amahai","state":"Maluku","population":47653,"lat":-3.33984,"lng":128.91975},{"city":"Sentani","state":"Papua","population":44779,"lat":-2.5691,"lng":140.5127},{"city":"Nabire","state":"Central Papua","population":43898,"lat":-3.35989,"lng":135.50074},{"city":"Wamena","state":"Highland Papua","population":41844,"lat":-4.09583,"lng":138.94806},{"city":"Biak","state":"Papua","population":41731,"lat":-1.1767,"lng":136.082},{"city":"Namlea","state":"Maluku","population":37869,"lat":-3.26194,"lng":127.09292},{"city":"Masohi","state":"Maluku","population":36433,"lat":-3.29833,"lng":128.96882},{"city":"Sofifi","state":"North Maluku","population":36197,"lat":0.73729,"lng":127.5588},{"city":"Mulia","state":"Central Papua","population":35884,"lat":-3.71472,"lng":137.98528},{"city":"Tobelo","state":"North Maluku","population":34150,"lat":1.72837,"lng":128.00948},{"city":"Sanana","state":"North Maluku","population":29716,"lat":-2.05853,"lng":125.97786},{"city":"Kawasi","state":"North Maluku","population":29642,"lat":-1.59122,"lng":127.40707},{"city":"Bintuni","state":"West Papua","population":24742,"lat":-2.10967,"lng":133.52461},{"city":"Agats","state":"South Papua","population":23869,"lat":-5.54505,"lng":138.13522},{"city":"Daruba","state":"North Maluku","population":23566,"lat":2.05049,"lng":128.29398},{"city":"Waisai","state":"Southwest Papua","population":22541,"lat":-0.2379,"lng":130.5072},{"city":"Namrole","state":"Maluku","population":21513,"lat":-3.84548,"lng":126.72619},{"city":"Tiom","state":"Highland Papua","population":21324,"lat":-3.92361,"lng":138.45472},{"city":"Teminabuan","state":"Southwest Papua","population":19491,"lat":-1.4416,"lng":132.01428},{"city":"Fakfak","state":"Papua","population":18900,"lat":-2.92481,"lng":132.29813},{"city":"Ransiki","state":"West Papua","population":16245,"lat":-1.5083,"lng":134.1708},{"city":"Sarmi","state":"Papua","population":14093,"lat":-1.85302,"lng":138.75093},{"city":"Saumlaki","state":"Maluku","population":13849,"lat":-7.98618,"lng":131.29675},{"city":"Serui","state":"Papua","population":13568,"lat":-1.8802,"lng":136.2426},{"city":"Kobakma","state":"Highland Papua","population":13062,"lat":-3.66417,"lng":139.065},{"city":"Maba","state":"North Maluku","population":12560,"lat":0.7007,"lng":128.29197},{"city":"Galela","state":"North Maluku","population":8760,"lat":1.82342,"lng":127.78889},{"city":"Kepi","state":"South Papua","population":8394,"lat":-6.52461,"lng":139.32224},{"city":"Labuha","state":"North Maluku","population":7073,"lat":-0.62546,"lng":127.47808},{"city":"Karubaga","state":"Highland Papua","population":6703,"lat":-3.6994,"lng":138.4579},{"city":"Kenyam","state":"Highland Papua","population":6394,"lat":-4.59972,"lng":138.38417},{"city":"Elelim","state":"Highland Papua","population":5946,"lat":-3.759,"lng":139.7075},{"city":"Tiakur","state":"Maluku","population":5227,"lat":-8.15,"lng":127.795},{"city":"Bugalaga","state":"Central Papua","population":3582,"lat":-3.62476,"lng":136.59714},{"city":"Insrom","state":"Papua","population":3452,"lat":-1.14473,"lng":136.03134},{"city":"Okaba","state":"South Papua","population":1270,"lat":-8.05419,"lng":139.65681},{"city":"Fef","state":"Southwest Papua","population":966,"lat":-0.80889,"lng":132.43222},{"city":"Werinama","state":"Maluku","population":0,"lat":-3.5029,"lng":130.1105},{"city":"Windesi","state":"West Papua","population":0,"lat":-2.42631,"lng":134.21521},{"city":"Weda","state":"North Maluku","population":0,"lat":0.32952,"lng":127.87389},{"city":"Warganusa Satu","state":"West Papua","population":0,"lat":-2.76408,"lng":133.63868},{"city":"Waren","state":"Papua","population":0,"lat":-2.2645,"lng":136.3342},{"city":"Wardo","state":"Papua","population":0,"lat":-1.0623,"lng":135.8416},{"city":"Wanurian","state":"Southwest Papua","population":0,"lat":-1.2463,"lng":131.5665},{"city":"Waigama","state":"Southwest Papua","population":0,"lat":-1.8364,"lng":129.8316},{"city":"Wahai","state":"Maluku","population":0,"lat":-2.79529,"lng":129.5382},{"city":"Uta","state":"Central Papua","population":0,"lat":-4.5536,"lng":136.0339},{"city":"Tongutisungi","state":"North Maluku","population":0,"lat":1.49813,"lng":127.55571},{"city":"Tomu","state":"West Papua","population":0,"lat":-2.21697,"lng":132.97139},{"city":"Tembuni","state":"West Papua","population":0,"lat":-1.952,"lng":133.419},{"city":"Tigi","state":"Central Papua","population":0,"lat":-3.96667,"lng":136.26667},{"city":"Tehoru","state":"Maluku","population":0,"lat":-3.4432,"lng":129.5434},{"city":"Tanusan","state":"West Papua","population":0,"lat":-3.13371,"lng":133.64721},{"city":"Taniwel","state":"Maluku","population":0,"lat":-2.85245,"lng":128.4772},{"city":"Susupu","state":"North Maluku","population":0,"lat":1.15125,"lng":127.43243},{"city":"Subaim","state":"North Maluku","population":0,"lat":1.12034,"lng":128.13301},{"city":"Sorendiweri","state":"Papua","population":0,"lat":-0.73389,"lng":135.73611},{"city":"Seget","state":"Southwest Papua","population":0,"lat":-1.41179,"lng":130.97478},{"city":"Saukorem","state":"Southwest Papua","population":0,"lat":-0.565,"lng":133.1527},{"city":"Sarebe","state":"West Papua","population":0,"lat":-2.54796,"lng":133.82755},{"city":"Saparua","state":"Maluku","population":0,"lat":-3.573,"lng":128.65242},{"city":"Saonek","state":"Southwest Papua","population":0,"lat":-0.4379,"lng":130.7559},{"city":"Sausapor","state":"Southwest Papua","population":0,"lat":-0.49985,"lng":132.08588},{"city":"Sumberbaba","state":"Papua","population":0,"lat":-1.8188,"lng":136.7576},{"city":"Rasiei","state":"West Papua","population":0,"lat":-2.817,"lng":134.5292},{"city":"Raduria","state":"West Papua","population":0,"lat":-2.93888,"lng":132.33446},{"city":"Piru","state":"Maluku","population":0,"lat":-3.0618,"lng":128.1945},{"city":"Pelau","state":"Maluku","population":0,"lat":-3.5204,"lng":128.4681},{"city":"Passo","state":"Maluku","population":0,"lat":-3.63011,"lng":128.25237},{"city":"Oransbari","state":"West Papua","population":0,"lat":-1.3442,"lng":134.2587},{"city":"Obano","state":"Central Papua","population":0,"lat":-3.9259,"lng":136.2259},{"city":"Mega","state":"Southwest Papua","population":0,"lat":-0.66392,"lng":131.90487},{"city":"Makbon","state":"Southwest Papua","population":0,"lat":-0.74753,"lng":131.53875},{"city":"Mafa","state":"North Maluku","population":0,"lat":0.04705,"lng":127.89037},{"city":"Leksula","state":"Maluku","population":0,"lat":-3.7731,"lng":126.538},{"city":"Langgur","state":"Maluku","population":0,"lat":-5.66689,"lng":132.73762},{"city":"Laiwui","state":"North Maluku","population":0,"lat":-1.35177,"lng":127.66929},{"city":"Kwantisore","state":"Central Papua","population":0,"lat":-3.2651,"lng":134.9065},{"city":"Kumurkek","state":"Southwest Papua","population":0,"lat":-1.25667,"lng":132.49972},{"city":"Korem","state":"Papua","population":0,"lat":-0.90004,"lng":136.04082},{"city":"Korido","state":"Papua","population":0,"lat":-0.8747,"lng":135.6344},{"city":"Kokas Kota","state":"West Papua","population":0,"lat":-2.70144,"lng":132.43848},{"city":"Kiruru","state":"West Papua","population":0,"lat":-3.9389,"lng":134.9696},{"city":"Kimaam","state":"South Papua","population":0,"lat":-7.98507,"lng":138.84689},{"city":"Kasonawejo","state":"Papua","population":0,"lat":-2.2818,"lng":138.0348},{"city":"Kameri","state":"Papua","population":0,"lat":-0.9821,"lng":134.8046},{"city":"Kairatu","state":"Maluku","population":0,"lat":-3.35167,"lng":128.36853},{"city":"Kaimana","state":"West Papua","population":0,"lat":-3.6635,"lng":133.7649},{"city":"Kabare","state":"Southwest Papua","population":0,"lat":-0.0149,"lng":130.8322},{"city":"Jambula","state":"North Maluku","population":0,"lat":0.75776,"lng":127.31828},{"city":"Jailolo","state":"North Maluku","population":0,"lat":1.06504,"lng":127.46786},{"city":"Serkos","state":"Southwest Papua","population":0,"lat":-2.12549,"lng":132.16689},{"city":"Hila","state":"Maluku","population":0,"lat":-3.58689,"lng":128.08798},{"city":"Geser","state":"Maluku","population":0,"lat":-3.87877,"lng":130.89935},{"city":"Enarotali","state":"Central Papua","population":0,"lat":-3.93032,"lng":136.37651},{"city":"Dulanpokpok","state":"West Papua","population":0,"lat":-2.92661,"lng":132.27212},{"city":"Dofa","state":"North Maluku","population":0,"lat":-1.7952,"lng":125.3649},{"city":"Dabra","state":"Papua","population":0,"lat":-3.2453,"lng":138.5878},{"city":"Bula","state":"Maluku","population":0,"lat":-3.1112,"lng":130.4954},{"city":"Bosnik","state":"Papua","population":0,"lat":-1.1572,"lng":136.2283},{"city":"Bikondini","state":"Highland Papua","population":0,"lat":-3.65836,"lng":138.57468},{"city":"Bobong","state":"North Maluku","population":0,"lat":-1.94625,"lng":124.38394},{"city":"Betaf","state":"Papua","population":0,"lat":-2.11422,"lng":139.25282},{"city":"Barapas","state":"Papua","population":0,"lat":-2.199,"lng":137.0013},{"city":"Elat","state":"Maluku","population":0,"lat":-5.6578,"lng":132.9709},{"city":"Bade","state":"South Papua","population":0,"lat":-7.16667,"lng":139.58333},{"city":"Irarututiga","state":"West Papua","population":0,"lat":-2.5368,"lng":133.4423},{"city":"Ayamaru","state":"Southwest Papua","population":0,"lat":-1.27448,"lng":132.19334},{"city":"Aitinyo","state":"Southwest Papua","population":0,"lat":-1.3119,"lng":132.3447},{"city":"Armopa","state":"Papua","population":0,"lat":-2.3409,"lng":139.6335},{"city":"Ansus","state":"Papua","population":0,"lat":-1.7256,"lng":135.8115},{"city":"Airbuaya","state":"Maluku","population":0,"lat":-3.103,"lng":126.4207},{"city":"Tulehu","state":"Maluku","population":0,"lat":-3.58803,"lng":128.32728},{"city":"Waris","state":"Papua","population":0,"lat":-3.11667,"lng":140.88333},{"city":"Ubrub","state":"Papua","population":0,"lat":-3.7131,"lng":140.8795},{"city":"Tanah Merah","state":"South Papua","population":0,"lat":-6.09756,"lng":140.30649},{"city":"Sengge","state":"Papua","population":0,"lat":-3.4475,"lng":140.7751},{"city":"Genyem","state":"Papua","population":0,"lat":-2.5791,"lng":140.1495},{"city":"Depapre","state":"Papua","population":0,"lat":-2.4869,"lng":140.3711},{"city":"Demta","state":"Papua","population":0,"lat":-2.3589,"lng":140.1473},{"city":"Arso","state":"Papua","population":0,"lat":-2.9028,"lng":140.7657},{"city":"Amahusu","state":"Maluku","population":0,"lat":-3.72525,"lng":128.1471},{"city":"Kota Ternate","state":"Maluku","population":0,"lat":0.78333,"lng":127.36667},{"city":"Waghete","state":"Central Papua","population":0,"lat":-4.03901,"lng":136.27489},{"city":"Eci","state":"South Papua","population":0,"lat":-6.12382,"lng":139.15365},{"city":"Getentiri","state":"South Papua","population":0,"lat":-6.58887,"lng":140.34613},{"city":"Muting","state":"South Papua","population":0,"lat":-7.30759,"lng":140.55782},{"city":"Mindiptana","state":"South Papua","population":0,"lat":-5.86386,"lng":140.69253},{"city":"Warmare","state":"West Papua","population":0,"lat":-1.1143,"lng":133.9361},{"city":"Kebar","state":"Southwest Papua","population":0,"lat":-0.8474,"lng":133.1457},{"city":"Bomomani","state":"Central Papua","population":0,"lat":-4.0659,"lng":135.8182},{"city":"Merdey","state":"West Papua","population":0,"lat":-1.59033,"lng":133.2946},{"city":"Bofuer","state":"West Papua","population":0,"lat":-3.0114,"lng":133.7626},{"city":"Topo","state":"Central Papua","population":0,"lat":-3.5403,"lng":135.5375},{"city":"Homeyo","state":"Central Papua","population":0,"lat":-3.663,"lng":136.4692},{"city":"Kumopa","state":"Central Papua","population":0,"lat":-3.8216,"lng":136.5092},{"city":"Moanemani","state":"Central Papua","population":0,"lat":-3.9679,"lng":136.1116},{"city":"Bilogai","state":"Central Papua","population":0,"lat":-3.7181,"lng":136.6683},{"city":"Beoga","state":"Central Papua","population":0,"lat":-3.8395,"lng":137.1667},{"city":"Trimuris","state":"Papua","population":0,"lat":-1.9582,"lng":137.8366},{"city":"Arbais","state":"Papua","population":0,"lat":-1.7393,"lng":138.4043},{"city":"Samanente","state":"Papua","population":0,"lat":-2.1992,"lng":138.8803},{"city":"Guay","state":"Papua","population":0,"lat":-2.5033,"lng":139.8099},{"city":"Banda","state":"Papua","population":0,"lat":-3.1796,"lng":140.9419},{"city":"Wurigelebur","state":"Highland Papua","population":0,"lat":-3.7627,"lng":138.8085},{"city":"Sawoi","state":"Papua","population":0,"lat":-2.6246,"lng":140.3356},{"city":"Wasior","state":"West Papua","population":0,"lat":-2.6423,"lng":134.4883},{"city":"Mapurujaya","state":"Central Papua","population":0,"lat":-4.6752,"lng":136.8297},{"city":"Doom","state":"Southwest Papua","population":0,"lat":-0.88718,"lng":131.23644},{"city":"Aifat","state":"Southwest Papua","population":0,"lat":-1.1664,"lng":132.5015},{"city":"Waipia","state":"Maluku","population":0,"lat":-3.1878,"lng":128.903},{"city":"Petani","state":"North Maluku","population":0,"lat":0.32884,"lng":128.6527},{"city":"Buli","state":"North Maluku","population":0,"lat":0.68518,"lng":128.2909},{"city":"Basiong","state":"North Maluku","population":0,"lat":0.77294,"lng":127.37484},{"city":"Malifud","state":"North Maluku","population":0,"lat":0.36381,"lng":127.42279},{"city":"Guruafin","state":"North Maluku","population":0,"lat":0.10144,"lng":127.43402},{"city":"Dufa-Dufa","state":"North Maluku","population":0,"lat":-0.46182,"lng":127.15},{"city":"Kigamani","state":"Central Papua","population":0,"lat":-3.96139,"lng":135.94361},{"city":"Sugapa","state":"Central Papua","population":0,"lat":-3.74306,"lng":137.05},{"city":"Burmeso","state":"Papua","population":0,"lat":-2.32611,"lng":138.04139},{"city":"Oksibil","state":"Highland Papua","population":0,"lat":-4.90417,"lng":140.62972},{"city":"Ilaga","state":"Central Papua","population":0,"lat":-3.95,"lng":137.4},{"city":"Botawa","state":"Papua","population":0,"lat":-2.21,"lng":136.44722},{"city":"Sumohai","state":"Highland Papua","population":0,"lat":-4.68944,"lng":139.35472},{"city":"Ullong","state":"West Papua","population":0,"lat":-1.37083,"lng":133.91306},{"city":"Aimas","state":"Southwest Papua","population":0,"lat":-0.95698,"lng":131.33535},{"city":"Patipi Pasir","state":"West Papua","population":0,"lat":-2.71212,"lng":132.12756},{"city":"Kramongmongga","state":"West Papua","population":0,"lat":-2.75985,"lng":132.38052},{"city":"Onimsari","state":"West Papua","population":0,"lat":-2.86693,"lng":132.99224},{"city":"Weriagar","state":"West Papua","population":0,"lat":-2.27117,"lng":132.89141},{"city":"Moskona Barat","state":"West Papua","population":0,"lat":-1.62988,"lng":132.9563},{"city":"Meyado","state":"West Papua","population":0,"lat":-1.90655,"lng":133.15245},{"city":"Jagiro","state":"West Papua","population":0,"lat":-1.82196,"lng":133.04748},{"city":"Kucir","state":"West Papua","population":0,"lat":-1.97867,"lng":133.40691},{"city":"Masyeta","state":"West Papua","population":0,"lat":-1.55048,"lng":133.23875},{"city":"Biscoop","state":"West Papua","population":0,"lat":-1.59128,"lng":133.2987}]}}