{"timezone":"Asia/Kathmandu","countries":{"Nepal":[{"city":"Kathmandu","state":"Bagmati Province","population":1442271,"lat":27.70169,"lng":85.3206},{"city":"Pokhara","state":"Gandaki Pradesh","population":600051,"lat":28.26689,"lng":83.96851},{"city":"Bharatpur","state":"Bagmati Province","population":369377,"lat":27.6768,"lng":84.43589},{"city":"Pātan","state":"Bagmati Province","population":299283,"lat":27.67658,"lng":85.31417},{"city":"Birgañj","state":"Madhesh","population":268273,"lat":27.01709,"lng":84.8808},{"city":"Biratnagar","state":"Koshi","population":244750,"lat":26.45505,"lng":87.27007},{"city":"Dhangaḍhi̇̄","state":"Sudurpashchim Pradesh","population":204788,"lat":28.70159,"lng":80.58991},{"city":"Hetauda","state":"Bagmati Province","population":195951,"lat":27.42839,"lng":85.03219},{"city":"Janakpur","state":"Madhesh","population":195438,"lat":26.72882,"lng":85.92628},{"city":"Butwāl","state":"Lumbini Province","population":195054,"lat":27.70055,"lng":83.44836},{"city":"Dharān","state":"Koshi","population":173096,"lat":26.81436,"lng":87.27972},{"city":"Nepalgunj","state":"Lumbini Province","population":166258,"lat":28.05,"lng":81.61667},{"city":"Birendranagar","state":"Karnali Pradesh","population":154886,"lat":28.59669,"lng":81.61658},{"city":"Madhyapur Thimi","state":"Bagmati Province","population":119955,"lat":27.68056,"lng":85.3875},{"city":"Lahān","state":"Madhesh","population":102955,"lat":26.72022,"lng":86.48258},{"city":"Bhimdatta","state":"Sudurpashchim Pradesh","population":88381,"lat":28.96399,"lng":80.17715},{"city":"Triyuga","state":"Koshi","population":71405,"lat":26.7919,"lng":86.699},{"city":"Inaruwa","state":"Koshi","population":70093,"lat":26.60675,"lng":87.1478},{"city":"Rājbirāj","state":"Madhesh","population":69803,"lat":26.53968,"lng":86.74796},{"city":"Banepā","state":"Bagmati Province","population":67629,"lat":27.6327,"lng":85.52201},{"city":"Siddharthanagar","state":"Lumbini Province","population":63367,"lat":27.5,"lng":83.45},{"city":"Gulariyā","state":"Lumbini Province","population":53107,"lat":28.2058,"lng":81.34532},{"city":"Chautārā","state":"Bagmati Province","population":51347,"lat":27.7763,"lng":85.7127},{"city":"Īṭahari̇̄","state":"Koshi","population":47984,"lat":26.66371,"lng":87.27403},{"city":"Panauti","state":"Bagmati Province","population":46595,"lat":27.58466,"lng":85.52122},{"city":"Ṭikāpur","state":"Sudurpashchim Pradesh","population":44758,"lat":28.52819,"lng":81.11828},{"city":"Ki̇̄rtipur","state":"Bagmati Province","population":44632,"lat":27.67851,"lng":85.27574},{"city":"Chari̇̄koṭ","state":"Bagmati Province","population":40000,"lat":27.66824,"lng":86.0519},{"city":"Tulsi̇̄pur","state":"Lumbini Province","population":39058,"lat":28.13328,"lng":82.29803},{"city":"Dipayal","state":"Sudurpashchim Pradesh","population":33968,"lat":29.26083,"lng":80.94},{"city":"Panauti̇̄","state":"Bagmati Province","population":27602,"lat":27.58447,"lng":85.51487},{"city":"Gaur","state":"Madhesh","population":27325,"lat":26.76448,"lng":85.27841},{"city":"Siraha","state":"Madhesh","population":24657,"lat":26.65422,"lng":86.20795},{"city":"Tānsen","state":"Lumbini Province","population":23693,"lat":27.86655,"lng":83.54587},{"city":"Jaleshwar","state":"Madhesh","population":23573,"lat":26.64921,"lng":85.80017},{"city":"Bāgluṅ","state":"Gandaki Pradesh","population":23296,"lat":28.26728,"lng":83.59956},{"city":"Khā̃dbāri̇̄","state":"Koshi","population":22903,"lat":27.37647,"lng":87.20773},{"city":"Dhankutā","state":"Koshi","population":22084,"lat":26.98333,"lng":87.33333},{"city":"Wāliṅ","state":"Gandaki Pradesh","population":21867,"lat":27.9837,"lng":83.75925},{"city":"Dailekh","state":"Karnali Pradesh","population":20908,"lat":28.84434,"lng":81.71011},{"city":"Malaṅgawā","state":"Madhesh","population":20284,"lat":26.85658,"lng":85.5594},{"city":"Bhadrapur","state":"Koshi","population":19523,"lat":26.54404,"lng":88.09436},{"city":"Amargaḍhi̇̄","state":"Sudurpashchim Pradesh","population":19014,"lat":29.29922,"lng":80.58333},{"city":"Dārchulā","state":"Sudurpashchim Pradesh","population":18317,"lat":29.83,"lng":80.55},{"city":"Ilām","state":"Koshi","population":17491,"lat":26.90943,"lng":87.92824},{"city":"Dhulikhel","state":"Bagmati Province","population":16263,"lat":27.6221,"lng":85.54281},{"city":"Chapali̇̄ Bhaḍrakāli̇̄","state":"Bagmati Province","population":10827,"lat":27.7821,"lng":85.37426},{"city":"kankrabari Dovan","state":"Bagmati Province","population":10000,"lat":27.62881,"lng":85.45934},{"city":"Hari Bdr Tamang House","state":"Bagmati Province","population":10000,"lat":27.6289,"lng":85.45893},{"city":"Jumla","state":"Karnali Pradesh","population":9073,"lat":29.27472,"lng":82.18383},{"city":"Lobuche","state":"Koshi","population":8767,"lat":27.94806,"lng":86.81017},{"city":"Kusma","state":"Gandaki Pradesh","population":6758,"lat":28.22266,"lng":83.6826},{"city":"Bhattarai Danda","state":"Gandaki Pradesh","population":5510,"lat":27.88333,"lng":83.93333},{"city":"Besisahar","state":"Karnali Pradesh","population":5427,"lat":28.23111,"lng":84.3775},{"city":"Nagarkot","state":"Bagmati Province","population":4000,"lat":27.71522,"lng":85.52075},{"city":"Bhojpur","state":"Koshi","population":3250,"lat":27.1715,"lng":87.04607},{"city":"Chitre","state":"Gandaki Pradesh","population":2860,"lat":28.42673,"lng":83.69076},{"city":"Bhojpur","state":"Lumbini Province","population":2640,"lat":28.0353,"lng":82.29552},{"city":"Namche Bazaar","state":"Koshi","population":2324,"lat":27.80528,"lng":86.71058},{"city":"Dihi","state":"Gandaki Pradesh","population":2210,"lat":27.87552,"lng":83.92759},{"city":"Mustāng","state":"Gandaki Pradesh","population":1899,"lat":29.18321,"lng":83.95634},{"city":"Kodāri̇̄","state":"Bagmati Province","population":1600,"lat":27.96228,"lng":85.95167},{"city":"Chhetrapa1","state":"Bagmati Province","population":1000,"lat":27.67633,"lng":86.11662},{"city":"Sundar Basti","state":"Gandaki Pradesh","population":900,"lat":27.88316,"lng":83.93274},{"city":"Chhibro","state":"Karnali Pradesh","population":777,"lat":29.92786,"lng":81.83956},{"city":"Khārpū","state":"Karnali Pradesh","population":682,"lat":30.04651,"lng":82.15714},{"city":"Simikoṭ","state":"Karnali Pradesh","population":568,"lat":29.97142,"lng":81.81968},{"city":"Silgaḍhi̇̄","state":"Sudurpashchim Pradesh","population":0,"lat":29.2668,"lng":80.9841},{"city":"Salyān","state":"Karnali Pradesh","population":0,"lat":28.37858,"lng":82.1703},{"city":"Rāmechhāp","state":"Bagmati Province","population":0,"lat":27.3256,"lng":86.08768},{"city":"Pyūthān","state":"Lumbini Province","population":0,"lat":28.08867,"lng":82.88427},{"city":"Lamjung","state":"Gandaki Pradesh","population":0,"lat":28.20992,"lng":84.3638},{"city":"Kalikot District","state":"Karnali Pradesh","population":0,"lat":29.10201,"lng":81.67982},{"city":"Ghorahi","state":"Lumbini Province","population":0,"lat":28.04324,"lng":82.48625},{"city":"Chainpur","state":"Sudurpashchim Pradesh","population":0,"lat":29.55637,"lng":81.19858},{"city":"Bhaktapur","state":"Bagmati Province","population":0,"lat":27.67298,"lng":85.43005},{"city":"Bardiyā","state":"Lumbini Province","population":0,"lat":28.30058,"lng":81.3536},{"city":"Achhām","state":"Sudurpashchim Pradesh","population":0,"lat":29.05,"lng":81.3},{"city":"Pisang","state":"Gandaki Pradesh","population":0,"lat":28.61465,"lng":84.14721},{"city":"Chame","state":"Gandaki Pradesh","population":0,"lat":28.55369,"lng":84.25097},{"city":"Khudi","state":"Gandaki Pradesh","population":0,"lat":28.28216,"lng":84.35912},{"city":"Surkhet","state":"Karnali Pradesh","population":0,"lat":28.51746,"lng":81.7787},{"city":"Jomsom","state":"Gandaki Pradesh","population":0,"lat":28.78436,"lng":83.73513},{"city":"Nawal","state":"Gandaki Pradesh","population":0,"lat":28.64831,"lng":84.10279}]}}