{"timezone":"Asia/Macau","countries":{"China":[{"city":"Santo António","state":"Guangdong","population":129800,"lat":22.20208,"lng":113.54394},{"city":"Nossa Senhora de Fátima","state":"Guangdong","population":126000,"lat":22.20769,"lng":113.54831},{"city":"São Lourenço","state":"Guangdong","population":51700,"lat":22.18851,"lng":113.53488},{"city":"São Lázaro","state":"Guangdong","population":33100,"lat":22.1999,"lng":113.54895}],"Macao":[{"city":"Macau","state":null,"population":649335,"lat":22.20056,"lng":113.54611},{"city":"Taipa","state":"Nossa Senhora do Carmo","population":112051,"lat":22.15583,"lng":113.55694},{"city":"Sé","state":null,"population":52200,"lat":22.19089,"lng":113.54733},{"city":"Luhuan","state":"São Francisco Xavier","population":36384,"lat":22.11806,"lng":113.55194},{"city":"Zhuojiacun","state":"Nossa Senhora do Carmo","population":24000,"lat":22.16139,"lng":113.55639},{"city":"Lai Chi Van","state":"São Francisco Xavier","population":22125,"lat":22.11972,"lng":113.55111},{"city":"Jiu’ao","state":"São Francisco Xavier","population":850,"lat":22.13306,"lng":113.58139},{"city":"Cotai","state":null,"population":300,"lat":22.14082,"lng":113.5631}]}}