{"timezone":"Asia/Baku","countries":{"Azerbaijan":[{"city":"Baku","state":"Baki","population":1116513,"lat":40.37767,"lng":49.89201},{"city":"Sumqayıt","state":"Sumqayit","population":358675,"lat":40.58972,"lng":49.66861},{"city":"Ganja","state":"Gǝncǝ","population":335600,"lat":40.68157,"lng":46.36134},{"city":"Lankaran","state":"Lənkəran","population":240300,"lat":38.75428,"lng":48.85062},{"city":"Tovuz","state":"Tovuz District","population":177200,"lat":40.99249,"lng":45.62838},{"city":"Yevlakh","state":"Yevlax City","population":127400,"lat":40.61832,"lng":47.15014},{"city":"Mingachevir","state":"Mingǝcevir","population":106048,"lat":40.76422,"lng":47.06227},{"city":"Naxçıvan","state":"Nakhchivan","population":97200,"lat":39.20889,"lng":45.41222},{"city":"Qaraçuxur","state":"Baki","population":87349,"lat":40.39667,"lng":49.97361},{"city":"Saatlı","state":"Saatlı","population":87000,"lat":39.93214,"lng":48.36892},{"city":"Lerik","state":"Lerik District","population":87000,"lat":38.77388,"lng":48.41497},{"city":"Şirvan","state":"Shirvan","population":70220,"lat":39.93778,"lng":48.929},{"city":"Sheki","state":"Shaki City","population":68400,"lat":41.19194,"lng":47.17056},{"city":"Bakıxanov","state":"Baki","population":66686,"lat":40.41894,"lng":49.96693},{"city":"Agdzhabedy","state":"Ağcabǝdi","population":43000,"lat":40.05015,"lng":47.45937},{"city":"Göyçay","state":"Göyçay","population":42500,"lat":40.65055,"lng":47.74219},{"city":"Bilajari","state":"Baki","population":42194,"lat":40.4444,"lng":49.80566},{"city":"Maştağa","state":"Baki","population":40092,"lat":40.52983,"lng":50.00616},{"city":"Ağdam","state":"Ağdam","population":39451,"lat":39.99096,"lng":46.92736},{"city":"Khirdalan","state":"Abşeron","population":37949,"lat":40.44808,"lng":49.75502},{"city":"Barda","state":"Barda","population":37372,"lat":40.37577,"lng":47.12619},{"city":"Xaçmaz","state":"Xaçmaz","population":37175,"lat":41.46426,"lng":48.80565},{"city":"Salyan","state":"Salyan District","population":36555,"lat":39.59621,"lng":48.98479},{"city":"Hövsan","state":"Baki","population":36293,"lat":40.37444,"lng":50.08528},{"city":"Jalilabad","state":"Jalilabad","population":36259,"lat":39.20963,"lng":48.49186},{"city":"Shamkhor","state":"Şǝmkir","population":35421,"lat":40.82975,"lng":46.0178},{"city":"Imishli","state":"İmişli","population":34178,"lat":39.87095,"lng":48.05995},{"city":"Zaqatala","state":"Zaqatala District","population":32171,"lat":41.6316,"lng":46.64479},{"city":"Lokbatan","state":"Baki","population":30694,"lat":40.3256,"lng":49.73376},{"city":"Sabirabad","state":"Sabirabad District","population":30612,"lat":40.00869,"lng":48.47701},{"city":"Shamakhi","state":"Şamaxı","population":29403,"lat":40.63141,"lng":48.64137},{"city":"İsmayıllı","state":"Ismayilli District","population":28776,"lat":40.78485,"lng":48.15141},{"city":"Amirdzhan","state":"Baki","population":28203,"lat":40.42639,"lng":49.98361},{"city":"Fizuli","state":"Fuzuli District","population":26765,"lat":39.60094,"lng":47.14529},{"city":"Buzovna","state":"Baki","population":24795,"lat":40.51903,"lng":50.11438},{"city":"Biny Selo","state":"Baki","population":24596,"lat":40.45076,"lng":50.08686},{"city":"Ağdaş","state":"Ağdaş","population":23528,"lat":40.64699,"lng":47.4738},{"city":"Divichibazar","state":"Shabran","population":23248,"lat":41.20117,"lng":48.98712},{"city":"Hacıqabul","state":"Hacıqabul","population":23102,"lat":40.03874,"lng":48.94286},{"city":"Quba","state":"Quba","population":22405,"lat":41.36108,"lng":48.51341},{"city":"Zabrat","state":"Baki","population":21396,"lat":40.47746,"lng":49.94174},{"city":"Sabunçu","state":"Baki","population":20996,"lat":40.4425,"lng":49.94806},{"city":"Kyurdarmir","state":"Kurdamir District","population":19088,"lat":40.34257,"lng":48.15649},{"city":"Hacı Zeynalabdin","state":"Sumqayit","population":19019,"lat":40.62333,"lng":49.55861},{"city":"Qazax","state":"Qazax","population":18903,"lat":41.09246,"lng":45.36561},{"city":"Şuşa","state":"Shusha","population":18662,"lat":39.76006,"lng":46.74989},{"city":"Neftçala","state":"Neftçala","population":18661,"lat":39.3768,"lng":49.247},{"city":"Terter","state":"Tartar District","population":18185,"lat":40.34201,"lng":46.93161},{"city":"Pushkino","state":"Bilasuvar District","population":18182,"lat":39.45833,"lng":48.545},{"city":"Göygöl","state":"Goygol Rayon","population":17816,"lat":40.58584,"lng":46.3189},{"city":"Əhmədbəyli","state":"Saatlı","population":17242,"lat":39.88074,"lng":48.39158},{"city":"Aghsu","state":"Agsu District","population":17209,"lat":40.57028,"lng":48.40087},{"city":"Yeni Suraxanı","state":"Baki","population":16127,"lat":40.43026,"lng":50.03598},{"city":"Qusar","state":"Qusar District","population":16022,"lat":41.4275,"lng":48.4302},{"city":"Ujar","state":"Ucar","population":15741,"lat":40.51902,"lng":47.65423},{"city":"Beylagan","state":"Beyləqan","population":15599,"lat":39.77556,"lng":47.61861},{"city":"Mardakan","state":"Baki","population":15267,"lat":40.49182,"lng":50.14292},{"city":"Astara","state":"Astara","population":15190,"lat":38.45598,"lng":48.87498},{"city":"Belokany","state":"Balakan District","population":14800,"lat":41.72626,"lng":46.40478},{"city":"Binagadi","state":"Baki","population":14012,"lat":40.46602,"lng":49.82783},{"city":"Xudat","state":"Xaçmaz","population":13625,"lat":41.63052,"lng":48.68161},{"city":"Pirallahı","state":"Baki","population":13435,"lat":40.47013,"lng":50.32476},{"city":"Qobustan","state":"Baki","population":13398,"lat":40.08238,"lng":49.41205},{"city":"Geytepe","state":"Jalilabad","population":13340,"lat":39.11998,"lng":48.59383},{"city":"Aghstafa","state":"Ağstafa","population":12542,"lat":41.11889,"lng":45.45389},{"city":"Culfa","state":"Nakhchivan","population":12500,"lat":38.95397,"lng":45.62961},{"city":"Qax","state":"Qax","population":11992,"lat":41.41826,"lng":46.92043},{"city":"Qabala","state":"Qabala District","population":11867,"lat":40.98139,"lng":47.84583},{"city":"Badamdar","state":"Baki","population":11398,"lat":40.34024,"lng":49.8045},{"city":"Balakhani","state":"Baki","population":10863,"lat":40.46344,"lng":49.91893},{"city":"Zardob","state":"Zərdab","population":10612,"lat":40.2184,"lng":47.71214},{"city":"Goranboy","state":"Goranboy District","population":10186,"lat":40.61028,"lng":46.78972},{"city":"Saray","state":"Abşeron","population":10173,"lat":40.53299,"lng":49.71681},{"city":"Zyrya","state":"Baki","population":10099,"lat":40.36613,"lng":50.29198},{"city":"Yukhary-Dashkesan","state":"Daşkǝsǝn","population":9900,"lat":40.52393,"lng":46.08186},{"city":"Ordubad","state":"Nakhchivan","population":9781,"lat":38.90961,"lng":46.02274},{"city":"Türkan","state":"Baki","population":9699,"lat":40.3646,"lng":50.22075},{"city":"Masally","state":"Masally","population":9604,"lat":39.03532,"lng":48.6654},{"city":"Aliabad","state":"Zaqatala District","population":9103,"lat":41.4829,"lng":46.63483},{"city":"Bilajer","state":"Baki","population":8983,"lat":40.56441,"lng":50.04002},{"city":"Ramana","state":"Baki","population":8855,"lat":40.44222,"lng":49.98056},{"city":"Kyadabek","state":"Gadabay District","population":8657,"lat":40.57055,"lng":45.81229},{"city":"Corat","state":"Sumqayit","population":8624,"lat":40.57176,"lng":49.70509},{"city":"Yaycı","state":"Nakhchivan","population":8500,"lat":38.94052,"lng":45.73244},{"city":"Kalbajar","state":"Kalbajar","population":8400,"lat":40.10984,"lng":46.04446},{"city":"Jebrail","state":"Jabrayil","population":8396,"lat":39.39917,"lng":47.02835},{"city":"Cahri","state":"Nakhchivan","population":8200,"lat":39.34837,"lng":45.41557},{"city":"Nardaran","state":"Baki","population":7700,"lat":40.55611,"lng":50.00556},{"city":"Qalaqayın","state":"Sabirabad District","population":7631,"lat":39.98365,"lng":48.4836},{"city":"Yardımlı","state":"Yardimli District","population":7623,"lat":38.90771,"lng":48.24052},{"city":"Zangilan","state":"Zangilan District","population":7483,"lat":39.08371,"lng":46.65988},{"city":"Dzagam","state":"Şǝmkir","population":7442,"lat":40.9033,"lng":45.88564},{"city":"Sharur City","state":"Nakhchivan","population":7400,"lat":39.55298,"lng":44.97993},{"city":"Qobu","state":"Abşeron","population":7377,"lat":40.40472,"lng":49.71306},{"city":"Severo-Vostotchnyi Bank","state":"Neftçala","population":7075,"lat":39.41117,"lng":49.24792},{"city":"Naftalan","state":"Naftalan","population":7045,"lat":40.50821,"lng":46.8203},{"city":"Qubadlı","state":"Qubadlı","population":6890,"lat":39.34441,"lng":46.58183},{"city":"Aran","state":"Yevlax","population":6724,"lat":40.62528,"lng":46.97556},{"city":"Oğuz","state":"Oğuz","population":6600,"lat":41.07128,"lng":47.46528},{"city":"Çinarlı","state":"Qax","population":6508,"lat":41.46965,"lng":46.91582},{"city":"Mincivan","state":"Zangilan District","population":6353,"lat":39.03023,"lng":46.72329},{"city":"Qızılhacılı","state":"Goranboy District","population":6330,"lat":40.57723,"lng":46.85776},{"city":"Samux","state":"Samux","population":6013,"lat":40.76485,"lng":46.40868},{"city":"Dünyamalılar","state":"Beyləqan","population":5968,"lat":39.77278,"lng":47.75889},{"city":"Boradigah","state":"Masally","population":5904,"lat":38.93013,"lng":48.7092},{"city":"Khojaly","state":"Khojaly","population":5810,"lat":39.91361,"lng":46.79213},{"city":"Ceyranbatan","state":"Abşeron","population":5684,"lat":40.54194,"lng":49.66073},{"city":"Avşar","state":"Ağcabǝdi","population":5600,"lat":39.97389,"lng":47.42389},{"city":"Qarayeri","state":"Samux","population":5565,"lat":40.78674,"lng":46.31365},{"city":"Bum","state":"Qabala District","population":5095,"lat":41.01444,"lng":47.77806},{"city":"Khojasan","state":"Baki","population":5089,"lat":40.41293,"lng":49.76904},{"city":"Novyy Karanlug","state":"Khojavend","population":5079,"lat":39.79496,"lng":47.1117},{"city":"Martakert","state":"Tartar District","population":4600,"lat":40.21127,"lng":46.82135},{"city":"Kizhaba","state":"Astara","population":4567,"lat":38.53461,"lng":48.80546},{"city":"Mughan","state":"Hacıqabul","population":4410,"lat":40.09902,"lng":48.81886},{"city":"Dolyar","state":"Şǝmkir","population":4399,"lat":40.86278,"lng":46.03493},{"city":"Khankendi","state":"Xankǝndi","population":4367,"lat":39.8177,"lng":46.7528},{"city":"Sovetabad","state":"Neftçala","population":4308,"lat":39.33667,"lng":49.21414},{"city":"Deste","state":"Nakhchivan","population":4282,"lat":38.88375,"lng":45.90963},{"city":"Qaraçala","state":"Salyan District","population":4211,"lat":39.81614,"lng":48.93792},{"city":"Sanqaçal","state":"Baki","population":4200,"lat":40.16991,"lng":49.46394},{"city":"Xıllı","state":"Neftçala","population":3896,"lat":39.43012,"lng":49.10166},{"city":"Qobustan","state":"Qobustan","population":3754,"lat":40.5336,"lng":48.92819},{"city":"Dondar Quşçu","state":"Tovuz District","population":3482,"lat":40.9539,"lng":45.61942},{"city":"Yuxarı Salahlı","state":"Qazax","population":3406,"lat":41.24347,"lng":45.26685},{"city":"Kilyazi","state":"Xızı","population":3277,"lat":40.87392,"lng":49.34376},{"city":"Digah","state":"Abşeron","population":3211,"lat":40.49257,"lng":49.87477},{"city":"Çatax","state":"Tovuz District","population":3189,"lat":40.72622,"lng":45.55919},{"city":"Qaraxanlı","state":"Tovuz District","population":3166,"lat":41.04358,"lng":45.65527},{"city":"Şahbuz","state":"Nakhchivan","population":3127,"lat":39.40722,"lng":45.57389},{"city":"Qaxbaş","state":"Qax","population":2983,"lat":41.43254,"lng":46.9646},{"city":"Oğlanqala","state":"Nakhchivan","population":2897,"lat":39.58694,"lng":45.04611},{"city":"Qax İngiloy","state":"Qax","population":2747,"lat":41.42412,"lng":46.93859},{"city":"Horadiz","state":"Fuzuli District","population":2714,"lat":39.45015,"lng":47.33496},{"city":"Qala","state":"Baki","population":2709,"lat":40.44256,"lng":50.16759},{"city":"Böyük Qaramurad","state":"Gadabay District","population":2684,"lat":40.57626,"lng":45.63727},{"city":"Arıqıran","state":"Gadabay District","population":2659,"lat":40.53971,"lng":45.61414},{"city":"Vurğun","state":"Ağstafa","population":2635,"lat":41.09524,"lng":45.47111},{"city":"Hadrut","state":"Khojavend","population":2523,"lat":39.52003,"lng":47.0319},{"city":"Gyuzdek","state":"Abşeron","population":2462,"lat":40.37444,"lng":49.68194},{"city":"Yanıqlı","state":"Tovuz District","population":2395,"lat":40.8432,"lng":45.6803},{"city":"Novosaratovka","state":"Gadabay District","population":2328,"lat":40.59811,"lng":45.60079},{"city":"Qırmızı Samux","state":"Samux","population":2319,"lat":40.93972,"lng":46.37889},{"city":"Laçın","state":"Lachin Rayon","population":2300,"lat":39.63742,"lng":46.54977},{"city":"Qaramanlı","state":"Yevlax","population":2230,"lat":40.48135,"lng":46.99339},{"city":"Arıqdam","state":"Gadabay District","population":2200,"lat":40.59313,"lng":45.799},{"city":"Mamrux","state":"Zaqatala District","population":2150,"lat":41.54243,"lng":46.767},{"city":"Çalxanqala","state":"Nakhchivan","population":2140,"lat":39.44167,"lng":45.28333},{"city":"Korgöz","state":"Baki","population":2036,"lat":40.30446,"lng":49.6236},{"city":"Haftoni","state":"Lənkəran","population":2003,"lat":38.76325,"lng":48.76223},{"city":"Birinci Aşıqlı","state":"Beyləqan","population":1981,"lat":39.81917,"lng":47.67944},{"city":"Şuraabad","state":"Xızı","population":1945,"lat":40.8199,"lng":49.46774},{"city":"Qasım İsmayılov","state":"Şǝmkir","population":1925,"lat":40.81243,"lng":46.25938},{"city":"Sedarak","state":"Nakhchivan","population":1853,"lat":39.71427,"lng":44.88455},{"city":"Verkhniy Dashkesan","state":"Daşkǝsǝn","population":1837,"lat":40.49357,"lng":46.07175},{"city":"Faldarlı","state":"Zaqatala District","population":1767,"lat":41.46868,"lng":46.51579},{"city":"Samur","state":"Qusar District","population":1760,"lat":41.63671,"lng":48.43028},{"city":"Hacıhüseynli","state":"Quba","population":1731,"lat":41.45639,"lng":48.64889},{"city":"Baş Göynük","state":"Shaki","population":1658,"lat":41.32582,"lng":47.11357},{"city":"Qandax","state":"Zaqatala District","population":1654,"lat":41.47546,"lng":46.54128},{"city":"Askyaran","state":"Khojaly","population":1639,"lat":39.9391,"lng":46.83161},{"city":"Samuxlu","state":"Barda","population":1637,"lat":40.50781,"lng":47.16971},{"city":"Yuxarı Aran","state":"Beyləqan","population":1623,"lat":39.73361,"lng":47.655},{"city":"Çobansığnaq","state":"Tovuz District","population":1589,"lat":40.75244,"lng":45.70645},{"city":"Saloğlu","state":"Ağstafa","population":1581,"lat":41.27524,"lng":45.35293},{"city":"Orjonikidze","state":"Beyləqan","population":1557,"lat":39.63571,"lng":47.71199},{"city":"Vank","state":"Kalbajar","population":1335,"lat":40.05275,"lng":46.54419},{"city":"Qabaqçöl","state":"Balakan District","population":1293,"lat":41.75259,"lng":46.27052},{"city":"Basqal","state":"Ismayilli District","population":1234,"lat":40.7552,"lng":48.39104},{"city":"Qırmızı Bazar","state":"Khojavend","population":1211,"lat":39.67669,"lng":46.95123},{"city":"Gilgilçay","state":"Siyǝzǝn","population":1147,"lat":41.13932,"lng":49.09038},{"city":"Altıağac","state":"Xızı","population":1126,"lat":40.85785,"lng":48.9354},{"city":"Sumbatan-diza","state":"Nakhchivan","population":1024,"lat":38.94804,"lng":45.82572},{"city":"Xızı","state":"Xızı","population":1024,"lat":40.90847,"lng":49.07481},{"city":"Puta","state":"Baki","population":1018,"lat":40.29667,"lng":49.66028},{"city":"Ashagy Aylis","state":"Nakhchivan","population":992,"lat":38.93079,"lng":45.98959},{"city":"Qazanbulaq","state":"Goranboy District","population":980,"lat":40.61871,"lng":46.64922},{"city":"İstisu","state":"Kalbajar","population":929,"lat":39.94628,"lng":45.96062},{"city":"Arafsa","state":"Nakhchivan","population":927,"lat":39.29383,"lng":45.78811},{"city":"Lahıc","state":"Ismayilli District","population":925,"lat":40.84618,"lng":48.38227},{"city":"Neft Daşları","state":"Baki","population":916,"lat":40.25213,"lng":50.84003},{"city":"Alunitdağ","state":"Daşkǝsǝn","population":857,"lat":40.52959,"lng":46.05225},{"city":"Begimli","state":"Zərdab","population":830,"lat":40.25234,"lng":47.82303},{"city":"Qaraçı","state":"Xaçmaz","population":785,"lat":41.444,"lng":48.83582},{"city":"Shongar","state":"Baki","population":730,"lat":40.32157,"lng":49.59907},{"city":"Gyurgyan","state":"Baki","population":712,"lat":40.39701,"lng":50.33667},{"city":"Kyzyl-Burun","state":"Siyǝzǝn","population":3,"lat":41.07811,"lng":49.11564},{"city":"Qıvraq","state":"Nakhchivan","population":0,"lat":39.39939,"lng":45.11513},{"city":"Tazakend","state":"Nakhchivan","population":0,"lat":39.15459,"lng":45.44282},{"city":"Heydarabad","state":"Nakhchivan","population":0,"lat":39.72286,"lng":44.84846}]}}