{"timezone":"Asia/Ho_Chi_Minh","countries":{"Indonesia":[{"city":"Kota Sambas","state":"West Kalimantan","population":57295,"lat":1.36259,"lng":109.30093}],"Vietnam":[{"city":"Ho Chi Minh City","state":"Ho Chi Minh City (HCMC)","population":14002598,"lat":10.82302,"lng":106.62965},{"city":"Cần Thơ","state":"Can Tho City","population":1507187,"lat":10.03711,"lng":105.78825},{"city":"Da Nang","state":"Da Nang City","population":1276000,"lat":16.06778,"lng":108.22083},{"city":"Biên Hòa","state":"Dong Nai","population":1272235,"lat":10.94469,"lng":106.82432},{"city":"Thuận An","state":"Ho Chi Minh City (HCMC)","population":588616,"lat":10.9239,"lng":106.71428},{"city":"Nha Trang","state":"Khanh Hoa","population":579000,"lat":12.24507,"lng":109.19432},{"city":"Chợ Lớn","state":"Ho Chi Minh City (HCMC)","population":561000,"lat":10.75,"lng":106.65},{"city":"Bình Thạnh","state":"Ho Chi Minh City (HCMC)","population":552164,"lat":10.811,"lng":106.706},{"city":"Thủ Đức","state":"Ho Chi Minh City (HCMC)","population":524670,"lat":10.84863,"lng":106.77209},{"city":"Qui Nhon","state":"Gia Lai","population":519208,"lat":13.77648,"lng":109.22367},{"city":"Vũng Tàu","state":"Ho Chi Minh City (HCMC)","population":464860,"lat":10.34599,"lng":107.08426},{"city":"Dĩ An","state":"Ho Chi Minh City (HCMC)","population":463023,"lat":10.90682,"lng":106.7694},{"city":"Rạch Giá","state":"An Giang","population":459860,"lat":10.01245,"lng":105.08091},{"city":"Buôn Ma Thuột","state":"Dak Lak","population":434256,"lat":12.66747,"lng":108.03775},{"city":"Quận Mười","state":"Ho Chi Minh City (HCMC)","population":399000,"lat":10.76823,"lng":106.66632},{"city":"Thủ Dầu Một","state":"Ho Chi Minh City (HCMC)","population":373105,"lat":10.9804,"lng":106.6519},{"city":"Bến Cát","state":"Ho Chi Minh City (HCMC)","population":364578,"lat":11.15,"lng":106.6},{"city":"Bắc Từ Liêm","state":"Hanoi","population":340605,"lat":21.06532,"lng":105.74661},{"city":"Quận Mười Một","state":"Ho Chi Minh City (HCMC)","population":332536,"lat":10.76383,"lng":106.64355},{"city":"An Nhơn","state":"Gia Lai","population":308396,"lat":13.88579,"lng":109.10823},{"city":"Phu Quoc","state":"An Giang","population":294419,"lat":10.22409,"lng":103.97156},{"city":"Phú Mỹ","state":"Ho Chi Minh City (HCMC)","population":287055,"lat":10.63333,"lng":107.06667},{"city":"Long Xuyên","state":"An Giang","population":286140,"lat":10.38639,"lng":105.43518},{"city":"Quảng Ngãi","state":"Quang Ngai","population":278496,"lat":15.12047,"lng":108.79232},{"city":"Quận Sáu","state":"Ho Chi Minh City (HCMC)","population":271050,"lat":10.7468,"lng":106.64903},{"city":"Mỹ Tho","state":"Dong Thap","population":270700,"lat":10.36004,"lng":106.35996},{"city":"Ðà Lạt","state":"Lam Dong","population":258014,"lat":11.94646,"lng":108.44193},{"city":"Xuân Lộc","state":"Dong Nai","population":253140,"lat":10.93333,"lng":107.23333},{"city":"Thành Phố Bà Rịa","state":"Ho Chi Minh City (HCMC)","population":235192,"lat":10.49626,"lng":107.1685},{"city":"Ninh Hòa","state":"Khanh Hoa","population":230566,"lat":12.49187,"lng":109.12495},{"city":"Phan Thiết","state":"Lam Dong","population":228536,"lat":10.92889,"lng":108.10208},{"city":"Điện Bàn","state":"Da Nang City","population":226564,"lat":15.88853,"lng":108.25447},{"city":"Cà Mau","state":"Ca Mau","population":226372,"lat":9.17682,"lng":105.15242},{"city":"Sóc Trăng","state":"Can Tho City","population":221430,"lat":9.59995,"lng":105.97193},{"city":"Chí Linh","state":"Hai Phong","population":220421,"lat":21.06667,"lng":106.31667},{"city":"Quận Ba","state":"Ho Chi Minh City (HCMC)","population":220375,"lat":10.77494,"lng":106.68628},{"city":"Tân An","state":"Tay Ninh","population":215250,"lat":10.53589,"lng":106.41366},{"city":"Sa Dec","state":"Dong Thap","population":214610,"lat":10.29085,"lng":105.75635},{"city":"Cao Lãnh","state":"Dong Thap","population":211912,"lat":10.46017,"lng":105.63294},{"city":"Phan Rang-Tháp Chàm","state":"Khanh Hoa","population":207998,"lat":11.56432,"lng":108.98858},{"city":"Việt Yên","state":"Bac Ninh","population":205900,"lat":21.26667,"lng":106.13333},{"city":"Kon Tum","state":"Quang Ngai","population":205762,"lat":14.35451,"lng":108.00759},{"city":"Thanh Khê","state":"Da Nang City","population":201240,"lat":16.0706,"lng":108.19102},{"city":"Quận Bốn","state":"Ho Chi Minh City (HCMC)","population":199329,"lat":10.76684,"lng":106.70574},{"city":"Quận Năm","state":"Ho Chi Minh City (HCMC)","population":187510,"lat":10.75567,"lng":106.66745},{"city":"Vĩnh Châu","state":"Can Tho City","population":183918,"lat":9.32439,"lng":105.98006},{"city":"Phú Quốc","state":"An Giang","population":179480,"lat":10.28715,"lng":104.01047},{"city":"Tân Châu","state":"An Giang","population":175211,"lat":10.79832,"lng":105.23887},{"city":"Long Khánh","state":"Dong Nai","population":171276,"lat":10.92655,"lng":107.24783},{"city":"Bảo Lộc","state":"Lam Dong","population":170920,"lat":11.54798,"lng":107.80772},{"city":"Đồng Xoài","state":"Dong Nai","population":168000,"lat":11.53495,"lng":106.88324},{"city":"Tam Kỳ","state":"Da Nang City","population":165240,"lat":15.57364,"lng":108.47403},{"city":"Trảng Bàng","state":"Tay Ninh","population":161831,"lat":11.02987,"lng":106.35751},{"city":"Đưc Trọng","state":"Lam Dong","population":161232,"lat":11.73559,"lng":108.3733},{"city":"La Gi","state":"Lam Dong","population":160652,"lat":10.65993,"lng":107.77206},{"city":"Thành phố Trà Vinh","state":"Vinh Long","population":160310,"lat":9.94719,"lng":106.34225},{"city":"Thốt Nốt","state":"Can Tho City","population":158225,"lat":10.27213,"lng":105.5338},{"city":"Bạc Liêu","state":"Ca Mau","population":156110,"lat":9.29414,"lng":105.72776},{"city":"Tuy Hòa","state":"Dak Lak","population":155921,"lat":13.09546,"lng":109.32094},{"city":"Đức Phổ","state":"Quang Ngai","population":155743,"lat":14.81355,"lng":108.95931},{"city":"Cần Giuộc","state":"Tay Ninh","population":152200,"lat":10.60857,"lng":106.67135},{"city":"Hòa Thành","state":"Tay Ninh","population":147666,"lat":11.28696,"lng":106.12936},{"city":"Cam Ranh","state":"Khanh Hoa","population":146771,"lat":11.92144,"lng":109.15913},{"city":"Giá Rai","state":"Ca Mau","population":145340,"lat":9.23444,"lng":105.45833},{"city":"Huyện Lâm Hà","state":"Lam Dong","population":144707,"lat":11.81554,"lng":108.21444},{"city":"Tịnh Biên","state":"An Giang","population":143098,"lat":10.59591,"lng":104.93669},{"city":"Cai Lậy","state":"Dong Thap","population":143050,"lat":10.4,"lng":106.11667},{"city":"Vĩnh Long","state":"Vinh Long","population":137870,"lat":10.25369,"lng":105.9722},{"city":"Cẩm Phả Mines","state":"Quảng Ninh","population":135477,"lat":21.01667,"lng":107.3},{"city":"Tây Ninh","state":"Tay Ninh","population":135254,"lat":11.31004,"lng":106.09828},{"city":"Quận Đức Thịnh","state":null,"population":132000,"lat":10.30989,"lng":105.73855},{"city":"Hải Châu","state":"Da Nang City","population":131427,"lat":15.91667,"lng":108.13333},{"city":"Sầm Sơn","state":"Thanh Hóa Province","population":129801,"lat":19.73333,"lng":105.9},{"city":"Ô Môn","state":"Can Tho City","population":129683,"lat":10.10974,"lng":105.62318},{"city":"Thành phố Sông Công","state":"Thai Nguyen","population":128357,"lat":21.4772,"lng":105.84137},{"city":"Buôn Hồ","state":"Dak Lak","population":127920,"lat":12.95226,"lng":108.2962},{"city":"Bến Tre","state":"Vinh Long","population":124449,"lat":10.24147,"lng":106.37585},{"city":"Chơn Thành","state":"Dong Nai","population":121083,"lat":11.42821,"lng":106.63536},{"city":"Hòa Cường","state":"Da Nang City","population":119363,"lat":16.04314,"lng":108.18209},{"city":"Bắc Quang","state":"Tuyen Quang","population":118690,"lat":22.48333,"lng":104.86667},{"city":"Cờ Đỏ","state":"Can Tho City","population":116576,"lat":10.09377,"lng":105.42916},{"city":"Pleiku","state":"Gia Lai","population":114225,"lat":13.98333,"lng":108.0},{"city":"Bình Thủy","state":"Can Tho City","population":113565,"lat":10.07431,"lng":105.73974},{"city":"Gò Vấp","state":"Ho Chi Minh City (HCMC)","population":110850,"lat":10.81667,"lng":106.68333},{"city":"Thới Lai","state":"Can Tho City","population":109684,"lat":10.06522,"lng":105.55863},{"city":"Ngã Bảy","state":"Can Tho City","population":101192,"lat":9.81371,"lng":105.82096},{"city":"Hồng Ngự","state":"Dong Thap","population":101155,"lat":10.8,"lng":105.35},{"city":"Hà Tiên","state":"An Giang","population":100560,"lat":10.3831,"lng":104.48753},{"city":"Phong Điền","state":"Can Tho City","population":98424,"lat":9.99753,"lng":105.6673},{"city":"Vĩnh Thạnh","state":"Can Tho City","population":98399,"lat":10.22263,"lng":105.39841},{"city":"Gò Công","state":"Dong Thap","population":97709,"lat":10.36667,"lng":106.66667},{"city":"Hương Thủy","state":"Thừa Thiên Huế Province","population":95299,"lat":16.42184,"lng":107.63999},{"city":"Bình Minh","state":"Vinh Long","population":94862,"lat":10.06821,"lng":105.82221},{"city":"Sông Cầu","state":"Dak Lak","population":94066,"lat":13.4556,"lng":109.22348},{"city":"Tân Bình","state":"Ho Chi Minh City (HCMC)","population":89373,"lat":10.8025,"lng":106.66},{"city":"Sơn Trà","state":"Da Nang City","population":86890,"lat":16.06068,"lng":108.23256},{"city":"Cái Răng","state":"Can Tho City","population":86278,"lat":10.0009,"lng":105.75095},{"city":"Gia Nghĩa","state":"Lam Dong","population":85082,"lat":12.00423,"lng":107.69074},{"city":"An Hải","state":"Da Nang City","population":82635,"lat":16.06667,"lng":108.23333},{"city":"An Khê","state":"Gia Lai","population":81600,"lat":13.95,"lng":108.65},{"city":"Cung Kiệm","state":"Bac Ninh","population":80000,"lat":21.18697,"lng":106.16076},{"city":"Cẩm Lệ","state":"Da Nang City","population":78837,"lat":16.01771,"lng":108.20381},{"city":"Củ Chi","state":"Ho Chi Minh City (HCMC)","population":75000,"lat":10.97333,"lng":106.49325},{"city":"Châu Đốc","state":"An Giang","population":70239,"lat":10.7,"lng":105.11667},{"city":"Quận Đức Thành","state":null,"population":70000,"lat":10.25874,"lng":105.646},{"city":"Duyên Hải","state":"Vinh Long","population":69961,"lat":9.63497,"lng":106.49237},{"city":"Núi Thành","state":"Da Nang City","population":69406,"lat":15.43194,"lng":108.65946},{"city":"Nghĩa Lộ","state":"Lao Cai","population":68206,"lat":21.6,"lng":104.51667},{"city":"Thái Hòa","state":"Nghệ An Province","population":66127,"lat":18.92031,"lng":104.97441},{"city":"Thành Phố Uông Bí","state":"Quảng Ninh","population":63829,"lat":21.03433,"lng":106.77049},{"city":"Long Mỹ","state":"Can Tho City","population":61781,"lat":9.68141,"lng":105.57226},{"city":"Ngã Năm","state":"Can Tho City","population":58588,"lat":9.56513,"lng":105.59897},{"city":"Trảng Bom","state":"Dong Nai","population":57560,"lat":10.95358,"lng":107.00589},{"city":"Châu Phong","state":"An Giang","population":56322,"lat":10.71667,"lng":105.13333},{"city":"Trần Văn Thời","state":"Ca Mau","population":55897,"lat":9.07713,"lng":104.97914},{"city":"Cần Giờ","state":"Ho Chi Minh City (HCMC)","population":55137,"lat":10.41115,"lng":106.95474},{"city":"Xóm Cái Nước","state":"An Giang","population":54397,"lat":9.8,"lng":105.1},{"city":"Phong Thạnh","state":"Ca Mau","population":53912,"lat":9.32361,"lng":105.34639},{"city":"Bỉm Sơn","state":"Thanh Hóa Province","population":53754,"lat":20.07806,"lng":105.86028},{"city":"Uyen Hung","state":"Ho Chi Minh City (HCMC)","population":52873,"lat":11.08416,"lng":106.78834},{"city":"Đố Sơn","state":"Hai Phong","population":51417,"lat":20.71361,"lng":106.78944},{"city":"Cần Đước","state":"Tay Ninh","population":50473,"lat":10.50966,"lng":106.60308},{"city":"Mui Ne","state":"Lam Dong","population":50166,"lat":10.93314,"lng":108.28327},{"city":"Vinhomes Smart City","state":"Hanoi","population":50000,"lat":21.0045,"lng":105.7404},{"city":"Phú Khương","state":"Tay Ninh","population":47966,"lat":11.28333,"lng":106.13333},{"city":"Ấp Một","state":"Can Tho City","population":42766,"lat":9.84217,"lng":105.53602},{"city":"Óc Eo","state":"An Giang","population":39481,"lat":10.24212,"lng":105.155},{"city":"Hưng Mỹ","state":"Ca Mau","population":38687,"lat":8.9,"lng":104.98333},{"city":"Thới Bình","state":"Ca Mau","population":38116,"lat":9.35584,"lng":105.09929},{"city":"Cái Đôi Vàm","state":"Ca Mau","population":36444,"lat":8.85707,"lng":104.81199},{"city":"Ô Chợ Dừa","state":"Hanoi","population":36318,"lat":21.02146,"lng":105.82464},{"city":"Dương Minh Châu","state":"Tay Ninh","population":35878,"lat":11.38414,"lng":106.23078},{"city":"Xã Long Hải","state":"Ho Chi Minh City (HCMC)","population":35167,"lat":10.38706,"lng":107.23884},{"city":"A Yun Pa","state":"Gia Lai","population":35058,"lat":13.40025,"lng":108.43503},{"city":"Hàm Ninh","state":"An Giang","population":33503,"lat":10.18058,"lng":104.04769},{"city":"Hoi An","state":"Da Nang City","population":32757,"lat":15.87944,"lng":108.335},{"city":"Xóm Mỹ Xuân","state":"Ho Chi Minh City (HCMC)","population":32345,"lat":10.61667,"lng":107.06667},{"city":"Láng Thượng","state":"Hanoi","population":31279,"lat":21.02374,"lng":105.8036},{"city":"Năm Căn","state":"Ca Mau","population":30135,"lat":8.75899,"lng":104.99285},{"city":"Cát Bà","state":"Hai Phong","population":30000,"lat":20.72779,"lng":107.04819},{"city":"Tu Bông","state":"Khanh Hoa","population":29751,"lat":12.76667,"lng":109.3},{"city":"An Trạch","state":"Ca Mau","population":28412,"lat":9.06861,"lng":105.39583},{"city":"Quảng Phú","state":"Dak Lak","population":26733,"lat":12.81965,"lng":108.07738},{"city":"Núi Sập","state":"An Giang","population":25633,"lat":10.26478,"lng":105.26676},{"city":"Phú Quý","state":"Lam Dong","population":25267,"lat":10.5166,"lng":108.93292},{"city":"Phước An","state":"Dak Lak","population":25120,"lat":12.71298,"lng":108.30148},{"city":"Xuân Mai","state":"Hanoi","population":25100,"lat":20.9,"lng":105.58333},{"city":"Quang Minh","state":"Hanoi","population":25000,"lat":21.18884,"lng":105.77269},{"city":"Ecopark","state":"Hưng Yên Province","population":25000,"lat":20.9621,"lng":105.9318},{"city":"Vị Thanh","state":"Can Tho City","population":24477,"lat":9.78449,"lng":105.47012},{"city":"Mỹ Lại","state":"Quang Ngai","population":23978,"lat":15.18764,"lng":108.88904},{"city":"Mỹ Khê","state":"Quang Ngai","population":23978,"lat":15.15,"lng":108.9},{"city":"Buôn Trấp","state":"Dak Lak","population":23683,"lat":12.48478,"lng":108.02982},{"city":"thị xã Quảng Trị","state":"Quang Tri","population":23356,"lat":16.75083,"lng":107.18278},{"city":"Tam Giang","state":"Ca Mau","population":23277,"lat":8.8,"lng":105.18333},{"city":"Tràm Chim","state":"Dong Thap","population":22725,"lat":10.67001,"lng":105.56469},{"city":"Ấp Hô Phòng","state":"Ca Mau","population":22317,"lat":9.22583,"lng":105.41861},{"city":"Lý Sơn","state":"Quang Ngai","population":22174,"lat":15.37198,"lng":109.11891},{"city":"Ấp Phước Tĩnh","state":"Ho Chi Minh City (HCMC)","population":22106,"lat":10.4,"lng":107.18333},{"city":"Ea Drăng","state":"Dak Lak","population":20600,"lat":13.2045,"lng":108.21029},{"city":"Mường Lay","state":"Điện Biên Province","population":20450,"lat":22.0,"lng":103.13333},{"city":"Thị Trấn Đất Đỏ","state":"Ho Chi Minh City (HCMC)","population":20187,"lat":10.49093,"lng":107.27014},{"city":"Vinhomes Royal City","state":"Hanoi","population":20000,"lat":21.0028,"lng":105.8151},{"city":"Nhà Bè","state":"Ho Chi Minh City (HCMC)","population":17264,"lat":10.69672,"lng":106.74032},{"city":"Cổ Lóa","state":"Hanoi","population":16514,"lat":21.11667,"lng":105.86667},{"city":"Đại Lộc","state":"Da Nang City","population":16215,"lat":15.88214,"lng":108.12092},{"city":"Đinh Văn","state":"Lam Dong","population":16036,"lat":11.78624,"lng":108.24282},{"city":"Phước Hòa","state":"Dong Nai","population":15418,"lat":12.1,"lng":107.11667},{"city":"Ấp Bình Châu","state":"Ho Chi Minh City (HCMC)","population":15344,"lat":10.55,"lng":107.55},{"city":"Bà Nà","state":"Da Nang City","population":15276,"lat":15.98333,"lng":107.98333},{"city":"Dương Đông","state":"An Giang","population":15000,"lat":10.21716,"lng":103.95929},{"city":"Bình Long","state":"Dong Nai","population":15000,"lat":11.64711,"lng":106.60586},{"city":"Ông Yến","state":"Ca Mau","population":14141,"lat":9.483,"lng":105.34588},{"city":"Rạch Gốc","state":"Ca Mau","population":13144,"lat":8.61187,"lng":105.00507},{"city":"Ba Chúc","state":"An Giang","population":13122,"lat":10.49427,"lng":104.9072},{"city":"Côn Đảo","state":"Ho Chi Minh City (HCMC)","population":13112,"lat":8.70287,"lng":106.64892},{"city":"Lao Bảo","state":"Quang Tri","population":12862,"lat":16.61406,"lng":106.60065},{"city":"Ea Na","state":"Dak Lak","population":12780,"lat":12.54289,"lng":107.98978},{"city":"Phú Túc","state":"Gia Lai","population":12000,"lat":13.19682,"lng":108.69043},{"city":"Suối Nghệ","state":"Ho Chi Minh City (HCMC)","population":11894,"lat":10.59194,"lng":107.21619},{"city":"Cửa Lô","state":"Nghệ An Province","population":11884,"lat":18.81667,"lng":105.71667},{"city":"Trại Khoai","state":"Hanoi","population":11833,"lat":21.13174,"lng":105.34479},{"city":"Kép","state":"Bac Ninh","population":11832,"lat":21.4,"lng":106.26667},{"city":"Xuân Trùng","state":"Phu Tho","population":11506,"lat":21.05751,"lng":105.28383},{"city":"Lăng Cô","state":"Thừa Thiên Huế Province","population":10810,"lat":16.23866,"lng":108.08041},{"city":"Đại Nghĩa","state":"Da Nang City","population":10808,"lat":15.87901,"lng":108.08903},{"city":"Đại Quang","state":"Da Nang City","population":10666,"lat":15.86667,"lng":108.05},{"city":"Đại Đồng","state":"Da Nang City","population":10659,"lat":15.87439,"lng":108.02133},{"city":"Ấp Bình Chánh","state":"An Giang","population":10000,"lat":10.55329,"lng":105.25808},{"city":"Tra Que Vegetable Village","state":"Da Nang City","population":10000,"lat":15.90223,"lng":108.33884},{"city":"Xuyên Mộc","state":"Ho Chi Minh City (HCMC)","population":9804,"lat":10.56667,"lng":107.41667},{"city":"Xã Bình Giả","state":"Ho Chi Minh City (HCMC)","population":9780,"lat":10.65,"lng":107.26667},{"city":"Ông Do","state":"Ca Mau","population":9253,"lat":8.82432,"lng":105.00874},{"city":"Ấp Xuân Sơn","state":"Ho Chi Minh City (HCMC)","population":9117,"lat":10.65,"lng":107.35},{"city":"Sa Rài","state":"Dong Thap","population":9003,"lat":10.87016,"lng":105.46583},{"city":"Ấp Tân Mỹ","state":"Dong Thap","population":8923,"lat":10.61667,"lng":105.51667},{"city":"Thị Trấn Đồng Đăng","state":"Lạng Sơn Province","population":8922,"lat":21.9511,"lng":106.69767},{"city":"Kim Song Trường","state":"Hà Tĩnh Province","population":8905,"lat":18.46343,"lng":105.68731},{"city":"Ấp Tân Ngãi","state":"Vinh Long","population":8887,"lat":10.23333,"lng":106.28333},{"city":"Trường Sơn","state":"Hà Tĩnh Province","population":8757,"lat":18.38333,"lng":105.73333},{"city":"U Minh","state":"Ca Mau","population":8696,"lat":9.41286,"lng":104.97353},{"city":"Tuần Giáo","state":"Điện Biên Province","population":8512,"lat":21.58333,"lng":103.41667},{"city":"Nhã Nam","state":"Bac Ninh","population":8461,"lat":21.45,"lng":106.1},{"city":"Đại Cường","state":"Da Nang City","population":8436,"lat":15.85,"lng":108.08333},{"city":"An Hà","state":"Da Nang City","population":8245,"lat":15.58333,"lng":108.48333},{"city":"Tân Ninh","state":"Dong Thap","population":8000,"lat":10.33353,"lng":106.4449},{"city":"Phúc Sơn","state":"Nghệ An Province","population":7746,"lat":18.96667,"lng":105.05},{"city":"Buôn Tur","state":"Dak Lak","population":7500,"lat":12.5,"lng":108.01667},{"city":"Ea Súp","state":"Dak Lak","population":7484,"lat":13.06616,"lng":107.88546},{"city":"Phong Châu","state":"Hanoi","population":7346,"lat":21.23931,"lng":105.43247},{"city":"Côn Sơn","state":"Ho Chi Minh City (HCMC)","population":6800,"lat":8.68641,"lng":106.60824},{"city":"Bùi Xá","state":"Hà Tĩnh Province","population":6634,"lat":18.38983,"lng":105.82503},{"city":"Bắc Lũng","state":"Bac Ninh","population":6618,"lat":21.26667,"lng":106.38333},{"city":"Trà My","state":"Da Nang City","population":6559,"lat":15.33965,"lng":108.22065},{"city":"Na Lay","state":"Điện Biên Province","population":6556,"lat":22.03509,"lng":103.15347},{"city":"Nà Tấu","state":"Điện Biên Province","population":6333,"lat":21.50635,"lng":103.1178},{"city":"Si Pa Phìn","state":"Điện Biên Province","population":6090,"lat":21.80147,"lng":102.96263},{"city":"Đồng Lộc","state":"Hà Tĩnh Province","population":6076,"lat":18.37606,"lng":105.71747},{"city":"Đại Tân","state":"Da Nang City","population":5881,"lat":15.83333,"lng":108.05},{"city":"Xã An Ngãi","state":"Ho Chi Minh City (HCMC)","population":5740,"lat":10.48333,"lng":107.23333},{"city":"Phúc Trạch","state":"Hà Tĩnh Province","population":5550,"lat":18.13333,"lng":105.76667},{"city":"Liên Sơn","state":"Dak Lak","population":5425,"lat":12.41086,"lng":108.17682},{"city":"Kannack","state":"Gia Lai","population":5384,"lat":14.15,"lng":108.61667},{"city":"Lay Nưa","state":"Điện Biên Province","population":5376,"lat":22.01758,"lng":103.11625},{"city":"Xóm Bến Củi","state":"Tay Ninh","population":5150,"lat":11.26667,"lng":106.35},{"city":"Nghĩa Đàn","state":"Nghệ An Province","population":5037,"lat":19.3,"lng":105.43333},{"city":"Lũng Cú","state":"Tuyen Quang","population":4885,"lat":23.36106,"lng":105.31552},{"city":"Lâm Đớt","state":"Thừa Thiên Huế Province","population":4611,"lat":16.07565,"lng":107.35555},{"city":"Quảng Nhâm","state":"Thừa Thiên Huế Province","population":4527,"lat":16.231,"lng":107.18371},{"city":"Vạn Thạnh","state":"Khanh Hoa","population":4476,"lat":12.67075,"lng":109.40382},{"city":"Nằm Vi","state":"Điện Biên Province","population":4163,"lat":22.21667,"lng":102.51667},{"city":"Nong Hạ","state":"Thai Nguyen","population":4062,"lat":21.95,"lng":105.8},{"city":"Thôn La Vang Chinh","state":"Quang Tri","population":4000,"lat":16.71667,"lng":107.23333},{"city":"Phù Ninh","state":"Hanoi","population":4000,"lat":21.08333,"lng":105.95},{"city":"Phổng Lăng","state":"Sơn La Province","population":3792,"lat":21.46463,"lng":103.67036},{"city":"Xuân Lạc","state":"Nghệ An Province","population":3764,"lat":19.0,"lng":105.28333},{"city":"Phương Linh","state":"Phu Tho","population":3679,"lat":21.46709,"lng":105.09871},{"city":"Hòa Hợp","state":"Hà Tĩnh Province","population":3560,"lat":18.3114,"lng":105.9099},{"city":"Pú Hồng","state":"Điện Biên Province","population":3443,"lat":21.0696,"lng":103.23711},{"city":"An Bá","state":"Quang Ngai","population":3333,"lat":14.98333,"lng":108.85},{"city":"Trung Sơn","state":"Thừa Thiên Huế Province","population":3295,"lat":16.32497,"lng":107.16051},{"city":"Ấp Long Thọ","state":"Vinh Long","population":3126,"lat":10.13333,"lng":106.03333},{"city":"Giáo Liêm","state":"Quang Tri","population":2871,"lat":16.85,"lng":107.15},{"city":"Thị Trấn Phố Bảng","state":"Tuyen Quang","population":2811,"lat":23.25432,"lng":105.18448},{"city":"Hạ Hiệu","state":"Thai Nguyen","population":2739,"lat":22.43333,"lng":105.85},{"city":"Sơn Thủy","state":"Thừa Thiên Huế Province","population":2437,"lat":16.25282,"lng":107.27268},{"city":"A Ngo","state":"Thừa Thiên Huế Province","population":2404,"lat":16.25772,"lng":107.2438},{"city":"Lao Chải","state":"Lao Cai","population":2324,"lat":22.31377,"lng":103.86844},{"city":"Sà Phìn","state":"Tuyen Quang","population":2264,"lat":23.26667,"lng":105.25},{"city":"Hồng Vân","state":"Thừa Thiên Huế Province","population":2136,"lat":16.36458,"lng":107.12174},{"city":"Tân Hiệp","state":null,"population":2091,"lat":15.95,"lng":108.5},{"city":"An Thới","state":"An Giang","population":1957,"lat":10.01914,"lng":104.01499},{"city":"Lương Bằng","state":"Phu Tho","population":1937,"lat":21.64841,"lng":105.02855},{"city":"Thổ Châu","state":null,"population":1829,"lat":9.30313,"lng":103.4755},{"city":"Hồng Thượng","state":"Thừa Thiên Huế Province","population":1669,"lat":16.18567,"lng":107.26085},{"city":"Hồng Bắc","state":"Thừa Thiên Huế Province","population":1513,"lat":16.27728,"lng":107.18339},{"city":"Ấp Hòa Thanh","state":"Lam Dong","population":1474,"lat":11.03333,"lng":108.16667},{"city":"Hồng Kim","state":"Thừa Thiên Huế Province","population":1451,"lat":16.33523,"lng":107.23719},{"city":"Yên Thượng","state":"Nghệ An Province","population":1264,"lat":18.88333,"lng":105.28333},{"city":"Hồng Hạ","state":"Thừa Thiên Huế Province","population":1153,"lat":16.30055,"lng":107.31292},{"city":"Đông Sơn","state":"Thừa Thiên Huế Province","population":1081,"lat":16.11259,"lng":107.31998},{"city":"Hồng Thái","state":"Thừa Thiên Huế Province","population":1070,"lat":16.18436,"lng":107.20714},{"city":"Phú Vinh","state":"Thừa Thiên Huế Province","population":943,"lat":16.22798,"lng":107.29625},{"city":"Gia Ray","state":"Dong Nai","population":0,"lat":10.92615,"lng":107.40172},{"city":"Vũng Liêm","state":"Vinh Long","population":0,"lat":10.09576,"lng":106.18548},{"city":"Võ Xu","state":"Lam Dong","population":0,"lat":11.18691,"lng":107.56025},{"city":"Vĩnh Thuận","state":"An Giang","population":0,"lat":9.50802,"lng":105.25747},{"city":"Vĩnh Thạnh","state":"Gia Lai","population":0,"lat":14.10884,"lng":108.78381},{"city":"Vĩnh Bình","state":"Dong Thap","population":0,"lat":10.34498,"lng":106.58056},{"city":"Vạn Giã","state":"Khanh Hoa","population":0,"lat":12.69203,"lng":109.22069},{"city":"Vân Canh","state":"Gia Lai","population":0,"lat":13.61945,"lng":108.99805},{"city":"Tuy Phước","state":"Gia Lai","population":0,"lat":13.82738,"lng":109.16651},{"city":"Tư Nghĩa","state":"Quang Ngai","population":0,"lat":15.08451,"lng":108.826},{"city":"Tri Tôn","state":"An Giang","population":0,"lat":10.4202,"lng":105.00073},{"city":"Trà Ôn","state":"Vinh Long","population":0,"lat":9.96261,"lng":105.92168},{"city":"Trà Cú","state":"Vinh Long","population":0,"lat":9.69774,"lng":106.25834},{"city":"Trà Bồng","state":"Quang Ngai","population":0,"lat":15.25569,"lng":108.51722},{"city":"Tiểu Cần","state":"Vinh Long","population":0,"lat":9.81166,"lng":106.19067},{"city":"Tiên Phước","state":"Da Nang City","population":0,"lat":15.48819,"lng":108.30736},{"city":"Thủ Thừa","state":"Tay Ninh","population":0,"lat":10.60232,"lng":106.40207},{"city":"Phú Lộc","state":"Can Tho City","population":0,"lat":9.42838,"lng":105.74111},{"city":"Thạnh Phú","state":"Vinh Long","population":0,"lat":9.94827,"lng":106.51629},{"city":"Thanh Bình","state":"Dong Thap","population":0,"lat":10.5619,"lng":105.48411},{"city":"Đầm Dơi","state":"Ca Mau","population":0,"lat":8.99214,"lng":105.19602},{"city":"Tánh Linh","state":"Lam Dong","population":0,"lat":11.08421,"lng":107.68095},{"city":"Tân Hiệp","state":"Dong Thap","population":0,"lat":10.44905,"lng":106.34386},{"city":"Tân Hiệp","state":"An Giang","population":0,"lat":10.11709,"lng":105.28578},{"city":"Tam Bình","state":"Vinh Long","population":0,"lat":10.04811,"lng":106.00017},{"city":"Thị Trấn Tà Lùng","state":"Cao Bằng Province","population":0,"lat":22.4979,"lng":106.5669},{"city":"Sơn Tịnh","state":"Quang Ngai","population":0,"lat":15.15856,"lng":108.79582},{"city":"Sơn Hà","state":"Quang Ngai","population":0,"lat":15.04193,"lng":108.46973},{"city":"Quế Sơn","state":"Da Nang City","population":0,"lat":15.67356,"lng":108.2201},{"city":"Plei Kần","state":"Quang Ngai","population":0,"lat":14.70495,"lng":107.6862},{"city":"Phú Phong","state":"Gia Lai","population":0,"lat":13.90964,"lng":108.91903},{"city":"Phụng Hiệp","state":"Can Tho City","population":0,"lat":9.77972,"lng":105.7338},{"city":"Phù Mỹ","state":"Gia Lai","population":0,"lat":14.17182,"lng":109.04888},{"city":"Phù Cát","state":"Gia Lai","population":0,"lat":14.00316,"lng":109.05804},{"city":"Nhơn Trạch","state":"Dong Nai","population":0,"lat":10.72294,"lng":106.88341},{"city":"Nhà Bàng","state":"An Giang","population":0,"lat":10.61772,"lng":105.00343},{"city":"Nghĩa Hành","state":"Quang Ngai","population":0,"lat":15.04568,"lng":108.77724},{"city":"Thị Trấn Ngải Giao","state":"Ho Chi Minh City (HCMC)","population":0,"lat":10.6471,"lng":107.24577},{"city":"Mỹ Xuyên","state":"Can Tho City","population":0,"lat":9.56006,"lng":105.98984},{"city":"Mỹ Thọ","state":"Dong Thap","population":0,"lat":10.44267,"lng":105.69508},{"city":"Thạnh Mỹ","state":"Da Nang City","population":0,"lat":15.74889,"lng":107.83678},{"city":"Mộ Đức","state":"Quang Ngai","population":0,"lat":14.95513,"lng":108.88586},{"city":"Mỏ Cày","state":"Vinh Long","population":0,"lat":10.13312,"lng":106.33519},{"city":"Minh Lương","state":"An Giang","population":0,"lat":9.90248,"lng":105.1595},{"city":"Minh Long","state":"Quang Ngai","population":0,"lat":14.93218,"lng":108.70328},{"city":"Ma Đa Gui","state":"Lam Dong","population":0,"lat":11.38702,"lng":107.53508},{"city":"Long Thành","state":"Dong Nai","population":0,"lat":10.78909,"lng":106.95029},{"city":"Long Phú","state":"Can Tho City","population":0,"lat":9.61025,"lng":106.11881},{"city":"Lộc Ninh","state":"Dong Nai","population":0,"lat":11.84476,"lng":106.59073},{"city":"Liên Hương","state":"Lam Dong","population":0,"lat":11.22761,"lng":108.72366},{"city":"Lấp Vò","state":"Dong Thap","population":0,"lat":10.36161,"lng":105.51924},{"city":"Thị Trấn Phước Bửu","state":"Ho Chi Minh City (HCMC)","population":0,"lat":10.53472,"lng":107.40202},{"city":"Lái Thiêu","state":"Ho Chi Minh City (HCMC)","population":0,"lat":10.90512,"lng":106.69949},{"city":"Lạc Dương","state":"Lam Dong","population":0,"lat":12.00405,"lng":108.41905},{"city":"Kiên Lương","state":"An Giang","population":0,"lat":10.28624,"lng":104.64616},{"city":"Kế Sách","state":"Can Tho City","population":0,"lat":9.76743,"lng":105.98574},{"city":"Hòn Đất","state":"An Giang","population":0,"lat":10.18462,"lng":104.92959},{"city":"Hóc Môn","state":"Ho Chi Minh City (HCMC)","population":0,"lat":10.8891,"lng":106.59533},{"city":"Hòa Vang","state":"Da Nang City","population":0,"lat":15.98764,"lng":108.13893},{"city":"Hoài Ân","state":"Gia Lai","population":0,"lat":14.36352,"lng":108.96476},{"city":"Hiệp Đức","state":"Da Nang City","population":0,"lat":15.58224,"lng":108.11422},{"city":"Hà Lam","state":"Da Nang City","population":0,"lat":15.73871,"lng":108.35062},{"city":"Gò Quao","state":"An Giang","population":0,"lat":9.7332,"lng":105.27393},{"city":"Giồng Riềng","state":"An Giang","population":0,"lat":9.90974,"lng":105.31433},{"city":"Duy Xuyên","state":"Da Nang City","population":0,"lat":15.82898,"lng":108.25956},{"city":"Đức Phong","state":"Dong Nai","population":0,"lat":11.81346,"lng":107.24433},{"city":"Đắk Mil","state":"Lam Dong","population":0,"lat":12.44957,"lng":107.62237},{"city":"Đồng Xuân","state":"Dak Lak","population":0,"lat":13.37732,"lng":109.10807},{"city":"Di Linh","state":"Lam Dong","population":0,"lat":11.58153,"lng":108.07641},{"city":"Diên Khánh","state":"Khanh Hoa","population":0,"lat":12.2549,"lng":109.09332},{"city":"Dầu Tiếng","state":"Ho Chi Minh City (HCMC)","population":0,"lat":11.2741,"lng":106.35879},{"city":"Đắk Song","state":"Lam Dong","population":0,"lat":12.25518,"lng":107.60924},{"city":"Đắk Tô","state":"Quang Ngai","population":0,"lat":14.66092,"lng":107.8389},{"city":"Củng Sơn","state":"Dak Lak","population":0,"lat":13.04998,"lng":108.97895},{"city":"Chợ Mới","state":"An Giang","population":0,"lat":10.55123,"lng":105.40441},{"city":"Chợ Lách","state":"Vinh Long","population":0,"lat":10.26032,"lng":106.11892},{"city":"Giồng Trôm","state":"Vinh Long","population":0,"lat":10.15021,"lng":106.50606},{"city":"Chợ Gạo","state":"Dong Thap","population":0,"lat":10.34984,"lng":106.4634},{"city":"Chí Thạnh","state":"Dak Lak","population":0,"lat":13.30845,"lng":109.21522},{"city":"Cầu Kè","state":"Vinh Long","population":0,"lat":9.8724,"lng":106.05497},{"city":"Cái Tàu Hạ","state":"Dong Thap","population":0,"lat":10.25973,"lng":105.87044},{"city":"Cái Nước","state":"Ca Mau","population":0,"lat":8.94231,"lng":105.01411},{"city":"Cái Nhum","state":"Vinh Long","population":0,"lat":10.17412,"lng":106.11051},{"city":"Bồng Sơn","state":"Gia Lai","population":0,"lat":14.42907,"lng":109.0156},{"city":"Bù Đốp","state":"Dong Nai","population":0,"lat":11.95486,"lng":106.80018},{"city":"Bình Sơn","state":"Quang Ngai","population":0,"lat":15.29776,"lng":108.76124},{"city":"Bình Đại","state":"Vinh Long","population":0,"lat":10.18964,"lng":106.69149},{"city":"Tân Túc","state":"Ho Chi Minh City (HCMC)","population":0,"lat":10.69541,"lng":106.59128},{"city":"Bến Cầu","state":"Tay Ninh","population":0,"lat":11.11051,"lng":106.17924},{"city":"Ba Tri","state":"Vinh Long","population":0,"lat":10.04427,"lng":106.5902},{"city":"Ba Tơ","state":"Quang Ngai","population":0,"lat":14.7636,"lng":108.73223},{"city":"Tân Trụ","state":"Tay Ninh","population":0,"lat":10.51271,"lng":106.50762},{"city":"An Hòa","state":"Dong Thap","population":0,"lat":10.29693,"lng":105.74435},{"city":"An Lão","state":"Gia Lai","population":0,"lat":14.61241,"lng":108.8899},{"city":"An Biên","state":"An Giang","population":0,"lat":9.81532,"lng":105.06366},{"city":"Quận Bảy","state":"Ho Chi Minh City (HCMC)","population":0,"lat":10.7118,"lng":106.73643},{"city":"Châu Thành","state":"Vinh Long","population":0,"lat":9.86989,"lng":106.34939},{"city":"An Châu","state":"An Giang","population":0,"lat":10.44559,"lng":105.38622},{"city":"Tầm Vu","state":"Tay Ninh","population":0,"lat":10.44114,"lng":106.46793},{"city":"Thị Trấn Gành Hào","state":"Ca Mau","population":0,"lat":9.03183,"lng":105.42115},{"city":"Thị Trấn Ngan Dừa","state":"Ca Mau","population":0,"lat":9.56703,"lng":105.45019},{"city":"Thị Trấn Phước Long","state":"Ca Mau","population":0,"lat":9.43753,"lng":105.46217},{"city":"Thị Trấn Giá Rai","state":"Ca Mau","population":0,"lat":9.23789,"lng":105.45524},{"city":"Thị Trấn Hòa Bình","state":"Ca Mau","population":0,"lat":9.28471,"lng":105.62916},{"city":"Cái Dầu","state":"An Giang","population":0,"lat":10.56982,"lng":105.22953},{"city":"Thị Trấn Long Điền","state":"Ho Chi Minh City (HCMC)","population":0,"lat":10.48557,"lng":107.21226},{"city":"An Phú","state":"An Giang","population":0,"lat":10.81591,"lng":105.09038},{"city":"Phú Mỹ","state":"An Giang","population":0,"lat":10.59236,"lng":105.35573},{"city":"Thị Trấn Phú Mỹ","state":"Ho Chi Minh City (HCMC)","population":0,"lat":10.6036,"lng":107.054},{"city":"Hanoi","state":"Hanoi","population":0,"lat":20.32773,"lng":106.01208},{"city":"Liên Chiểu","state":"Da Nang City","population":0,"lat":16.07272,"lng":108.15815},{"city":"Ngũ Hành Sơn","state":"Da Nang City","population":0,"lat":16.01618,"lng":108.25335},{"city":"Prao","state":"Da Nang City","population":0,"lat":15.92438,"lng":107.64814},{"city":"Khâm Đức","state":"Da Nang City","population":0,"lat":15.44508,"lng":107.79337},{"city":"Phú Ninh","state":"Da Nang City","population":0,"lat":15.55473,"lng":108.41142},{"city":"Tây Trà","state":"Quang Ngai","population":0,"lat":15.16948,"lng":108.35998},{"city":"Đắk Glei","state":"Quang Ngai","population":0,"lat":15.08642,"lng":107.73577},{"city":"Sa Thầy","state":"Quang Ngai","population":0,"lat":14.41377,"lng":107.79339},{"city":"Đắk Hà","state":"Quang Ngai","population":0,"lat":14.51345,"lng":107.92102},{"city":"Đắk Rve","state":"Quang Ngai","population":0,"lat":14.50717,"lng":108.2473},{"city":"Măng Đen","state":"Quang Ngai","population":0,"lat":14.60064,"lng":108.29088},{"city":"Đăk Đoa","state":"Gia Lai","population":0,"lat":13.99501,"lng":108.11207},{"city":"K Bang","state":"Gia Lai","population":0,"lat":14.14453,"lng":108.59908},{"city":"Kông Chro","state":"Gia Lai","population":0,"lat":13.77532,"lng":108.52558},{"city":"Ia Pa","state":"Gia Lai","population":0,"lat":13.53361,"lng":108.45529},{"city":"Chư Sê","state":"Gia Lai","population":0,"lat":13.69153,"lng":108.08023},{"city":"Chư Prông","state":"Gia Lai","population":0,"lat":13.75684,"lng":107.88624},{"city":"Chư Ty","state":"Gia Lai","population":0,"lat":13.80507,"lng":107.6961},{"city":"Ia Kha","state":"Gia Lai","population":0,"lat":13.96242,"lng":107.84484},{"city":"Phú Hòa","state":"Gia Lai","population":0,"lat":14.10005,"lng":107.96896},{"city":"Kon Dơng","state":"Gia Lai","population":0,"lat":14.03886,"lng":108.25011},{"city":"Hai Riêng","state":"Dak Lak","population":0,"lat":12.97908,"lng":108.89732},{"city":"Krông Năng","state":"Dak Lak","population":0,"lat":12.9517,"lng":108.34425},{"city":"Ea Kar","state":"Dak Lak","population":0,"lat":12.80816,"lng":108.44901},{"city":"Krông Kmar","state":"Dak Lak","population":0,"lat":12.5045,"lng":108.33288},{"city":"M’Đrăk","state":"Dak Lak","population":0,"lat":12.74624,"lng":108.74281},{"city":"Khánh Vĩnh","state":"Khanh Hoa","population":0,"lat":12.28355,"lng":108.9047},{"city":"Tô Hạp","state":"Khanh Hoa","population":0,"lat":12.00582,"lng":108.94868},{"city":"Cam Lâm","state":"Khanh Hoa","population":0,"lat":12.05398,"lng":109.16004},{"city":"Ea T’ling","state":"Lam Dong","population":0,"lat":12.58904,"lng":107.89578},{"city":"Đắk Mâm","state":"Lam Dong","population":0,"lat":12.45789,"lng":107.86246},{"city":"Thạnh Mỹ","state":"Lam Dong","population":0,"lat":11.76165,"lng":108.49473},{"city":"Lộc Thắng","state":"Lam Dong","population":0,"lat":11.62836,"lng":107.83508},{"city":"Đồng Nai","state":"Lam Dong","population":0,"lat":11.57981,"lng":107.36518},{"city":"Đạ Tẻh","state":"Lam Dong","population":0,"lat":11.51148,"lng":107.49092},{"city":"Bác Ái","state":"Khanh Hoa","population":0,"lat":11.84104,"lng":108.90316},{"city":"Tân Sơn","state":"Khanh Hoa","population":0,"lat":11.77521,"lng":108.7848},{"city":"Phước Dân","state":"Khanh Hoa","population":0,"lat":11.52696,"lng":108.92996},{"city":"Khánh Hải","state":"Khanh Hoa","population":0,"lat":11.59105,"lng":109.04052},{"city":"Chợ Lầu","state":"Lam Dong","population":0,"lat":11.22158,"lng":108.50707},{"city":"Ma Lâm","state":"Lam Dong","population":0,"lat":11.07297,"lng":108.12997},{"city":"Thuận Nam","state":"Lam Dong","population":0,"lat":10.85004,"lng":107.87864},{"city":"Tân Phú","state":"Dong Nai","population":0,"lat":11.27221,"lng":107.43655},{"city":"Vĩnh An","state":"Dong Nai","population":0,"lat":11.08901,"lng":107.03516},{"city":"Thống Nhất","state":"Dong Nai","population":0,"lat":10.95055,"lng":107.14571},{"city":"Tân Phú","state":"Dong Nai","population":0,"lat":11.45119,"lng":106.86811},{"city":"Tân Châu","state":"Tay Ninh","population":0,"lat":11.55202,"lng":106.17245},{"city":"Tân Biên","state":"Tay Ninh","population":0,"lat":11.54441,"lng":106.01161},{"city":"Châu Thành","state":"Tay Ninh","population":0,"lat":11.31167,"lng":106.0295},{"city":"Gò Dầu","state":"Tay Ninh","population":0,"lat":11.0885,"lng":106.26346},{"city":"Tân Hưng","state":"Tay Ninh","population":0,"lat":10.83476,"lng":105.66135},{"city":"Vĩnh Hưng","state":"Tay Ninh","population":0,"lat":10.89067,"lng":105.78495},{"city":"Tân Thạnh","state":"Tay Ninh","population":0,"lat":10.60666,"lng":106.04714},{"city":"Thạnh Hóa","state":"Tay Ninh","population":0,"lat":10.65744,"lng":106.18081},{"city":"Đông Thành","state":"Tay Ninh","population":0,"lat":10.89221,"lng":106.30614},{"city":"Hậu Nghĩa","state":"Tay Ninh","population":0,"lat":10.89434,"lng":106.39695},{"city":"Mỹ Phước","state":"Dong Thap","population":0,"lat":10.47711,"lng":106.19256},{"city":"Tân Hòa","state":"Dong Thap","population":0,"lat":10.31906,"lng":106.71128},{"city":"Thứ Mười Một","state":"An Giang","population":0,"lat":9.61144,"lng":104.9465},{"city":"Long Hồ","state":"Vinh Long","population":0,"lat":10.19281,"lng":106.01229},{"city":"Châu Thành","state":"Vinh Long","population":0,"lat":10.30122,"lng":106.35701},{"city":"Nàng Mau","state":"Can Tho City","population":0,"lat":9.75129,"lng":105.53448},{"city":"Ngã Sáu","state":"Can Tho City","population":0,"lat":9.92303,"lng":105.80542},{"city":"Một Ngàn","state":"Can Tho City","population":0,"lat":9.92402,"lng":105.62964},{"city":"Cù Lao Dung","state":"Can Tho City","population":0,"lat":9.67314,"lng":106.14874},{"city":"Châu Thành","state":"Can Tho City","population":0,"lat":9.7007,"lng":105.90202},{"city":"Huỳnh Hữu Nghĩa","state":"Can Tho City","population":0,"lat":9.63537,"lng":105.81165},{"city":"Ngọc Hiển","state":"Ca Mau","population":0,"lat":8.65724,"lng":105.06021},{"city":"Quận Hai","state":"Ho Chi Minh City (HCMC)","population":0,"lat":10.79156,"lng":106.74948},{"city":"Quận Chín","state":"Ho Chi Minh City (HCMC)","population":0,"lat":10.8397,"lng":106.77093},{"city":"Quận Một","state":"Ho Chi Minh City (HCMC)","population":0,"lat":10.78069,"lng":106.69944},{"city":"Quận Phú Nhuận","state":"Ho Chi Minh City (HCMC)","population":0,"lat":10.79475,"lng":106.6763},{"city":"Quận Tân Phú","state":"Ho Chi Minh City (HCMC)","population":0,"lat":10.78379,"lng":106.63704},{"city":"Quận Bình Thạnh","state":"Ho Chi Minh City (HCMC)","population":0,"lat":10.80325,"lng":106.69666},{"city":"Hoàng Sa","state":"Da Nang City","population":0,"lat":16.66657,"lng":112.72541},{"city":"Quận Lấp Vò","state":"Dong Thap","population":0,"lat":10.35554,"lng":105.58125},{"city":"Huyện Bảo Lâm","state":"Lam Dong","population":0,"lat":11.69958,"lng":107.76252},{"city":"Xã Phúc Thọ","state":"Lam Dong","population":0,"lat":11.80701,"lng":108.12875},{"city":"Thôn Phúc Hưng","state":"Lam Dong","population":0,"lat":11.77227,"lng":108.18599},{"city":"Thôn Phúc Thanh","state":"Lam Dong","population":0,"lat":11.78706,"lng":108.17264},{"city":"Thôn Phúc Tân","state":"Lam Dong","population":0,"lat":11.79164,"lng":108.15629},{"city":"Xã Tân Hà","state":"Lam Dong","population":0,"lat":11.73475,"lng":108.2023},{"city":"Xã Tân Văn","state":"Lam Dong","population":0,"lat":11.77545,"lng":108.22464},{"city":"Xã Hoài Đức","state":"Lam Dong","population":0,"lat":11.74475,"lng":108.14689},{"city":"Xã Tân Thanh","state":"Lam Dong","population":0,"lat":11.7522,"lng":108.06967},{"city":"Xã Đạ K'Nàng","state":"Lam Dong","population":0,"lat":11.89361,"lng":108.13481}]}}