{"timezone":"Atlantic/Madeira","countries":{"Portugal":[{"city":"Funchal","state":"Madeira","population":105795,"lat":32.66568,"lng":-16.92547},{"city":"Câmara de Lobos","state":"Madeira","population":32209,"lat":32.65043,"lng":-16.97718},{"city":"São Martinho","state":"Madeira","population":26482,"lat":32.6448,"lng":-16.93843},{"city":"Santo António","state":"Madeira","population":25940,"lat":32.66138,"lng":-16.93482},{"city":"Caniço","state":"Madeira","population":23368,"lat":32.65078,"lng":-16.83749},{"city":"Machico","state":"Madeira","population":12567,"lat":32.7162,"lng":-16.76758},{"city":"Santa Maria Maior","state":"Madeira","population":11768,"lat":32.64838,"lng":-16.89087},{"city":"São Roque","state":"Madeira","population":9385,"lat":32.66667,"lng":-16.91667},{"city":"Estreito de Câmara de Lobos","state":"Madeira","population":9348,"lat":32.6612,"lng":-17.00014},{"city":"Santana","state":"Madeira","population":8804,"lat":32.8,"lng":-16.88333},{"city":"Camacha","state":"Madeira","population":7991,"lat":32.67919,"lng":-16.84462},{"city":"Nossa Senhora do Monte","state":"Madeira","population":7444,"lat":32.66667,"lng":-16.9},{"city":"São Vicente","state":"Madeira","population":6063,"lat":32.79673,"lng":-17.04323},{"city":"Santa Cruz","state":"Madeira","population":6010,"lat":32.68806,"lng":-16.79388},{"city":"Ribeira Brava","state":"Madeira","population":5932,"lat":32.67483,"lng":-17.06288},{"city":"São Gonçalo","state":"Madeira","population":5806,"lat":32.65772,"lng":-16.87088},{"city":"Corujeira de Dentro","state":"Madeira","population":5627,"lat":32.66667,"lng":-16.91667},{"city":"Santa Luzia","state":"Madeira","population":5490,"lat":32.65,"lng":-16.9},{"city":"Camacha","state":"Madeira","population":5149,"lat":33.08665,"lng":-16.34253},{"city":"Ponta do Sol","state":"Madeira","population":4235,"lat":32.6798,"lng":-17.1},{"city":"Campanário","state":"Madeira","population":3987,"lat":32.66578,"lng":-17.03576},{"city":"Caniçal","state":"Madeira","population":3893,"lat":32.73834,"lng":-16.73836},{"city":"Canhas","state":"Madeira","population":3769,"lat":32.69465,"lng":-17.1127},{"city":"Arco da Calheta","state":"Madeira","population":3241,"lat":32.71502,"lng":-17.14974},{"city":"Porto Moniz","state":"Madeira","population":2762,"lat":32.86681,"lng":-17.16667},{"city":"Porto da Cruz","state":"Madeira","population":2597,"lat":32.76667,"lng":-16.83333},{"city":"Água de Pena","state":"Madeira","population":2434,"lat":32.70143,"lng":-16.77874},{"city":"Curral das Freiras","state":"Madeira","population":1673,"lat":32.72029,"lng":-16.96993},{"city":"Estreito da Calheta","state":"Madeira","population":1630,"lat":32.73704,"lng":-17.18674},{"city":"Calheta","state":"Madeira","population":1618,"lat":32.72753,"lng":-17.17893},{"city":"Faial","state":"Madeira","population":1567,"lat":32.78333,"lng":-16.85},{"city":"São Jorge","state":"Madeira","population":1473,"lat":32.81667,"lng":-16.9},{"city":"Boaventura","state":"Madeira","population":1221,"lat":32.81846,"lng":-16.97268},{"city":"Fajã da Ovelha","state":"Madeira","population":1016,"lat":32.77457,"lng":-17.23412},{"city":"Lugar de Baixo","state":"Madeira","population":985,"lat":32.67984,"lng":-17.08657},{"city":"Santo da Serra","state":"Madeira","population":936,"lat":32.72246,"lng":-16.81991},{"city":"Paul do Mar","state":"Madeira","population":885,"lat":32.75898,"lng":-17.23025},{"city":"Ponta do Pargo","state":"Madeira","population":761,"lat":32.81137,"lng":-17.24862},{"city":"Prazeres","state":"Madeira","population":672,"lat":32.75104,"lng":-17.20433},{"city":"Seixal","state":"Madeira","population":656,"lat":32.82322,"lng":-17.10941},{"city":"Madalena do Mar","state":"Madeira","population":516,"lat":32.7007,"lng":-17.13542},{"city":"Vila Baleira","state":"Madeira","population":0,"lat":33.05919,"lng":-16.33371}]}}