{"timezone":"Atlantic/Azores","countries":{"Portugal":[{"city":"Ponta Delgada","state":"Azores","population":20056,"lat":37.73952,"lng":-25.66874},{"city":"Lagoa","state":"Azores","population":14442,"lat":37.74486,"lng":-25.57184},{"city":"Angra do Heroísmo","state":"Azores","population":12045,"lat":38.6539,"lng":-27.21839},{"city":"Rosto de Cão","state":"Azores","population":7880,"lat":37.74447,"lng":-25.64049},{"city":"Rabo de Peixe","state":"Azores","population":7681,"lat":37.81022,"lng":-25.58263},{"city":"Arrifes","state":"Azores","population":6981,"lat":37.76667,"lng":-25.7},{"city":"Horta","state":"Azores","population":6572,"lat":38.53737,"lng":-28.62615},{"city":"Madalena","state":"Azores","population":6136,"lat":38.53642,"lng":-28.5266},{"city":"Praia da Vitória","state":"Azores","population":6061,"lat":38.73333,"lng":-27.06667},{"city":"Ribeira Grande","state":"Azores","population":5198,"lat":38.51667,"lng":-28.7},{"city":"Vila Franca do Campo","state":"Azores","population":5035,"lat":37.71603,"lng":-25.43225},{"city":"Nordeste","state":"Azores","population":4937,"lat":37.83333,"lng":-25.15},{"city":"São Roque","state":"Azores","population":4932,"lat":37.75418,"lng":-25.64127},{"city":"Fajã de Baixo","state":"Azores","population":4915,"lat":37.75,"lng":-25.65},{"city":"Lajes","state":"Azores","population":4711,"lat":38.39529,"lng":-28.2522},{"city":"Ribeira Grande","state":"Azores","population":3968,"lat":37.82175,"lng":-25.52141},{"city":"Lajes das Flores","state":"Azores","population":3907,"lat":39.37744,"lng":-31.17847},{"city":"Calheta","state":"Azores","population":3773,"lat":38.60186,"lng":-28.01792},{"city":"São Mateus","state":"Azores","population":3757,"lat":38.6563,"lng":-27.26935},{"city":"Lajes","state":"Azores","population":3744,"lat":38.76352,"lng":-27.10336},{"city":"São Roque do Pico","state":"Azores","population":3705,"lat":38.51631,"lng":-28.30752},{"city":"Ponta Garça","state":"Azores","population":3547,"lat":37.71667,"lng":-25.36667},{"city":"Cais do Pico","state":"Azores","population":3388,"lat":38.52531,"lng":-28.32074},{"city":"Água de Pau","state":"Azores","population":3058,"lat":37.72142,"lng":-25.5117},{"city":"Relva","state":"Azores","population":3006,"lat":37.75271,"lng":-25.71848},{"city":"Ribeira Seca","state":"Azores","population":2950,"lat":37.81667,"lng":-25.53333},{"city":"Ribeirinha","state":"Azores","population":2684,"lat":38.66203,"lng":-27.18093},{"city":"Porto Judeu","state":"Azores","population":2501,"lat":38.64814,"lng":-27.11944},{"city":"Angústias","state":"Azores","population":2418,"lat":38.52547,"lng":-28.63132},{"city":"São Vicente","state":"Azores","population":2361,"lat":37.81829,"lng":-25.66583},{"city":"Povoação","state":"Azores","population":2161,"lat":37.75,"lng":-25.25},{"city":"São Sebastião","state":"Azores","population":2096,"lat":38.66584,"lng":-27.08976},{"city":"Fenais da Luz","state":"Azores","population":2009,"lat":37.8249,"lng":-25.64229},{"city":"São Bartolomeu","state":"Azores","population":1983,"lat":38.67491,"lng":-27.29349},{"city":"Velas","state":"Azores","population":1980,"lat":38.68182,"lng":-28.20909},{"city":"Cabouco","state":"Azores","population":1921,"lat":37.76667,"lng":-25.56667},{"city":"Maia","state":"Azores","population":1900,"lat":37.83247,"lng":-25.38976},{"city":"Santa Cruz da Graciosa","state":"Azores","population":1776,"lat":39.08577,"lng":-28.0058},{"city":"Santa Cruz das Flores","state":"Azores","population":1725,"lat":39.45782,"lng":-31.12989},{"city":"Furnas","state":"Azores","population":1599,"lat":37.77567,"lng":-25.31035},{"city":"Biscoitos","state":"Azores","population":1425,"lat":38.78333,"lng":-27.25},{"city":"Castelo Branco","state":"Azores","population":1309,"lat":38.52198,"lng":-28.71365},{"city":"Fonte Bastardo","state":"Azores","population":1278,"lat":38.69201,"lng":-27.07942},{"city":"Santa Bárbara","state":"Azores","population":1274,"lat":38.69608,"lng":-27.33907},{"city":"Feteira","state":"Azores","population":1239,"lat":38.65429,"lng":-27.14995},{"city":"Fenais da Ajuda","state":"Azores","population":1131,"lat":37.85128,"lng":-25.32406},{"city":"Mosteiros","state":"Azores","population":1123,"lat":37.89324,"lng":-25.82059},{"city":"Ribeira Seca","state":"Azores","population":1106,"lat":37.722,"lng":-25.41791},{"city":"Ribeira Seca","state":"Azores","population":1025,"lat":38.6,"lng":-27.98333},{"city":"Porto Martins","state":"Azores","population":1001,"lat":38.68146,"lng":-27.05835},{"city":"Cedros","state":"Azores","population":907,"lat":38.63551,"lng":-28.69438},{"city":"Urzelina","state":"Azores","population":902,"lat":38.65,"lng":-28.13333},{"city":"Sete Cidades","state":"Azores","population":858,"lat":37.85832,"lng":-25.79435},{"city":"Praia","state":"Azores","population":836,"lat":39.05154,"lng":-27.97107},{"city":"Ribeira Quente","state":"Azores","population":767,"lat":37.73515,"lng":-25.29891},{"city":"Santo Antão","state":"Azores","population":745,"lat":38.55,"lng":-27.8},{"city":"Rosais","state":"Azores","population":743,"lat":38.71667,"lng":-28.25},{"city":"Cabo da Praia","state":"Azores","population":712,"lat":38.7073,"lng":-27.05655},{"city":"Ribeira das Tainhas","state":"Azores","population":703,"lat":37.71766,"lng":-25.40551},{"city":"Bandeiras","state":"Azores","population":626,"lat":38.53912,"lng":-28.46306},{"city":"Almagreira","state":"Azores","population":599,"lat":36.96523,"lng":-25.10815},{"city":"Achadinha","state":"Azores","population":535,"lat":37.85,"lng":-25.28333}]}}