{"timezone":"Atlantic/Reykjavik","countries":{"Iceland":[{"city":"Reykjavík","state":"Capital Region","population":118918,"lat":64.13548,"lng":-21.89541},{"city":"Kópavogur","state":"Capital Region","population":37959,"lat":64.11234,"lng":-21.91298},{"city":"Hafnarfjörður","state":"Capital Region","population":29971,"lat":64.0671,"lng":-21.93774},{"city":"Reykjanesbær","state":"Southern Peninsula","population":19724,"lat":63.99813,"lng":-22.56111},{"city":"Akureyri","state":"Northeast","population":19219,"lat":65.68353,"lng":-18.0878},{"city":"Keflavík","state":"Southern Peninsula","population":15930,"lat":64.00492,"lng":-22.56242},{"city":"Mosfellsbær","state":"Capital Region","population":12073,"lat":64.16667,"lng":-21.7},{"city":"Garðabær","state":"Capital Region","population":11421,"lat":64.08865,"lng":-21.92298},{"city":"Selfoss","state":"South","population":9000,"lat":63.93311,"lng":-20.99712},{"city":"Akranes","state":"West","population":7411,"lat":64.32179,"lng":-22.0749},{"city":"Seltjarnarnes","state":"Capital Region","population":4726,"lat":64.15309,"lng":-21.99499},{"city":"Vestmannaeyjar","state":"South","population":4219,"lat":63.44273,"lng":-20.27339},{"city":"Grindavík","state":"Southern Peninsula","population":2856,"lat":63.83849,"lng":-22.43931},{"city":"Ísafjörður","state":"Westfjords","population":2736,"lat":66.07475,"lng":-23.13498},{"city":"Sauðárkrókur","state":"Northwest","population":2614,"lat":65.74611,"lng":-19.63944},{"city":"Egilsstaðir","state":"East","population":2572,"lat":65.26687,"lng":-14.39485},{"city":"Álftanes","state":"Capital Region","population":2392,"lat":64.1,"lng":-22.01667},{"city":"Hveragerði","state":"South","population":2288,"lat":64.00039,"lng":-21.18602},{"city":"Norðurþing","state":"Northeast","population":2228,"lat":66.04148,"lng":-17.33834},{"city":"Þorlákshöfn","state":"South","population":2037,"lat":63.85591,"lng":-21.38337},{"city":"Borgarnes","state":"West","population":1875,"lat":64.53834,"lng":-21.92064},{"city":"Borgarnes","state":"West","population":1875,"lat":64.56219,"lng":-21.90082},{"city":"Höfn","state":"East","population":1690,"lat":64.25388,"lng":-15.21212},{"city":"Sandgerði","state":"Southern Peninsula","population":1546,"lat":64.03762,"lng":-22.70799},{"city":"Neskaupstaður","state":"East","population":1481,"lat":65.14819,"lng":-13.68368},{"city":"Garður","state":"Southern Peninsula","population":1429,"lat":64.07055,"lng":-22.6513},{"city":"Dalvík","state":"Northeast","population":1359,"lat":65.97018,"lng":-18.52861},{"city":"Siglufjörður","state":"Northeast","population":1190,"lat":66.15198,"lng":-18.90815},{"city":"Reyðarfjörður","state":"East","population":1152,"lat":65.03164,"lng":-14.21832},{"city":"Stykkishólmur","state":"West","population":1108,"lat":65.07537,"lng":-22.72977},{"city":"Hvolsvöllur","state":"South","population":1036,"lat":63.75069,"lng":-20.22454},{"city":"Vogar","state":"Southern Peninsula","population":1029,"lat":63.9816,"lng":-22.38473},{"city":"Eskifjörður","state":"East","population":1014,"lat":65.07306,"lng":-14.01525},{"city":"Ólafsvík","state":"West","population":1010,"lat":64.89429,"lng":-23.70918},{"city":"Laugar","state":"Northeast","population":1001,"lat":65.72159,"lng":-17.37352},{"city":"Bolungarvík","state":"Westfjords","population":955,"lat":66.15917,"lng":-23.24941},{"city":"Hella","state":"South","population":865,"lat":63.8348,"lng":-20.40084},{"city":"Grundarfjörður","state":"West","population":852,"lat":64.92427,"lng":-23.26313},{"city":"Flúðir","state":"South","population":818,"lat":64.13428,"lng":-20.32265},{"city":"Blönduós","state":"Northwest","population":813,"lat":65.65932,"lng":-20.28083},{"city":"Ólafsfjörður","state":"Northeast","population":785,"lat":66.06722,"lng":-18.64399},{"city":"Vík í Mýrdal","state":"South","population":750,"lat":63.41944,"lng":-19.00972},{"city":"Patreksfjörður","state":"Westfjords","population":721,"lat":65.59783,"lng":-23.99596},{"city":"Seyðisfjörður","state":"East","population":676,"lat":65.26008,"lng":-14.00577},{"city":"Fáskrúðsfjörður","state":"East","population":654,"lat":64.93128,"lng":-14.0189},{"city":"Hvammstangi","state":"Northwest","population":546,"lat":65.39711,"lng":-20.94346},{"city":"Hellissandur","state":"West","population":544,"lat":64.91757,"lng":-23.88557},{"city":"Vopnafjörður","state":"East","population":543,"lat":65.75658,"lng":-14.82777},{"city":"Eyrarbakki","state":"South","population":531,"lat":63.86323,"lng":-21.14915},{"city":"Grundarhverfi","state":"Capital Region","population":528,"lat":64.24058,"lng":-21.8367}]}}