{"timezone":"Atlantic/Canary","countries":{"Spain":[{"city":"Las Palmas de Gran Canaria","state":"Canary Islands","population":383516,"lat":28.10178,"lng":-15.41573},{"city":"Santa Cruz de Tenerife","state":"Canary Islands","population":211359,"lat":28.46824,"lng":-16.25462},{"city":"La Laguna","state":"Canary Islands","population":150661,"lat":28.4853,"lng":-16.32014},{"city":"Telde","state":"Canary Islands","population":123265,"lat":27.99243,"lng":-15.41915},{"city":"Centro","state":"Canary Islands","population":88546,"lat":28.1272,"lng":-15.4314},{"city":"Arona","state":"Canary Islands","population":78614,"lat":28.09962,"lng":-16.68102},{"city":"Santa Lucía","state":"Canary Islands","population":71863,"lat":27.91174,"lng":-15.54071},{"city":"Arrecife","state":"Canary Islands","population":61351,"lat":28.96302,"lng":-13.54769},{"city":"San Bartolomé de Tirajana","state":"Canary Islands","population":53588,"lat":27.92481,"lng":-15.57329},{"city":"Adeje","state":"Canary Islands","population":43204,"lat":28.12271,"lng":-16.726},{"city":"La Orotava","state":"Canary Islands","population":41833,"lat":28.39076,"lng":-16.52309},{"city":"Granadilla de Abona","state":"Canary Islands","population":39993,"lat":28.11882,"lng":-16.57599},{"city":"Los Realejos","state":"Canary Islands","population":36405,"lat":28.38487,"lng":-16.58275},{"city":"Arucas","state":"Canary Islands","population":36259,"lat":28.11983,"lng":-15.52325},{"city":"Maspalomas","state":"Canary Islands","population":36065,"lat":27.76056,"lng":-15.58602},{"city":"Realejo Alto","state":"Canary Islands","population":35963,"lat":28.37645,"lng":-16.58575},{"city":"Puerto del Rosario","state":"Canary Islands","population":35667,"lat":28.50038,"lng":-13.86272},{"city":"Puerto de la Cruz","state":"Canary Islands","population":32219,"lat":28.41686,"lng":-16.55085},{"city":"Puerto del Carmen","state":"Canary Islands","population":30000,"lat":28.92313,"lng":-13.66579},{"city":"Ingenio","state":"Canary Islands","population":29319,"lat":27.91855,"lng":-15.43433},{"city":"Agüimes","state":"Canary Islands","population":28924,"lat":27.90539,"lng":-15.44609},{"city":"La Oliva","state":"Canary Islands","population":25884,"lat":28.61052,"lng":-13.92912},{"city":"Candelaria","state":"Canary Islands","population":24319,"lat":28.3548,"lng":-16.37268},{"city":"Gáldar","state":"Canary Islands","population":24209,"lat":28.14701,"lng":-15.6502},{"city":"Icod de los Vinos","state":"Canary Islands","population":24024,"lat":28.37241,"lng":-16.71188},{"city":"Tacoronte","state":"Canary Islands","population":23562,"lat":28.47688,"lng":-16.41016},{"city":"Carrizal","state":"Canary Islands","population":22000,"lat":27.91161,"lng":-15.40558},{"city":"Mogán","state":"Canary Islands","population":21690,"lat":27.88385,"lng":-15.72538},{"city":"Pájara","state":"Canary Islands","population":20821,"lat":28.35039,"lng":-14.1076},{"city":"Guía de Isora","state":"Canary Islands","population":20536,"lat":28.21154,"lng":-16.77947},{"city":"Los Llanos de Aridane","state":"Canary Islands","population":20171,"lat":28.65851,"lng":-17.91821},{"city":"Tías","state":"Canary Islands","population":19849,"lat":28.96108,"lng":-13.64502},{"city":"San Isidro","state":"Canary Islands","population":19541,"lat":28.07617,"lng":-16.558},{"city":"Teguise","state":"Canary Islands","population":19418,"lat":29.06049,"lng":-13.56397},{"city":"San Bartolomé","state":"Canary Islands","population":18517,"lat":29.00093,"lng":-13.613},{"city":"Santa Brígida","state":"Canary Islands","population":18314,"lat":28.03197,"lng":-15.50425},{"city":"Güimar","state":"Canary Islands","population":17662,"lat":28.31122,"lng":-16.41276},{"city":"Playa del Ingles","state":"Canary Islands","population":17158,"lat":27.7567,"lng":-15.5787},{"city":"Yaiza","state":"Canary Islands","population":16289,"lat":28.95678,"lng":-13.76535},{"city":"San Miguel De Abona","state":"Canary Islands","population":16179,"lat":28.09826,"lng":-16.61708},{"city":"Santa Cruz de la Palma","state":"Canary Islands","population":15674,"lat":28.68351,"lng":-17.76421},{"city":"Vecindario","state":"Canary Islands","population":14910,"lat":27.84636,"lng":-15.44455},{"city":"Guia","state":"Canary Islands","population":14031,"lat":28.13974,"lng":-15.63294},{"city":"Santa Úrsula","state":"Canary Islands","population":14013,"lat":28.42613,"lng":-16.48876},{"city":"Tuineje","state":"Canary Islands","population":13632,"lat":28.32372,"lng":-14.04722},{"city":"Corralejo","state":"Canary Islands","population":13618,"lat":28.73079,"lng":-13.86749},{"city":"Teror","state":"Canary Islands","population":12449,"lat":28.06062,"lng":-15.54909},{"city":"Santiago del Teide","state":"Canary Islands","population":12050,"lat":28.294,"lng":-16.81618},{"city":"Antigua","state":"Canary Islands","population":11948,"lat":28.42307,"lng":-14.01379},{"city":"Puerto Rico","state":"Canary Islands","population":11000,"lat":27.78943,"lng":-15.71045},{"city":"Tegueste","state":"Canary Islands","population":10666,"lat":28.52236,"lng":-16.34074},{"city":"Playa Blanca","state":"Canary Islands","population":10000,"lat":28.86426,"lng":-13.82814},{"city":"Nazaret","state":"Canary Islands","population":10000,"lat":29.03818,"lng":-13.56386},{"city":"La Victoria de Acentejo","state":"Canary Islands","population":9040,"lat":28.43231,"lng":-16.46232},{"city":"San Sebastián de la Gomera","state":"Canary Islands","population":8964,"lat":28.09163,"lng":-17.11331},{"city":"Valsequillo de Gran Canaria","state":"Canary Islands","population":8635,"lat":27.98562,"lng":-15.49725},{"city":"Sauzal","state":"Canary Islands","population":8172,"lat":28.46667,"lng":-16.41667},{"city":"San Nicolás","state":"Canary Islands","population":7950,"lat":27.9891,"lng":-15.78126},{"city":"La Matanza de Acentejo","state":"Canary Islands","population":7709,"lat":28.45242,"lng":-16.4472},{"city":"Vega de San Mateo","state":"Canary Islands","population":7687,"lat":28.00892,"lng":-15.5333},{"city":"Costa Teguise","state":"Canary Islands","population":7629,"lat":28.99838,"lng":-13.49911},{"city":"El Paso","state":"Canary Islands","population":7543,"lat":28.65007,"lng":-17.88274},{"city":"Moya","state":"Canary Islands","population":7492,"lat":28.11106,"lng":-15.58285},{"city":"Lomo de Arico","state":"Canary Islands","population":7189,"lat":28.16667,"lng":-16.48333},{"city":"Firgas","state":"Canary Islands","population":7106,"lat":28.10711,"lng":-15.56299},{"city":"Breña Alta","state":"Canary Islands","population":7092,"lat":28.65,"lng":-17.78333},{"city":"Playa de San Juan","state":"Canary Islands","population":7036,"lat":28.18159,"lng":-16.81689},{"city":"Garachico","state":"Canary Islands","population":6000,"lat":28.77807,"lng":-17.76459},{"city":"Garachico","state":"Canary Islands","population":6000,"lat":28.37365,"lng":-16.76342},{"city":"Tazacorte","state":"Canary Islands","population":5670,"lat":28.64186,"lng":-17.93394},{"city":"Costa Calma","state":"Canary Islands","population":5670,"lat":28.16155,"lng":-14.22691},{"city":"Agaete","state":"Canary Islands","population":5459,"lat":28.10023,"lng":-15.69998},{"city":"La Guancha","state":"Canary Islands","population":5424,"lat":28.3732,"lng":-16.65158},{"city":"Arafo","state":"Canary Islands","population":5375,"lat":28.33971,"lng":-16.42244},{"city":"Buenavista del Norte","state":"Canary Islands","population":5231,"lat":28.37458,"lng":-16.86098},{"city":"Tinajo","state":"Canary Islands","population":5228,"lat":29.06326,"lng":-13.67647},{"city":"San Juan de la Rambla","state":"Canary Islands","population":5007,"lat":28.39276,"lng":-16.65015},{"city":"Valverde","state":"Canary Islands","population":5000,"lat":27.80628,"lng":-17.91578},{"city":"Haría","state":"Canary Islands","population":4833,"lat":29.14553,"lng":-13.49986},{"city":"Mazo","state":"Canary Islands","population":4805,"lat":28.60906,"lng":-17.77801},{"city":"Los Silos","state":"Canary Islands","population":4757,"lat":28.3661,"lng":-16.81552},{"city":"Breña Baja","state":"Canary Islands","population":4245,"lat":28.63011,"lng":-17.78953},{"city":"Valleseco","state":"Canary Islands","population":4116,"lat":28.0433,"lng":-15.57623},{"city":"Frontera","state":"Canary Islands","population":4010,"lat":27.75404,"lng":-18.00367},{"city":"Tanque","state":"Canary Islands","population":3068,"lat":28.35584,"lng":-16.77986},{"city":"Playa de las Américas","state":"Canary Islands","population":3000,"lat":28.06403,"lng":-16.73012},{"city":"Vallehermosa","state":"Canary Islands","population":2829,"lat":28.17944,"lng":-17.26664},{"city":"Fasnia","state":"Canary Islands","population":2777,"lat":28.23638,"lng":-16.43886},{"city":"Los Gigantes","state":"Canary Islands","population":2721,"lat":28.24361,"lng":-16.84153},{"city":"Cruce de Arinaga","state":"Canary Islands","population":2700,"lat":27.87656,"lng":-15.42798},{"city":"Tijarafe","state":"Canary Islands","population":2648,"lat":28.7,"lng":-17.95},{"city":"Puntallana","state":"Canary Islands","population":2394,"lat":28.73333,"lng":-17.73333},{"city":"Tejeda","state":"Canary Islands","population":2338,"lat":27.99508,"lng":-15.61543},{"city":"Barlovento","state":"Canary Islands","population":2334,"lat":28.82708,"lng":-17.80377},{"city":"Hermigua","state":"Canary Islands","population":2195,"lat":28.16766,"lng":-17.19051},{"city":"Alajeró","state":"Canary Islands","population":2066,"lat":28.06205,"lng":-17.24073},{"city":"Las Rosas","state":"Canary Islands","population":2000,"lat":28.01539,"lng":-16.65373},{"city":"Vilaflor","state":"Canary Islands","population":1981,"lat":28.15623,"lng":-16.63592},{"city":"Garafía","state":"Canary Islands","population":1929,"lat":28.81667,"lng":-17.93333},{"city":"Fuencaliente de la Palma","state":"Canary Islands","population":1894,"lat":28.49236,"lng":-17.84529},{"city":"Puntagorda","state":"Canary Islands","population":1659,"lat":28.7749,"lng":-17.97741},{"city":"Artenara","state":"Canary Islands","population":1565,"lat":28.02055,"lng":-15.64693},{"city":"Agulo","state":"Canary Islands","population":1252,"lat":28.18778,"lng":-17.19678},{"city":"El Cotillo","state":"Canary Islands","population":1190,"lat":28.68264,"lng":-14.00637},{"city":"Punta de Mujeres","state":"Canary Islands","population":1107,"lat":29.1466,"lng":-13.44761},{"city":"Mácher","state":"Canary Islands","population":1065,"lat":28.9484,"lng":-13.69117},{"city":"El Médano","state":"Canary Islands","population":1000,"lat":28.04615,"lng":-16.53631},{"city":"La Estrella","state":"Canary Islands","population":1000,"lat":28.01259,"lng":-16.65442},{"city":"Uga","state":"Canary Islands","population":998,"lat":28.95032,"lng":-13.74449},{"city":"Playa de Santiago","state":"Canary Islands","population":989,"lat":28.03009,"lng":-17.19824},{"city":"Puerto Naos","state":"Canary Islands","population":979,"lat":28.58626,"lng":-17.90969},{"city":"La Santa","state":"Canary Islands","population":922,"lat":29.10696,"lng":-13.66761},{"city":"Guatiza","state":"Canary Islands","population":812,"lat":29.07409,"lng":-13.47934},{"city":"Betancuría","state":"Canary Islands","population":775,"lat":28.42328,"lng":-14.05564},{"city":"Caleta de Sebo","state":"Canary Islands","population":656,"lat":29.23147,"lng":-13.50341},{"city":"Soo","state":"Canary Islands","population":615,"lat":29.09915,"lng":-13.62231},{"city":"Puerto de Santiago","state":"Canary Islands","population":600,"lat":28.23666,"lng":-16.84335},{"city":"La Restinga","state":"Canary Islands","population":541,"lat":27.64134,"lng":-17.98179},{"city":"Mala","state":"Canary Islands","population":533,"lat":29.09653,"lng":-13.47206}]}}