{"timezone":"Atlantic/Cape_Verde","countries":{"Cabo Verde":[{"city":"Praia","state":"Praia","population":137868,"lat":14.93152,"lng":-23.51254},{"city":"Mindelo","state":"São Vicente","population":69013,"lat":16.89014,"lng":-24.98042},{"city":"Espargos","state":"Sal","population":24500,"lat":16.75524,"lng":-22.9446},{"city":"Assomada","state":"Santa Catarina","population":21297,"lat":15.1,"lng":-23.68333},{"city":"Tarrafal","state":"Tarrafal","population":13483,"lat":15.27881,"lng":-23.75192},{"city":"Porto Novo","state":"Porto Novo","population":11138,"lat":17.01969,"lng":-25.06471},{"city":"Sal Rei","state":"Boa Vista","population":10936,"lat":16.17611,"lng":-22.91722},{"city":"São Filipe","state":"São Filipe","population":10097,"lat":14.8961,"lng":-24.49556},{"city":"Pedra Badejo","state":"Santa Cruz","population":10038,"lat":15.1375,"lng":-23.53083},{"city":"Santa Cruz","state":"Santa Cruz","population":9488,"lat":15.13403,"lng":-23.55945},{"city":"Santa Maria","state":"Sal","population":8400,"lat":16.59796,"lng":-22.90509},{"city":"Calheta","state":"São Miguel","population":6329,"lat":15.18613,"lng":-23.59228},{"city":"Vila do Maio","state":"Maio","population":4472,"lat":15.13823,"lng":-23.21158},{"city":"Tarrafal de São Nicolau","state":"Tarrafal de São Nicolau","population":4371,"lat":16.56622,"lng":-24.35793},{"city":"Igreja","state":"Mosteiros","population":4084,"lat":15.03333,"lng":-24.33333},{"city":"Cidade Velha","state":"Ribeira Grande de Santiago","population":3319,"lat":14.91531,"lng":-23.60527},{"city":"Ponta do Sol","state":"Ribeira Grande","population":3300,"lat":17.20171,"lng":-25.09217},{"city":"Ribeira Grande","state":"Ribeira Grande","population":3000,"lat":17.1825,"lng":-25.065},{"city":"São Domingos","state":"São Domingos","population":2960,"lat":15.02438,"lng":-23.5625},{"city":"Ribeira Brava","state":"Ribeira Brava","population":2851,"lat":16.61583,"lng":-24.29833},{"city":"Nova Sintra","state":"Brava","population":2225,"lat":14.87139,"lng":-24.69556},{"city":"Picos","state":"São Salvador do Mundo","population":2040,"lat":15.0836,"lng":-23.63236},{"city":"Pombas","state":"Paul","population":1429,"lat":17.15026,"lng":-25.02007},{"city":"Cova Figueira","state":"Santa Catarina do Fogo","population":720,"lat":14.89054,"lng":-24.29343},{"city":"João Teves","state":"São Lourenço dos Órgãos","population":627,"lat":15.06694,"lng":-23.58917}]}}