{"timezone":"Europe/Vilnius","countries":{"Lithuania":[{"city":"Vilnius","state":"Vilnius","population":542366,"lat":54.68916,"lng":25.2798},{"city":"Kaunas","state":"Kaunas","population":289380,"lat":54.90156,"lng":23.90909},{"city":"Klaipėda","state":"Klaipėda County","population":172292,"lat":55.7068,"lng":21.13912},{"city":"Šiauliai","state":"Siauliai","population":99462,"lat":55.93333,"lng":23.31667},{"city":"Panevėžys","state":"Panevėžys","population":85885,"lat":55.73186,"lng":24.35983},{"city":"Dainava (Kaunas)","state":"Kaunas","population":70000,"lat":54.91525,"lng":23.96831},{"city":"Alytus","state":"Alytus","population":49195,"lat":54.39574,"lng":24.03885},{"city":"Šilainiai","state":"Kaunas","population":40600,"lat":54.92911,"lng":23.88599},{"city":"Eiguliai","state":"Kaunas","population":40453,"lat":54.93133,"lng":23.93243},{"city":"Antakalnis","state":"Vilnius","population":40000,"lat":54.70781,"lng":25.31706},{"city":"Fabijoniškės","state":"Vilnius","population":37000,"lat":54.73333,"lng":25.24167},{"city":"Naujoji Vilnia","state":"Vilnius","population":36800,"lat":54.69515,"lng":25.41969},{"city":"Šeškinė","state":"Vilnius","population":36000,"lat":54.70972,"lng":25.25053},{"city":"Marijampolė","state":"Marijampolė County","population":34975,"lat":54.55787,"lng":23.35004},{"city":"Naujininkai","state":"Vilnius","population":33500,"lat":54.66425,"lng":25.28418},{"city":"Pašilaičiai","state":"Vilnius","population":33056,"lat":54.73429,"lng":25.21912},{"city":"Mazeikiai","state":"Telsiai","population":32470,"lat":56.31667,"lng":22.33333},{"city":"Karoliniškės","state":"Vilnius","population":31200,"lat":54.69034,"lng":25.21903},{"city":"Lazdynai","state":"Vilnius","population":31097,"lat":54.66815,"lng":25.20684},{"city":"Justiniškės","state":"Vilnius","population":31000,"lat":54.71664,"lng":25.2174},{"city":"Naujamiestis","state":"Vilnius","population":28157,"lat":54.67951,"lng":25.26855},{"city":"Jonava","state":"Kaunas","population":26423,"lat":55.08014,"lng":24.27544},{"city":"Utena","state":"Utena","population":25397,"lat":55.4978,"lng":25.60462},{"city":"Aleksotas","state":"Kaunas","population":24270,"lat":54.88037,"lng":23.90842},{"city":"Kėdainiai","state":"Kaunas","population":22677,"lat":55.28782,"lng":23.97275},{"city":"Vilkpėdė","state":"Vilnius","population":21346,"lat":54.66969,"lng":25.2477},{"city":"Telsiai","state":"Telsiai","population":21294,"lat":55.98139,"lng":22.24722},{"city":"Taurage","state":"Tauragė County","population":21203,"lat":55.25222,"lng":22.28972},{"city":"Pilaitė","state":"Vilnius","population":20320,"lat":54.69981,"lng":25.18393},{"city":"Ukmerge","state":"Vilnius","population":20154,"lat":55.25,"lng":24.75},{"city":"Plunge","state":"Telsiai","population":18904,"lat":55.91139,"lng":21.84417},{"city":"Palanga","state":"Klaipėda County","population":18207,"lat":55.9175,"lng":21.06861},{"city":"Visaginas","state":"Utena","population":18024,"lat":55.59678,"lng":26.43984},{"city":"Kretinga","state":"Klaipėda County","population":17249,"lat":55.8888,"lng":21.24448},{"city":"Gargždai","state":"Klaipėda County","population":16433,"lat":55.70951,"lng":21.39441},{"city":"Radviliskis","state":"Siauliai","population":16344,"lat":55.81667,"lng":23.53333},{"city":"Silute","state":"Klaipėda County","population":14968,"lat":55.34889,"lng":21.48306},{"city":"Birzai","state":"Panevėžys","population":14911,"lat":56.2,"lng":24.75},{"city":"Elektrėnai","state":"Vilnius","population":13501,"lat":54.78544,"lng":24.66302},{"city":"Druskininkai","state":"Alytus","population":12055,"lat":54.01573,"lng":23.98703},{"city":"Naujoji Akmene","state":"Siauliai","population":11922,"lat":56.31667,"lng":22.9},{"city":"Rokiškis","state":"Panevėžys","population":11765,"lat":55.95867,"lng":25.59466},{"city":"Grigiškės","state":"Vilnius","population":11555,"lat":54.68333,"lng":25.08333},{"city":"Joniškis","state":"Siauliai","population":11113,"lat":56.23939,"lng":23.61541},{"city":"Kuršėnai","state":"Siauliai","population":10829,"lat":56.00318,"lng":22.93662},{"city":"Rasos","state":"Vilnius","population":10597,"lat":54.67877,"lng":25.31173},{"city":"Anykščiai","state":"Utena","population":10575,"lat":55.52557,"lng":25.10264},{"city":"Jurbarkas","state":"Tauragė County","population":10186,"lat":55.07556,"lng":22.76416},{"city":"Lentvaris","state":"Vilnius","population":10004,"lat":54.64364,"lng":25.05162},{"city":"Garliava","state":"Kaunas","population":9873,"lat":54.82139,"lng":23.8713},{"city":"Kaišiadorys","state":"Kaunas","population":9867,"lat":54.86528,"lng":24.46815},{"city":"Raseiniai","state":"Kaunas","population":9686,"lat":55.37973,"lng":23.12386},{"city":"Vilkaviskis","state":"Marijampolė County","population":9444,"lat":54.65167,"lng":23.03222},{"city":"Prienai","state":"Kaunas","population":8610,"lat":54.636,"lng":23.94585},{"city":"Kupiskis","state":"Panevėžys","population":8263,"lat":55.84027,"lng":24.97976},{"city":"Kelmė","state":"Siauliai","population":8245,"lat":55.63009,"lng":22.9349},{"city":"Varėna","state":"Alytus","population":7892,"lat":54.21546,"lng":24.57538},{"city":"Širvintos","state":"Vilnius","population":7321,"lat":55.044,"lng":24.95446},{"city":"Molėtai","state":"Utena","population":7243,"lat":55.22469,"lng":25.41688},{"city":"Šalčininkai","state":"Vilnius","population":6891,"lat":54.30864,"lng":25.38677},{"city":"Pabradė","state":"Vilnius","population":6375,"lat":54.981,"lng":25.761},{"city":"Pasvalys","state":"Panevėžys","population":6361,"lat":56.06251,"lng":24.39965},{"city":"Zarasai","state":"Utena","population":6051,"lat":55.73225,"lng":26.25115},{"city":"Kazlų Rūda","state":"Marijampolė County","population":5666,"lat":54.749,"lng":23.49},{"city":"Kybartai","state":"Marijampolė County","population":5631,"lat":54.63858,"lng":22.76316},{"city":"Švenčionys","state":"Vilnius","population":5538,"lat":55.135,"lng":26.159},{"city":"Trakai","state":"Vilnius","population":5530,"lat":54.63783,"lng":24.93433},{"city":"Skuodas","state":"Klaipėda County","population":5508,"lat":56.27057,"lng":21.53208},{"city":"Ignalina","state":"Utena","population":5106,"lat":55.34063,"lng":26.16049},{"city":"Nemenčinė","state":"Vilnius","population":5054,"lat":54.84776,"lng":25.46992},{"city":"Šakiai","state":"Marijampolė County","population":4998,"lat":54.95339,"lng":23.04779},{"city":"Švenčionėliai","state":"Vilnius","population":4726,"lat":55.16163,"lng":26.00177},{"city":"Šilalė","state":"Tauragė County","population":4640,"lat":55.4898,"lng":22.18692},{"city":"Vievis","state":"Vilnius","population":4521,"lat":54.77258,"lng":24.81129},{"city":"Kalvarija","state":"Marijampolė County","population":4457,"lat":54.417,"lng":23.223},{"city":"Pakruojis","state":"Siauliai","population":4352,"lat":55.97889,"lng":23.85508},{"city":"Raudondvaris","state":"Kaunas","population":4300,"lat":54.94356,"lng":23.77141},{"city":"Skaidiškės","state":"Vilnius","population":4203,"lat":54.61398,"lng":25.39573},{"city":"Ariogala","state":"Kaunas","population":3653,"lat":55.262,"lng":23.477},{"city":"Lazdijai","state":"Alytus","population":3629,"lat":54.23326,"lng":23.51466},{"city":"Nida","state":"Klaipėda County","population":3530,"lat":55.3086,"lng":20.99651},{"city":"Eišiškės","state":"Vilnius","population":3416,"lat":54.17414,"lng":24.99917},{"city":"Šeduva","state":"Siauliai","population":3321,"lat":55.7493,"lng":23.7561},{"city":"Venta","state":"Siauliai","population":3270,"lat":56.19162,"lng":22.69528},{"city":"Žiežmariai","state":"Kaunas","population":3268,"lat":54.80725,"lng":24.44073},{"city":"Rietavas","state":"Telsiai","population":3234,"lat":55.72708,"lng":21.92343},{"city":"Pervalka","state":"Klaipėda County","population":3097,"lat":55.41486,"lng":21.09774},{"city":"Akmenė","state":"Siauliai","population":3026,"lat":56.25,"lng":22.75},{"city":"Akademija (Kaunas)","state":"Kaunas","population":2807,"lat":54.8964,"lng":23.82411},{"city":"Tytuvėnėliai","state":"Siauliai","population":2775,"lat":55.62345,"lng":23.17162},{"city":"Sargėnai","state":"Kaunas","population":2495,"lat":54.94933,"lng":23.88316},{"city":"Rusnė","state":"Klaipėda County","population":2484,"lat":55.2982,"lng":21.3712},{"city":"Neringa","state":"Klaipėda County","population":2380,"lat":55.37194,"lng":21.06472},{"city":"Ramučiai","state":"Kaunas","population":2372,"lat":54.9483,"lng":24.0305},{"city":"Birštonas","state":"Kaunas","population":2331,"lat":54.608,"lng":24.034},{"city":"Rūdiškės","state":"Vilnius","population":2300,"lat":54.51609,"lng":24.83084},{"city":"Vilkija","state":"Kaunas","population":2289,"lat":55.04609,"lng":23.58552},{"city":"Nemėžis","state":"Vilnius","population":2241,"lat":54.63629,"lng":25.35455},{"city":"Ežerėlis","state":"Kaunas","population":2051,"lat":54.88315,"lng":23.60396},{"city":"Šventoji","state":"Klaipėda County","population":2000,"lat":56.0261,"lng":21.08411},{"city":"Juodupė","state":"Panevėžys","population":1989,"lat":56.087,"lng":25.607},{"city":"Būgai","state":"Tauragė County","population":1976,"lat":55.41387,"lng":22.60894},{"city":"Kudirkos Naumiestis","state":"Marijampolė County","population":1961,"lat":54.77353,"lng":22.86138},{"city":"Viekšniai","state":"Telsiai","population":1938,"lat":56.23598,"lng":22.51667},{"city":"Simnas","state":"Alytus","population":1864,"lat":54.382,"lng":23.646},{"city":"Gelgaudiškis","state":"Marijampolė County","population":1839,"lat":55.07688,"lng":22.97699},{"city":"Salantai","state":"Klaipėda County","population":1829,"lat":56.0565,"lng":21.5689},{"city":"Tytuvėnai","state":"Siauliai","population":1805,"lat":55.59791,"lng":23.20212},{"city":"Linkuva","state":"Siauliai","population":1719,"lat":56.08596,"lng":23.97061},{"city":"Priekulė","state":"Klaipėda County","population":1710,"lat":55.55427,"lng":21.31903},{"city":"Veisiejai","state":"Alytus","population":1654,"lat":54.1011,"lng":23.69614},{"city":"Pagėgiai","state":"Tauragė County","population":1576,"lat":55.13793,"lng":21.91378},{"city":"Senieji Trakai","state":"Vilnius","population":1501,"lat":54.609,"lng":24.98},{"city":"Ramygala","state":"Panevėžys","population":1440,"lat":55.514,"lng":24.3},{"city":"Kulautuva","state":"Kaunas","population":1425,"lat":54.94212,"lng":23.64218},{"city":"Karmėlava","state":"Kaunas","population":1395,"lat":54.97055,"lng":24.06182},{"city":"Mastaiciai","state":"Kaunas","population":1339,"lat":54.81998,"lng":23.84462},{"city":"Žagarė","state":"Siauliai","population":1309,"lat":56.36149,"lng":23.25094},{"city":"Žemaičių Naumiestis","state":"Klaipėda County","population":1284,"lat":55.35941,"lng":21.70364},{"city":"Daugai","state":"Alytus","population":1279,"lat":54.36667,"lng":24.33333},{"city":"Obeliai","state":"Panevėžys","population":1247,"lat":55.96895,"lng":25.15648},{"city":"Seda","state":"Telsiai","population":1224,"lat":56.16854,"lng":22.09071},{"city":"Matuizos","state":"Alytus","population":1201,"lat":54.2753,"lng":24.68003},{"city":"Plateliai","state":"Telsiai","population":1100,"lat":56.04657,"lng":21.81615},{"city":"Senoji Varėna","state":"Alytus","population":1073,"lat":54.25044,"lng":24.55088},{"city":"Baltoji Vokė","state":"Vilnius","population":1071,"lat":54.60002,"lng":25.19318},{"city":"Jieznas","state":"Kaunas","population":1032,"lat":54.59937,"lng":24.17593},{"city":"Aukstadvaris","state":"Vilnius","population":977,"lat":54.57946,"lng":24.52683},{"city":"Pandėlys","state":"Panevėžys","population":973,"lat":56.0265,"lng":25.2264},{"city":"Varniai","state":"Telsiai","population":961,"lat":55.74435,"lng":22.37251},{"city":"Šėta","state":"Kaunas","population":935,"lat":55.28063,"lng":24.25423},{"city":"Noreikiškės","state":"Kaunas","population":926,"lat":54.88737,"lng":23.84771},{"city":"Kačerginė","state":"Kaunas","population":896,"lat":54.93321,"lng":23.71605},{"city":"Virbalis","state":"Marijampolė County","population":895,"lat":54.62858,"lng":22.82272},{"city":"Dūkštas","state":"Utena","population":888,"lat":55.522,"lng":26.321},{"city":"Vabalninkas","state":"Panevėžys","population":852,"lat":55.98151,"lng":24.74828},{"city":"Dusetos","state":"Utena","population":833,"lat":55.74635,"lng":25.84562},{"city":"Užventis","state":"Siauliai","population":827,"lat":55.78264,"lng":22.65142},{"city":"Linksmakalnis","state":"Kaunas","population":817,"lat":54.75792,"lng":23.92848},{"city":"Naujamiestis","state":"Panevėžys","population":770,"lat":55.68691,"lng":24.15369},{"city":"Kavarskas","state":"Utena","population":755,"lat":55.434,"lng":24.928},{"city":"Šiaulėnai","state":"Siauliai","population":751,"lat":55.67835,"lng":23.40219},{"city":"Juodkrantė","state":"Klaipėda County","population":720,"lat":55.53727,"lng":21.11802},{"city":"Paluknys","state":"Vilnius","population":697,"lat":54.50126,"lng":24.9855},{"city":"Dotnuva","state":"Kaunas","population":687,"lat":55.36832,"lng":23.88408},{"city":"Eigirdžiai","state":"Telsiai","population":630,"lat":56.00978,"lng":22.37662},{"city":"Smalininkai","state":"Tauragė County","population":599,"lat":55.07567,"lng":22.58363},{"city":"Lavoriškės","state":"Vilnius","population":585,"lat":54.706,"lng":25.643},{"city":"Vepriai","state":"Vilnius","population":549,"lat":55.15079,"lng":24.57384}]}}