{"timezone":"Europe/Helsinki","countries":{"Finland":[{"city":"Helsinki","state":"Uusimaa","population":658864,"lat":60.16952,"lng":24.93545},{"city":"Espoo","state":"Uusimaa","population":323910,"lat":60.2052,"lng":24.6522},{"city":"Tampere","state":"Pirkanmaa","population":260646,"lat":61.49911,"lng":23.78712},{"city":"Vantaa","state":"Uusimaa","population":252724,"lat":60.29414,"lng":25.04099},{"city":"Oulu","state":"North Ostrobothnia","population":216066,"lat":65.01236,"lng":25.46816},{"city":"Turku","state":"Southwest Finland","population":206655,"lat":60.45148,"lng":22.26869},{"city":"East Helsinki","state":"Uusimaa","population":170557,"lat":60.21043,"lng":25.08289},{"city":"Jyväskylä","state":"Central Finland","population":148744,"lat":62.24147,"lng":25.72088},{"city":"Kuopio","state":"North Savo","population":125462,"lat":62.89238,"lng":27.67703},{"city":"Lahti","state":"Paijat-Hame","population":121622,"lat":60.98267,"lng":25.66151},{"city":"Pori","state":"Satakunta","population":83157,"lat":61.48072,"lng":21.78518},{"city":"Joensuu","state":"North Karelia","population":78398,"lat":62.60118,"lng":29.76316},{"city":"Kouvola","state":"Kymenlaakso","population":78094,"lat":60.86667,"lng":26.7},{"city":"Lappeenranta","state":"South Karelia","population":72909,"lat":61.05871,"lng":28.18871},{"city":"Vaasa","state":"Ostrobothnia","population":69819,"lat":63.096,"lng":21.61577},{"city":"Hämeenlinna","state":"Kanta-Häme","population":68473,"lat":60.99596,"lng":24.46434},{"city":"Seinäjoki","state":"South Ostrobothnia","population":66848,"lat":62.79446,"lng":22.82822},{"city":"Rovaniemi","state":"Lapland","population":65670,"lat":66.49897,"lng":25.68867},{"city":"Porvoo","state":"Uusimaa","population":51853,"lat":60.39233,"lng":25.66507},{"city":"Mikkeli","state":"South Savo","population":51661,"lat":61.68857,"lng":27.27227},{"city":"Salo","state":"Southwest Finland","population":50794,"lat":60.38333,"lng":23.13333},{"city":"Kotka","state":"Kymenlaakso","population":50157,"lat":60.4664,"lng":26.94582},{"city":"Kokkola","state":"Central Ostrobothnia","population":48361,"lat":63.83847,"lng":23.13066},{"city":"Järvenpää","state":"Uusimaa","population":46942,"lat":60.47369,"lng":25.08992},{"city":"Lohja","state":"Uusimaa","population":45686,"lat":60.24859,"lng":24.06534},{"city":"Nurmijärvi","state":"Uusimaa","population":45356,"lat":60.46407,"lng":24.8073},{"city":"Hyvinge","state":"Uusimaa","population":43515,"lat":60.63333,"lng":24.86667},{"city":"Tuusula","state":"Uusimaa","population":42624,"lat":60.40368,"lng":25.02638},{"city":"Kirkkonummi","state":"Uusimaa","population":41821,"lat":60.12381,"lng":24.43853},{"city":"Vuosaari","state":"Uusimaa","population":38961,"lat":60.20963,"lng":25.14195},{"city":"Rauma","state":"Satakunta","population":38909,"lat":61.12724,"lng":21.51127},{"city":"Kerava","state":"Uusimaa","population":38535,"lat":60.40338,"lng":25.105},{"city":"Kaarina","state":"Southwest Finland","population":36631,"lat":60.40724,"lng":22.36904},{"city":"Nokia","state":"Pirkanmaa","population":36486,"lat":61.46667,"lng":23.5},{"city":"Kajaani","state":"Kainuu","population":36458,"lat":64.22728,"lng":27.72846},{"city":"Mellunkylä","state":"Uusimaa","population":36360,"lat":60.23355,"lng":25.09947},{"city":"Kangasala","state":"Pirkanmaa","population":34315,"lat":61.46383,"lng":24.07602},{"city":"Ylöjärvi","state":"Pirkanmaa","population":33731,"lat":61.55632,"lng":23.59606},{"city":"Savonlinna","state":"South Savo","population":31283,"lat":61.8699,"lng":28.87999},{"city":"Vartiokylä","state":"Uusimaa","population":30244,"lat":60.21799,"lng":25.09569},{"city":"Vihti","state":"Uusimaa","population":28864,"lat":60.41699,"lng":24.31965},{"city":"Riihimäki","state":"Kanta-Häme","population":28610,"lat":60.73769,"lng":24.77726},{"city":"Leppävaara","state":"Uusimaa","population":28409,"lat":60.21283,"lng":24.81348},{"city":"Haaga","state":"Uusimaa","population":27761,"lat":60.22132,"lng":24.89759},{"city":"Kallio","state":"Uusimaa","population":27051,"lat":60.18427,"lng":24.95034},{"city":"Raseborg","state":"Uusimaa","population":26982,"lat":59.97735,"lng":23.43967},{"city":"Kaarela","state":"Uusimaa","population":26414,"lat":60.25174,"lng":24.88111},{"city":"Herttoniemi","state":"Uusimaa","population":26047,"lat":60.19471,"lng":25.03535},{"city":"Raisio","state":"Southwest Finland","population":25846,"lat":60.48592,"lng":22.16895},{"city":"Hervanta","state":"Pirkanmaa","population":25231,"lat":61.44792,"lng":23.85301},{"city":"Lempäälä","state":"Pirkanmaa","population":25036,"lat":61.31667,"lng":23.75},{"city":"Imatra","state":"South Karelia","population":24581,"lat":61.17185,"lng":28.75242},{"city":"Sastamala","state":"Pirkanmaa","population":24495,"lat":61.34942,"lng":22.90928},{"city":"Oulunkylä","state":"Uusimaa","population":23854,"lat":60.22924,"lng":24.96403},{"city":"Raahe","state":"North Ostrobothnia","population":23566,"lat":64.68333,"lng":24.48333},{"city":"Sibbo","state":"Uusimaa","population":22903,"lat":60.37752,"lng":25.26906},{"city":"Karhula","state":"Kymenlaakso","population":22867,"lat":60.52156,"lng":26.93125},{"city":"Hollola","state":"Paijat-Hame","population":22843,"lat":61.0,"lng":25.5},{"city":"Matinkylä","state":"Uusimaa","population":22688,"lat":60.15885,"lng":24.74241},{"city":"Laajasalo","state":"Uusimaa","population":22419,"lat":60.17521,"lng":25.03086},{"city":"Siilinjärvi","state":"North Savo","population":21383,"lat":63.08333,"lng":27.66667},{"city":"Pirkkala","state":"Pirkanmaa","population":21204,"lat":61.46125,"lng":23.63228},{"city":"Klaukkala","state":"Uusimaa","population":21019,"lat":60.38244,"lng":24.751},{"city":"Mäntsälä","state":"Uusimaa","population":20966,"lat":60.63333,"lng":25.31667},{"city":"Tornio","state":"Lapland","population":20932,"lat":65.84811,"lng":24.14662},{"city":"Valkeakoski","state":"Pirkanmaa","population":20859,"lat":61.26421,"lng":24.03122},{"city":"Lieto","state":"Southwest Finland","population":20694,"lat":60.51032,"lng":22.46176},{"city":"Hollola","state":"Paijat-Hame","population":20405,"lat":61.05,"lng":25.43333},{"city":"Iisalmi","state":"North Savo","population":20330,"lat":63.55915,"lng":27.19067},{"city":"Naantali","state":"Southwest Finland","population":20312,"lat":60.46744,"lng":22.02428},{"city":"Lauttasaari","state":"Uusimaa","population":20000,"lat":60.15896,"lng":24.86797},{"city":"Suutarila","state":"Uusimaa","population":19690,"lat":60.27996,"lng":25.01759},{"city":"Jakobstad","state":"Ostrobothnia","population":19668,"lat":63.67486,"lng":22.70256},{"city":"Varkaus","state":"North Savo","population":19603,"lat":62.31533,"lng":27.873},{"city":"Kurikka","state":"South Ostrobothnia","population":19474,"lat":62.61667,"lng":22.41667},{"city":"Kemi","state":"Lapland","population":19332,"lat":65.73641,"lng":24.56371},{"city":"Hamina","state":"Kymenlaakso","population":19305,"lat":60.56974,"lng":27.19794},{"city":"Jämsä","state":"Central Finland","population":19209,"lat":61.8642,"lng":25.19002},{"city":"Laukaa","state":"Central Finland","population":18876,"lat":62.41407,"lng":25.95194},{"city":"Myyrmäki","state":"Uusimaa","population":18393,"lat":60.26711,"lng":24.84713},{"city":"Pitäjänmäki","state":"Uusimaa","population":18016,"lat":60.22287,"lng":24.86103},{"city":"Heinola","state":"Paijat-Hame","population":17746,"lat":61.20564,"lng":26.03811},{"city":"Espoonlahti","state":"Uusimaa","population":17697,"lat":60.15054,"lng":24.65307},{"city":"Äänekoski","state":"Central Finland","population":17614,"lat":62.6,"lng":25.73333},{"city":"Munkkiniemi","state":"Uusimaa","population":17334,"lat":60.19861,"lng":24.87772},{"city":"Haukipudas","state":"North Ostrobothnia","population":17298,"lat":65.17654,"lng":25.35233},{"city":"Pieksämäki","state":"South Savo","population":17243,"lat":62.3,"lng":27.13333},{"city":"Korsholm","state":"Ostrobothnia","population":17176,"lat":63.11418,"lng":21.68216},{"city":"Olari","state":"Uusimaa","population":16929,"lat":60.17239,"lng":24.72713},{"city":"Anjala","state":"Kymenlaakso","population":16779,"lat":60.68333,"lng":26.83333},{"city":"Vammala","state":"Pirkanmaa","population":16635,"lat":61.33333,"lng":22.9},{"city":"Suurmetsä","state":"Uusimaa","population":16452,"lat":60.26961,"lng":25.05395},{"city":"Forssa","state":"Kanta-Häme","population":16368,"lat":60.81462,"lng":23.62146},{"city":"Pohjois-Hervanta","state":"Pirkanmaa","population":16053,"lat":61.45347,"lng":23.84744},{"city":"Janakkala","state":"Kanta-Häme","population":15995,"lat":60.9,"lng":24.6},{"city":"Orimattila","state":"Paijat-Hame","population":15628,"lat":60.80487,"lng":25.72964},{"city":"Väståboland","state":"Southwest Finland","population":15498,"lat":60.29972,"lng":22.3004},{"city":"Ylivieska","state":"North Ostrobothnia","population":15375,"lat":64.08333,"lng":24.55},{"city":"Taka-Töölö","state":"Uusimaa","population":15343,"lat":60.18434,"lng":24.91948},{"city":"Loimaa","state":"Southwest Finland","population":15248,"lat":60.84972,"lng":23.0561},{"city":"Viikki","state":"Uusimaa","population":15177,"lat":60.22183,"lng":25.02386},{"city":"Kontiolahti","state":"North Karelia","population":15092,"lat":62.76023,"lng":29.84711},{"city":"Kauhava","state":"South Ostrobothnia","population":15066,"lat":63.10299,"lng":23.07129},{"city":"Sörnäinen","state":"Uusimaa","population":14999,"lat":60.18643,"lng":24.96506},{"city":"Nastola","state":"Paijat-Hame","population":14911,"lat":60.94797,"lng":25.92882},{"city":"Kuusamo","state":"North Ostrobothnia","population":14784,"lat":65.96447,"lng":29.18878},{"city":"Uusikaupunki","state":"Southwest Finland","population":14750,"lat":60.80043,"lng":21.40841},{"city":"Etu-Töölö","state":"Uusimaa","population":14728,"lat":60.17298,"lng":24.92515},{"city":"Jätkäsaari","state":"Uusimaa","population":14718,"lat":60.15857,"lng":24.91691},{"city":"Länsisatama","state":"Uusimaa","population":14542,"lat":60.15525,"lng":24.91473},{"city":"Ekenäs","state":"Uusimaa","population":14377,"lat":59.97359,"lng":23.43389},{"city":"Lovisa","state":"Uusimaa","population":14362,"lat":60.45659,"lng":26.22505},{"city":"Tapaninkylä","state":"Uusimaa","population":14313,"lat":60.2638,"lng":24.99556},{"city":"Kempele","state":"North Ostrobothnia","population":14293,"lat":64.91314,"lng":25.50339},{"city":"Kontula","state":"Uusimaa","population":14108,"lat":60.23764,"lng":25.08393},{"city":"Lapua","state":"South Ostrobothnia","population":14016,"lat":62.96927,"lng":23.0088},{"city":"Martinlaakso","state":"Uusimaa","population":13992,"lat":60.27409,"lng":24.85065},{"city":"Tapiola","state":"Uusimaa","population":13617,"lat":60.17636,"lng":24.8085},{"city":"Uppby","state":"Uusimaa","population":13563,"lat":60.1767,"lng":25.05358},{"city":"Kannelmäki","state":"Uusimaa","population":13272,"lat":60.24181,"lng":24.88575},{"city":"Pasila","state":"Uusimaa","population":12921,"lat":60.19897,"lng":24.93218},{"city":"Myllypuro","state":"Uusimaa","population":12821,"lat":60.22207,"lng":25.06741},{"city":"Kaukajärvi","state":"Pirkanmaa","population":12779,"lat":61.46752,"lng":23.88493},{"city":"Kankaanpää","state":"Satakunta","population":12571,"lat":61.8,"lng":22.41667},{"city":"Etelä-Haaga","state":"Uusimaa","population":12555,"lat":60.21347,"lng":24.89536},{"city":"Kauhajoki","state":"South Ostrobothnia","population":12500,"lat":62.43333,"lng":22.18333},{"city":"Ilmajoki","state":"South Ostrobothnia","population":12473,"lat":62.73333,"lng":22.56667},{"city":"Hakunila","state":"Uusimaa","population":12435,"lat":60.27822,"lng":25.10342},{"city":"Ulvila","state":"Satakunta","population":12345,"lat":61.42844,"lng":21.87103},{"city":"Kalajoki","state":"North Ostrobothnia","population":12231,"lat":64.25,"lng":23.95},{"city":"Kamppi","state":"Uusimaa","population":12098,"lat":60.1676,"lng":24.93038},{"city":"Kiiminki","state":"North Ostrobothnia","population":12069,"lat":65.13139,"lng":25.79744},{"city":"Pargas","state":"Southwest Finland","population":11962,"lat":60.30672,"lng":22.30097},{"city":"Liperi","state":"North Karelia","population":11927,"lat":62.53333,"lng":29.36667},{"city":"Alppiharju","state":"Uusimaa","population":11481,"lat":60.18909,"lng":24.94879},{"city":"Hervanta luode","state":"Pirkanmaa","population":11451,"lat":61.4507,"lng":23.83526},{"city":"Pedersöre","state":"Ostrobothnia","population":11330,"lat":63.65,"lng":22.68333},{"city":"Laaksolahti","state":"Uusimaa","population":11320,"lat":60.24164,"lng":24.75855},{"city":"Paimio","state":"Southwest Finland","population":11241,"lat":60.45671,"lng":22.68694},{"city":"Kivistö","state":"Uusimaa","population":11125,"lat":60.32572,"lng":24.83839},{"city":"Saunalahti","state":"Uusimaa","population":11114,"lat":60.16312,"lng":24.62012},{"city":"Eura","state":"Satakunta","population":11093,"lat":61.13333,"lng":22.13333},{"city":"Nöykkiö","state":"Uusimaa","population":11063,"lat":60.16073,"lng":24.66808},{"city":"Ullanlinna","state":"Uusimaa","population":10774,"lat":60.15753,"lng":24.94892},{"city":"Pakila","state":"Uusimaa","population":10730,"lat":60.24327,"lng":24.94867},{"city":"Alavus","state":"South Ostrobothnia","population":10722,"lat":62.58333,"lng":23.61667},{"city":"Muurame","state":"Central Finland","population":10662,"lat":62.13333,"lng":25.66667},{"city":"Joutseno","state":"South Karelia","population":10603,"lat":61.11796,"lng":28.50763},{"city":"Lintuvaara","state":"Uusimaa","population":10554,"lat":60.2344,"lng":24.81348},{"city":"Kilo","state":"Uusimaa","population":10554,"lat":60.21746,"lng":24.78151},{"city":"Nivala","state":"North Ostrobothnia","population":10397,"lat":63.91667,"lng":24.96667},{"city":"Vallila","state":"Uusimaa","population":10375,"lat":60.19453,"lng":24.95712},{"city":"Patola","state":"Uusimaa","population":10352,"lat":60.23265,"lng":24.95373},{"city":"Hämeenkyrö","state":"Pirkanmaa","population":10351,"lat":61.63913,"lng":23.19531},{"city":"Älajärvi","state":"South Ostrobothnia","population":10308,"lat":63.00027,"lng":23.81586},{"city":"Kauniainen","state":"Uusimaa","population":10200,"lat":60.21209,"lng":24.72756},{"city":"Liminka","state":"North Ostrobothnia","population":10166,"lat":64.80985,"lng":25.41545},{"city":"Sotkamo","state":"Kainuu","population":10164,"lat":64.13333,"lng":28.41667},{"city":"Pakkala","state":"Uusimaa","population":10160,"lat":60.28613,"lng":24.95733},{"city":"Lieksa","state":"North Karelia","population":10002,"lat":63.31667,"lng":30.01667},{"city":"Hanko","state":"Uusimaa","population":9962,"lat":59.83333,"lng":22.95},{"city":"Ii","state":"North Ostrobothnia","population":9800,"lat":65.31735,"lng":25.3731},{"city":"Pohjois-Haaga","state":"Uusimaa","population":9691,"lat":60.22694,"lng":24.89605},{"city":"Masku","state":"Southwest Finland","population":9628,"lat":60.57082,"lng":22.09883},{"city":"Huittinen","state":"Satakunta","population":9618,"lat":61.18333,"lng":22.7},{"city":"Latokartano","state":"Uusimaa","population":9606,"lat":60.22624,"lng":25.02692},{"city":"Linjat","state":"Uusimaa","population":9562,"lat":60.18331,"lng":24.9465},{"city":"Närpes","state":"Ostrobothnia","population":9559,"lat":62.47283,"lng":21.33707},{"city":"Oulunsalo","state":"North Ostrobothnia","population":9556,"lat":64.93456,"lng":25.41121},{"city":"Kitee","state":"North Karelia","population":9483,"lat":62.1,"lng":30.15},{"city":"Herttoniemenranta","state":"Uusimaa","population":9414,"lat":60.19065,"lng":25.0369},{"city":"Halikko","state":"Southwest Finland","population":9344,"lat":60.4,"lng":23.08333},{"city":"Mellunmäki","state":"Uusimaa","population":9297,"lat":60.23751,"lng":25.11552},{"city":"Vanha munkkiniemi","state":"Uusimaa","population":9280,"lat":60.19801,"lng":24.87604},{"city":"Punavuori","state":"Uusimaa","population":9258,"lat":60.16137,"lng":24.93673},{"city":"Etelä-Hervanta","state":"Pirkanmaa","population":9178,"lat":61.44422,"lng":23.8565},{"city":"Keuruu","state":"Central Finland","population":9088,"lat":62.26667,"lng":24.7},{"city":"Saarenkylä","state":"Lapland","population":9000,"lat":66.51923,"lng":25.7674},{"city":"Eurajoki","state":"Satakunta","population":9000,"lat":61.2,"lng":21.73333},{"city":"Leppävirta","state":"North Savo","population":8974,"lat":62.49009,"lng":27.78262},{"city":"Niittykumpu","state":"Uusimaa","population":8934,"lat":60.17093,"lng":24.76421},{"city":"Nurmes","state":"North Karelia","population":8924,"lat":63.54205,"lng":29.13965},{"city":"Lapinlahti","state":"North Savo","population":8856,"lat":63.36667,"lng":27.4},{"city":"Karis","state":"Uusimaa","population":8853,"lat":60.07178,"lng":23.66163},{"city":"Orivesi","state":"Pirkanmaa","population":8846,"lat":61.67766,"lng":24.3572},{"city":"Saarijärvi","state":"Central Finland","population":8831,"lat":62.70486,"lng":25.25396},{"city":"Tikkurila","state":"Uusimaa","population":8815,"lat":60.29349,"lng":25.03758},{"city":"Alajärvi","state":"South Ostrobothnia","population":8793,"lat":63.0,"lng":23.81667},{"city":"Elimäki","state":"Kymenlaakso","population":8751,"lat":60.71667,"lng":26.46667},{"city":"Toukola","state":"Uusimaa","population":8750,"lat":60.20639,"lng":24.97124},{"city":"Tapulikaupunki","state":"Uusimaa","population":8741,"lat":60.27519,"lng":25.02163},{"city":"Jalasjärvi","state":"South Ostrobothnia","population":8662,"lat":62.49018,"lng":22.75901},{"city":"Länsi-Herttoniemi","state":"Uusimaa","population":8626,"lat":60.20744,"lng":25.03981},{"city":"Tuomarinkylä","state":"Uusimaa","population":8623,"lat":60.25659,"lng":24.9672},{"city":"Havukoski","state":"Uusimaa","population":8581,"lat":60.32155,"lng":25.07174},{"city":"Pukinmäki","state":"Uusimaa","population":8573,"lat":60.2448,"lng":24.989},{"city":"Vattuniemi","state":"Uusimaa","population":8509,"lat":60.15031,"lng":24.88248},{"city":"Malminkartano","state":"Uusimaa","population":8495,"lat":60.24739,"lng":24.86163},{"city":"Laitila","state":"Southwest Finland","population":8492,"lat":60.87575,"lng":21.69765},{"city":"Mankkaa","state":"Uusimaa","population":8468,"lat":60.19424,"lng":24.76996},{"city":"Hämeenkylä","state":"Uusimaa","population":8437,"lat":60.27124,"lng":24.80009},{"city":"Somero","state":"Southwest Finland","population":8423,"lat":60.61667,"lng":23.53333},{"city":"Kivenlahti","state":"Uusimaa","population":8397,"lat":60.15372,"lng":24.63264},{"city":"Karkkila","state":"Uusimaa","population":8391,"lat":60.53418,"lng":24.20977},{"city":"Toijala","state":"Pirkanmaa","population":8300,"lat":61.1678,"lng":23.83819},{"city":"Akaa","state":"Pirkanmaa","population":8258,"lat":61.16667,"lng":23.86667},{"city":"Siltamäki","state":"Uusimaa","population":8241,"lat":60.27815,"lng":24.98335},{"city":"Muhos","state":"North Ostrobothnia","population":8232,"lat":64.80798,"lng":25.99314},{"city":"Simonkylä","state":"Uusimaa","population":8191,"lat":60.30995,"lng":25.03012},{"city":"I kaupunginosa","state":"Southwest Finland","population":8101,"lat":60.45223,"lng":22.28303},{"city":"Käpylä","state":"Uusimaa","population":8099,"lat":60.21287,"lng":24.94822},{"city":"Soukka","state":"Uusimaa","population":8069,"lat":60.14155,"lng":24.67134},{"city":"Sodankylä","state":"Lapland","population":8067,"lat":67.41667,"lng":26.6},{"city":"Aurinkolahti","state":"Uusimaa","population":8033,"lat":60.20332,"lng":25.1532},{"city":"Laihia","state":"Ostrobothnia","population":8020,"lat":62.97609,"lng":22.01143},{"city":"Pöytyä","state":"Southwest Finland","population":8000,"lat":60.76667,"lng":22.66667},{"city":"Viertola","state":"Uusimaa","population":7974,"lat":60.29139,"lng":25.01009},{"city":"Tapaninvainio","state":"Uusimaa","population":7945,"lat":60.25995,"lng":24.98242},{"city":"Hausjärvi","state":"Kanta-Häme","population":7923,"lat":60.78333,"lng":24.93333},{"city":"Asikkala","state":"Paijat-Hame","population":7870,"lat":61.21667,"lng":25.5},{"city":"Roihuvuori","state":"Uusimaa","population":7869,"lat":60.20174,"lng":25.06007},{"city":"Nurmijärven kirkonkylä","state":"Uusimaa","population":7841,"lat":60.4596,"lng":24.80629},{"city":"Tuira","state":"North Ostrobothnia","population":7805,"lat":65.02607,"lng":25.47064},{"city":"Henttaa","state":"Uusimaa","population":7759,"lat":60.19027,"lng":24.72696},{"city":"Kotkavuori","state":"Uusimaa","population":7695,"lat":60.1631,"lng":24.88414},{"city":"Toppila","state":"North Ostrobothnia","population":7656,"lat":65.03843,"lng":25.44331},{"city":"Loppi","state":"Kanta-Häme","population":7622,"lat":60.71667,"lng":24.45},{"city":"Maunula","state":"Uusimaa","population":7618,"lat":60.22873,"lng":24.93081},{"city":"Keminmaa","state":"Lapland","population":7591,"lat":65.80158,"lng":24.54483},{"city":"Vesala","state":"Uusimaa","population":7531,"lat":60.23998,"lng":25.10307},{"city":"VI kaupunginosa","state":"Southwest Finland","population":7475,"lat":60.45486,"lng":22.27043},{"city":"Nykarleby","state":"Ostrobothnia","population":7462,"lat":63.52277,"lng":22.53073},{"city":"Vuores","state":"Pirkanmaa","population":7449,"lat":61.431,"lng":23.81184},{"city":"Jämsänkoski","state":"Central Finland","population":7442,"lat":61.919,"lng":25.17011},{"city":"Kuhmo","state":"Kainuu","population":7413,"lat":64.13333,"lng":29.51667},{"city":"Pihlajamäki","state":"Uusimaa","population":7406,"lat":60.23593,"lng":25.01132},{"city":"Korso","state":"Uusimaa","population":7368,"lat":60.35107,"lng":25.07805},{"city":"Kiuruvesi","state":"North Savo","population":7338,"lat":63.65,"lng":26.61667},{"city":"Hervanta lounas","state":"Pirkanmaa","population":7288,"lat":61.4402,"lng":23.84479},{"city":"Arabianranta","state":"Uusimaa","population":7278,"lat":60.20727,"lng":24.97956},{"city":"Pudasjärvi","state":"North Ostrobothnia","population":7226,"lat":65.38333,"lng":26.91667},{"city":"Kruununhaka","state":"Uusimaa","population":7222,"lat":60.17174,"lng":24.9566},{"city":"Pyhäselkä","state":"North Karelia","population":7210,"lat":62.43333,"lng":29.96667},{"city":"Mäntyharju","state":"South Savo","population":7076,"lat":61.41667,"lng":26.88333},{"city":"Inari","state":"Lapland","population":7049,"lat":68.90596,"lng":27.02881},{"city":"Pohjois-Tapiola","state":"Uusimaa","population":7029,"lat":60.18694,"lng":24.797},{"city":"Suomussalmi","state":"Kainuu","population":7001,"lat":64.88685,"lng":28.90778},{"city":"Länsi-Pakila","state":"Uusimaa","population":7001,"lat":60.24152,"lng":24.92695},{"city":"Ruskeasuo","state":"Uusimaa","population":6922,"lat":60.20093,"lng":24.90523},{"city":"Kemijärvi","state":"Lapland","population":6918,"lat":66.71309,"lng":27.43056},{"city":"Kaitaa","state":"Uusimaa","population":6911,"lat":60.14556,"lng":24.68705},{"city":"Eno","state":"North Karelia","population":6891,"lat":62.80511,"lng":30.15422},{"city":"Oulainen","state":"North Ostrobothnia","population":6887,"lat":64.26667,"lng":24.8},{"city":"Kallahti","state":"Uusimaa","population":6854,"lat":60.19289,"lng":25.13682},{"city":"Puistola","state":"Uusimaa","population":6718,"lat":60.27115,"lng":25.04703},{"city":"Ikaalinen","state":"Pirkanmaa","population":6713,"lat":61.76951,"lng":23.0658},{"city":"Pikku-Huopalahti","state":"Uusimaa","population":6706,"lat":60.20499,"lng":24.89545},{"city":"Kokemäki","state":"Satakunta","population":6662,"lat":61.25647,"lng":22.35643},{"city":"Kittilä","state":"Lapland","population":6658,"lat":67.66474,"lng":24.89356},{"city":"Ylä-Malmi","state":"Uusimaa","population":6623,"lat":60.25425,"lng":25.00858},{"city":"Suonenjoki","state":"North Savo","population":6615,"lat":62.61667,"lng":27.13333},{"city":"Harjavalta","state":"Satakunta","population":6605,"lat":61.31667,"lng":22.13333},{"city":"Kaakkuri","state":"North Ostrobothnia","population":6559,"lat":64.96038,"lng":25.53049},{"city":"Piikkiö","state":"Southwest Finland","population":6553,"lat":60.42481,"lng":22.51601},{"city":"Hermanni","state":"Uusimaa","population":6547,"lat":60.19439,"lng":24.97005},{"city":"Tyrnävä","state":"North Ostrobothnia","population":6538,"lat":64.76469,"lng":25.6523},{"city":"Jokela","state":"Uusimaa","population":6500,"lat":60.55413,"lng":24.96296},{"city":"Haapajärvi","state":"North Ostrobothnia","population":6482,"lat":63.75,"lng":25.33333},{"city":"Nilsiä","state":"North Savo","population":6474,"lat":63.20746,"lng":28.08222},{"city":"Mänttä","state":"Pirkanmaa","population":6459,"lat":62.03014,"lng":24.62791},{"city":"Linnainmaa","state":"Pirkanmaa","population":6453,"lat":61.49502,"lng":23.88617},{"city":"Konala","state":"Uusimaa","population":6438,"lat":60.23713,"lng":24.84489},{"city":"Port Arthur","state":"Southwest Finland","population":6423,"lat":60.44736,"lng":22.24247},{"city":"Iitti","state":"Paijat-Hame","population":6410,"lat":60.89488,"lng":26.33869},{"city":"Outokumpu","state":"North Karelia","population":6404,"lat":62.72685,"lng":29.01592},{"city":"Rusko","state":"Southwest Finland","population":6397,"lat":60.53333,"lng":22.21667},{"city":"Jokiniemi","state":"Uusimaa","population":6363,"lat":60.5665,"lng":26.45833},{"city":"Haapavesi","state":"North Ostrobothnia","population":6347,"lat":64.13333,"lng":25.36667},{"city":"Kronoby","state":"Ostrobothnia","population":6318,"lat":63.72859,"lng":23.03387},{"city":"Mynämäki","state":"Southwest Finland","population":6271,"lat":60.67915,"lng":21.99274},{"city":"Vörå","state":"Ostrobothnia","population":6264,"lat":63.13607,"lng":22.25223},{"city":"Siuntio","state":"Uusimaa","population":6251,"lat":60.13862,"lng":24.22715},{"city":"Säkylä","state":"Satakunta","population":6237,"lat":61.03333,"lng":22.33333},{"city":"Pälkäne","state":"Pirkanmaa","population":6203,"lat":61.33424,"lng":24.27197},{"city":"Tapanila","state":"Uusimaa","population":6193,"lat":60.26456,"lng":25.02157},{"city":"Vuokatti","state":"Kainuu","population":6183,"lat":64.14466,"lng":28.28196},{"city":"Virrat","state":"Pirkanmaa","population":6165,"lat":62.24759,"lng":23.78004},{"city":"Metsola","state":"Uusimaa","population":6144,"lat":60.34848,"lng":25.09003},{"city":"Kristinestad","state":"Ostrobothnia","population":6131,"lat":62.27429,"lng":21.37596},{"city":"Kauklahti","state":"Uusimaa","population":6119,"lat":60.19274,"lng":24.60045},{"city":"Pyhäjärvi","state":"Lapland","population":6094,"lat":67.0701,"lng":27.21763},{"city":"Parkano","state":"Pirkanmaa","population":6092,"lat":62.01667,"lng":23.01667},{"city":"Noormarkku","state":"Satakunta","population":6076,"lat":61.59274,"lng":21.86846},{"city":"Kello","state":"North Ostrobothnia","population":6030,"lat":65.1285,"lng":25.3567},{"city":"Vartioharju","state":"Uusimaa","population":6015,"lat":60.224,"lng":25.11037},{"city":"Kaivoksela","state":"Uusimaa","population":5963,"lat":60.26767,"lng":24.86871},{"city":"Tammela","state":"Pirkanmaa","population":5955,"lat":61.50232,"lng":23.77961},{"city":"Larsmo","state":"Ostrobothnia","population":5934,"lat":63.75388,"lng":22.74728},{"city":"Paloheinä","state":"Uusimaa","population":5905,"lat":60.25361,"lng":24.92832},{"city":"Haukilahti","state":"Uusimaa","population":5873,"lat":60.15889,"lng":24.77057},{"city":"Länsimäki","state":"Uusimaa","population":5865,"lat":60.24633,"lng":25.11775},{"city":"Kerimäki","state":"South Savo","population":5841,"lat":61.91069,"lng":29.28228},{"city":"Tammela","state":"Kanta-Häme","population":5810,"lat":60.81035,"lng":23.76823},{"city":"Perniö","state":"Southwest Finland","population":5809,"lat":60.2,"lng":23.13333},{"city":"Viitasaari","state":"Central Finland","population":5787,"lat":63.06667,"lng":25.86667},{"city":"Koivukylä","state":"Uusimaa","population":5702,"lat":60.32236,"lng":25.05861},{"city":"Ala-Malmi","state":"Uusimaa","population":5678,"lat":60.24818,"lng":25.01332},{"city":"Kalasatama","state":"Uusimaa","population":5671,"lat":60.18515,"lng":24.97934},{"city":"Karakallio","state":"Uusimaa","population":5668,"lat":60.23254,"lng":24.76083},{"city":"Lammi","state":"Kanta-Häme","population":5634,"lat":61.08333,"lng":25.01667},{"city":"Juva","state":"South Savo","population":5628,"lat":61.9,"lng":27.85},{"city":"Jakomäki","state":"Uusimaa","population":5625,"lat":60.2594,"lng":25.07801},{"city":"Tampella","state":"Pirkanmaa","population":5590,"lat":61.50366,"lng":23.76592},{"city":"Asola","state":"Uusimaa","population":5522,"lat":60.32973,"lng":25.05108},{"city":"Malax","state":"Ostrobothnia","population":5517,"lat":62.94225,"lng":21.57311},{"city":"Juankoski","state":"North Savo","population":5514,"lat":63.06475,"lng":28.32917},{"city":"Ylästö","state":"Uusimaa","population":5509,"lat":60.28417,"lng":24.9139},{"city":"Viiala","state":"Pirkanmaa","population":5472,"lat":61.21023,"lng":23.76738},{"city":"Lentävänniemi","state":"Pirkanmaa","population":5433,"lat":61.52801,"lng":23.70575},{"city":"Vilppula","state":"Pirkanmaa","population":5422,"lat":62.02121,"lng":24.50483},{"city":"Ingå","state":"Uusimaa","population":5416,"lat":60.04587,"lng":24.00459},{"city":"Länsi-Pasila","state":"Uusimaa","population":5413,"lat":60.19863,"lng":24.92309},{"city":"Suolahti","state":"Central Finland","population":5399,"lat":62.56421,"lng":25.85363},{"city":"Espoonlahden keskus","state":"Uusimaa","population":5359,"lat":60.14972,"lng":24.65513},{"city":"Amuri","state":"Pirkanmaa","population":5353,"lat":61.49957,"lng":23.74459},{"city":"Hiekkaharju","state":"Uusimaa","population":5333,"lat":60.30357,"lng":25.04411},{"city":"Meri-Rastila","state":"Uusimaa","population":5327,"lat":60.19972,"lng":25.11857},{"city":"Pohja","state":"Uusimaa","population":5257,"lat":60.09626,"lng":23.52757},{"city":"Kannus","state":"Central Ostrobothnia","population":5255,"lat":63.9,"lng":23.9},{"city":"Meilahti","state":"Uusimaa","population":5223,"lat":60.18982,"lng":24.89717},{"city":"Viherlaakso","state":"Uusimaa","population":5206,"lat":60.22877,"lng":24.74078},{"city":"Ähtäri","state":"South Ostrobothnia","population":5180,"lat":62.55403,"lng":24.06186},{"city":"Ristiina","state":"South Savo","population":5171,"lat":61.50579,"lng":27.24643},{"city":"Kaleva","state":"Pirkanmaa","population":5117,"lat":61.49834,"lng":23.80543},{"city":"Vanhatulli","state":"North Ostrobothnia","population":5095,"lat":65.00806,"lng":25.4693},{"city":"Kangasniemi","state":"South Savo","population":5057,"lat":61.99357,"lng":26.64785},{"city":"Korpilahti","state":"Central Finland","population":5050,"lat":62.01667,"lng":25.55},{"city":"Munkkivuori","state":"Uusimaa","population":5048,"lat":60.2058,"lng":24.87597},{"city":"Kivikko","state":"Uusimaa","population":5035,"lat":60.23483,"lng":25.06016},{"city":"Jääli","state":"North Ostrobothnia","population":5022,"lat":65.09296,"lng":25.68518},{"city":"Katajanokka","state":"Uusimaa","population":4994,"lat":60.16587,"lng":24.97133},{"city":"Pyhtää","state":"Kymenlaakso","population":4964,"lat":60.49349,"lng":26.54346},{"city":"Pornainen","state":"Uusimaa","population":4964,"lat":60.47581,"lng":25.3749},{"city":"Puotila","state":"Uusimaa","population":4930,"lat":60.21165,"lng":25.10829},{"city":"Äetsä","state":"Pirkanmaa","population":4929,"lat":61.29494,"lng":22.70459},{"city":"Latokaski","state":"Uusimaa","population":4927,"lat":60.17785,"lng":24.65813},{"city":"Ilola","state":"Uusimaa","population":4923,"lat":60.32657,"lng":25.01295},{"city":"Alahärmä","state":"South Ostrobothnia","population":4915,"lat":63.24831,"lng":22.85493},{"city":"Nakkila","state":"Satakunta","population":4905,"lat":61.36667,"lng":22.0},{"city":"Skinnarila","state":"South Karelia","population":4873,"lat":61.0637,"lng":28.10057},{"city":"Kärkölä","state":"Uusimaa","population":4853,"lat":60.61292,"lng":23.94196},{"city":"Jokioinen","state":"Kanta-Häme","population":4828,"lat":60.80162,"lng":23.48004},{"city":"Reimarla","state":"Uusimaa","population":4826,"lat":60.2279,"lng":24.85262},{"city":"Kaukovainio","state":"North Ostrobothnia","population":4809,"lat":64.99206,"lng":25.518},{"city":"Tervakoski","state":"Kanta-Häme","population":4753,"lat":60.81412,"lng":24.62594},{"city":"Rastila","state":"Uusimaa","population":4745,"lat":60.2103,"lng":25.1182},{"city":"Itäkeskus","state":"Uusimaa","population":4730,"lat":60.21015,"lng":25.08144},{"city":"Järvenperä","state":"Uusimaa","population":4726,"lat":60.24169,"lng":24.71357},{"city":"Ruokolahti","state":"South Karelia","population":4721,"lat":61.28333,"lng":28.83333},{"city":"Hietalahti","state":"Ostrobothnia","population":4700,"lat":63.0848,"lng":21.61716},{"city":"Nousiainen","state":"Southwest Finland","population":4685,"lat":60.60416,"lng":22.07926},{"city":"Vanha-Mankkaa","state":"Uusimaa","population":4680,"lat":60.19112,"lng":24.77589},{"city":"Atala","state":"Pirkanmaa","population":4679,"lat":61.50283,"lng":23.90685},{"city":"Sievi","state":"North Ostrobothnia","population":4654,"lat":63.9,"lng":24.5},{"city":"Lassila","state":"Uusimaa","population":4644,"lat":60.23189,"lng":24.87734},{"city":"Pyhäjärvi","state":"North Ostrobothnia","population":4639,"lat":63.68125,"lng":25.9812},{"city":"Vähäkyrö","state":"Ostrobothnia","population":4638,"lat":63.05635,"lng":22.10584},{"city":"Teuva","state":"South Ostrobothnia","population":4628,"lat":62.4819,"lng":21.74156},{"city":"Hervanta koillinen","state":"Pirkanmaa","population":4602,"lat":61.45617,"lng":23.86104},{"city":"Taipalsaari","state":"South Karelia","population":4591,"lat":61.15,"lng":28.05},{"city":"Otaniemi","state":"Uusimaa","population":4574,"lat":60.18395,"lng":24.82786},{"city":"Vesilahti","state":"Pirkanmaa","population":4550,"lat":61.31667,"lng":23.61667},{"city":"Joroinen","state":"North Savo","population":4543,"lat":62.17823,"lng":27.83165},{"city":"Lippajärvi","state":"Uusimaa","population":4525,"lat":60.23052,"lng":24.71623},{"city":"Askola","state":"Uusimaa","population":4515,"lat":60.53333,"lng":25.6},{"city":"Martti","state":"Southwest Finland","population":4506,"lat":60.44164,"lng":22.25444},{"city":"Urjala","state":"Pirkanmaa","population":4495,"lat":61.08333,"lng":23.53333},{"city":"Alppila","state":"Uusimaa","population":4478,"lat":60.18989,"lng":24.94293},{"city":"Pateniemi","state":"North Ostrobothnia","population":4472,"lat":65.07936,"lng":25.40889},{"city":"Hankasalmi","state":"Central Finland","population":4468,"lat":62.38333,"lng":26.43333},{"city":"Kuivasjärvi","state":"North Ostrobothnia","population":4452,"lat":65.06978,"lng":25.49695},{"city":"Jurva","state":"South Ostrobothnia","population":4450,"lat":62.68333,"lng":21.98333},{"city":"Kälviä","state":"Central Ostrobothnia","population":4449,"lat":63.86067,"lng":23.45289},{"city":"Ruukki","state":"North Ostrobothnia","population":4386,"lat":64.66667,"lng":25.1},{"city":"VII kaupunginosa","state":"Southwest Finland","population":4372,"lat":60.45073,"lng":22.25917},{"city":"Ikuri","state":"Pirkanmaa","population":4332,"lat":61.51132,"lng":23.59417},{"city":"Luumäki","state":"South Karelia","population":4327,"lat":60.92618,"lng":27.58135},{"city":"Ilomantsi","state":"North Karelia","population":4327,"lat":62.67162,"lng":30.93276},{"city":"Rautjärvi","state":"South Karelia","population":4316,"lat":61.43459,"lng":29.37151},{"city":"Nikinmäki","state":"Uusimaa","population":4308,"lat":60.34071,"lng":25.13878},{"city":"Kumpula","state":"Uusimaa","population":4305,"lat":60.20942,"lng":24.96424},{"city":"Kellokoski","state":"Uusimaa","population":4300,"lat":60.53271,"lng":25.10917},{"city":"Isokyrö","state":"South Ostrobothnia","population":4296,"lat":63.01172,"lng":22.33332},{"city":"Oulunsuu","state":"North Ostrobothnia","population":4292,"lat":65.0086,"lng":25.52759},{"city":"Linnanmaa","state":"North Ostrobothnia","population":4278,"lat":65.05559,"lng":25.46639},{"city":"Parikkala","state":"South Karelia","population":4274,"lat":61.55,"lng":29.5},{"city":"Ruskeasanta","state":"Uusimaa","population":4251,"lat":60.31263,"lng":25.00857},{"city":"Rajakylä","state":"Uusimaa","population":4128,"lat":60.24952,"lng":25.09586},{"city":"Juuka","state":"North Karelia","population":4118,"lat":63.23333,"lng":29.25},{"city":"Kaustinen","state":"Central Ostrobothnia","population":4098,"lat":63.54878,"lng":23.68845},{"city":"Joutsa","state":"Central Finland","population":4060,"lat":61.73333,"lng":26.11667},{"city":"Puotinharju","state":"Uusimaa","population":4045,"lat":60.21283,"lng":25.0787},{"city":"Ruovesi","state":"Pirkanmaa","population":4002,"lat":61.98575,"lng":24.05714},{"city":"Ivalo","state":"Lapland","population":3998,"lat":68.65986,"lng":27.53891},{"city":"Vapaala","state":"Uusimaa","population":3987,"lat":60.26285,"lng":24.82515},{"city":"Punkaharju","state":"South Savo","population":3984,"lat":61.75883,"lng":29.38843},{"city":"Kulosaari","state":"Uusimaa","population":3977,"lat":60.18572,"lng":25.00516},{"city":"Aura","state":"Southwest Finland","population":3965,"lat":60.6471,"lng":22.58755},{"city":"Polvijärvi","state":"North Karelia","population":3957,"lat":62.85,"lng":29.36667},{"city":"Kolari","state":"Lapland","population":3952,"lat":67.33047,"lng":23.77785},{"city":"Koria","state":"Kymenlaakso","population":3948,"lat":60.84614,"lng":26.60755},{"city":"Pielavesi","state":"North Savo","population":3944,"lat":63.23333,"lng":26.75},{"city":"Laurinlahti","state":"Uusimaa","population":3941,"lat":60.14564,"lng":24.64307},{"city":"Pernå","state":"Uusimaa","population":3938,"lat":60.44869,"lng":26.03187},{"city":"Tohmajärvi","state":"North Karelia","population":3925,"lat":62.18333,"lng":30.38333},{"city":"Kurttila","state":"Uusimaa","population":3917,"lat":60.17806,"lng":24.60311},{"city":"Kaijonharju","state":"North Ostrobothnia","population":3916,"lat":65.0599,"lng":25.48047},{"city":"Pitäjänmäen yritysalue","state":"Uusimaa","population":3916,"lat":60.2216,"lng":24.87232},{"city":"Rahola","state":"Pirkanmaa","population":3912,"lat":61.49805,"lng":23.63863},{"city":"Rajakylä","state":"North Ostrobothnia","population":3890,"lat":65.06553,"lng":25.42116},{"city":"Talvikangas","state":"North Ostrobothnia","population":3860,"lat":65.042,"lng":25.59695},{"city":"Päiväkumpu","state":"Uusimaa","population":3856,"lat":60.32727,"lng":25.10479},{"city":"Karjasilta","state":"North Ostrobothnia","population":3838,"lat":64.99906,"lng":25.49051},{"city":"Veikkari","state":"Uusimaa","population":3784,"lat":60.60965,"lng":24.81241},{"city":"Pappila","state":"Pirkanmaa","population":3764,"lat":61.49609,"lng":23.86908},{"city":"Hauho","state":"Kanta-Häme","population":3755,"lat":61.17255,"lng":24.56303},{"city":"Pertteli","state":"Southwest Finland","population":3740,"lat":60.43333,"lng":23.26667},{"city":"Kalevanrinne","state":"Pirkanmaa","population":3734,"lat":61.49334,"lng":23.81034},{"city":"Hyhky","state":"Pirkanmaa","population":3700,"lat":61.50616,"lng":23.69133},{"city":"Ylitornio","state":"Lapland","population":3697,"lat":66.30893,"lng":23.67734},{"city":"Pihtipudas","state":"Central Finland","population":3697,"lat":63.38333,"lng":25.56667},{"city":"Itä-Pasila","state":"Uusimaa","population":3656,"lat":60.19884,"lng":24.94008},{"city":"Uurainen","state":"Central Finland","population":3652,"lat":62.5,"lng":25.45},{"city":"Maaninka","state":"North Savo","population":3638,"lat":63.15523,"lng":27.29939},{"city":"Taivalkoski","state":"North Ostrobothnia","population":3624,"lat":65.56667,"lng":28.25},{"city":"Koivuhaka","state":"Uusimaa","population":3581,"lat":60.29836,"lng":25.00379},{"city":"Korvensuora","state":"North Ostrobothnia","population":3571,"lat":65.03897,"lng":25.57686},{"city":"Herukka","state":"North Ostrobothnia","population":3568,"lat":65.09712,"lng":25.40485},{"city":"Laajalahti","state":"Uusimaa","population":3567,"lat":60.20076,"lng":24.80352},{"city":"Ranua","state":"Lapland","population":3563,"lat":65.91667,"lng":26.53333},{"city":"Sonkajärvi","state":"North Savo","population":3551,"lat":63.66667,"lng":27.51667},{"city":"Petäjävesi","state":"Central Finland","population":3548,"lat":62.25,"lng":25.2},{"city":"Koivistonkylä","state":"Pirkanmaa","population":3548,"lat":61.47084,"lng":23.79141},{"city":"Petsamo","state":"Pirkanmaa","population":3543,"lat":61.50722,"lng":23.79656},{"city":"Nalkala","state":"Pirkanmaa","population":3542,"lat":61.4951,"lng":23.75802},{"city":"Karstula","state":"Central Finland","population":3541,"lat":62.86667,"lng":24.78333},{"city":"III kaupunginosa","state":"Southwest Finland","population":3492,"lat":60.44404,"lng":22.26646},{"city":"Maikkula","state":"North Ostrobothnia","population":3478,"lat":64.98357,"lng":25.5686},{"city":"Tammisto","state":"Uusimaa","population":3473,"lat":60.27429,"lng":24.95888},{"city":"Peltolammi","state":"Pirkanmaa","population":3429,"lat":61.45352,"lng":23.74771},{"city":"Koskela","state":"North Ostrobothnia","population":3407,"lat":65.04509,"lng":25.44528},{"city":"Kalvola","state":"Kanta-Häme","population":3406,"lat":61.10081,"lng":24.12177},{"city":"Lidmalmen","state":"Uusimaa","population":3406,"lat":60.26801,"lng":24.99878},{"city":"Kyttälä","state":"Pirkanmaa","population":3399,"lat":61.49841,"lng":23.76942},{"city":"Tammela A","state":"Pirkanmaa","population":3395,"lat":61.50388,"lng":23.77963},{"city":"Sysmä","state":"Paijat-Hame","population":3393,"lat":61.5,"lng":25.68333},{"city":"Liisankallio","state":"Pirkanmaa","population":3393,"lat":61.4991,"lng":23.7923},{"city":"Ylikiiminki","state":"North Ostrobothnia","population":3386,"lat":65.08333,"lng":26.25},{"city":"Karttula","state":"North Savo","population":3383,"lat":62.8963,"lng":26.97045},{"city":"Itä-Pakila","state":"Uusimaa","population":3382,"lat":60.24825,"lng":24.95811},{"city":"Kiukainen","state":"Satakunta","population":3358,"lat":61.21667,"lng":22.08333},{"city":"Vieremä","state":"North Savo","population":3353,"lat":63.75,"lng":27.01667},{"city":"Koskela","state":"Uusimaa","population":3351,"lat":60.21846,"lng":24.96677},{"city":"Niemenranta","state":"Pirkanmaa","population":3345,"lat":61.5217,"lng":23.68926},{"city":"Kuortane","state":"South Ostrobothnia","population":3328,"lat":62.8,"lng":23.5},{"city":"Westend","state":"Uusimaa","population":3323,"lat":60.16378,"lng":24.79842},{"city":"Säynätsalo","state":"Central Finland","population":3322,"lat":62.14025,"lng":25.76948},{"city":"Dragsfjärd","state":"Southwest Finland","population":3309,"lat":60.06667,"lng":22.48333},{"city":"Kalkku","state":"Pirkanmaa","population":3301,"lat":61.49609,"lng":23.57964},{"city":"Kimito","state":"Southwest Finland","population":3287,"lat":60.16047,"lng":22.729},{"city":"Ristinarkku","state":"Pirkanmaa","population":3275,"lat":61.48986,"lng":23.8496},{"city":"Vihanti","state":"North Ostrobothnia","population":3270,"lat":64.48472,"lng":24.99157},{"city":"Luvia","state":"Satakunta","population":3260,"lat":61.36375,"lng":21.62556},{"city":"Rantasalmi","state":"South Savo","population":3247,"lat":62.06667,"lng":28.3},{"city":"Salla","state":"Lapland","population":3235,"lat":66.83333,"lng":28.66667},{"city":"Niipperi","state":"Uusimaa","population":3231,"lat":60.28647,"lng":24.73967},{"city":"Lappi","state":"Satakunta","population":3212,"lat":61.1,"lng":21.83333},{"city":"Pello","state":"Lapland","population":3182,"lat":66.77364,"lng":23.96255},{"city":"Savitaipale","state":"South Karelia","population":3151,"lat":61.2,"lng":27.7},{"city":"Töysä","state":"South Ostrobothnia","population":3144,"lat":62.62803,"lng":23.81828},{"city":"Himanka","state":"North Ostrobothnia","population":3136,"lat":64.06218,"lng":23.65447},{"city":"Vartiovuori","state":"Southwest Finland","population":3104,"lat":60.44668,"lng":22.27761},{"city":"Jollas","state":"Uusimaa","population":3098,"lat":60.1628,"lng":25.07361},{"city":"Hiukkavaara","state":"North Ostrobothnia","population":3097,"lat":65.01585,"lng":25.58402},{"city":"Vaarala","state":"Uusimaa","population":3089,"lat":60.26226,"lng":25.09303},{"city":"Amuri A","state":"Pirkanmaa","population":3073,"lat":61.50094,"lng":23.74435},{"city":"Mikkola","state":"Uusimaa","population":3071,"lat":60.34075,"lng":25.09981},{"city":"Myllytulli","state":"North Ostrobothnia","population":3067,"lat":65.01578,"lng":25.48313},{"city":"Välivainio","state":"North Ostrobothnia","population":3053,"lat":65.03354,"lng":25.47815},{"city":"Muurala","state":"Uusimaa","population":3052,"lat":60.2127,"lng":24.64251},{"city":"Lohtaja","state":"Central Ostrobothnia","population":3043,"lat":64.02472,"lng":23.50482},{"city":"Yli-maaria","state":"Southwest Finland","population":3023,"lat":60.55015,"lng":22.3089},{"city":"Varpaisjärvi","state":"North Savo","population":3007,"lat":63.35932,"lng":27.75506},{"city":"Heikinlaakso","state":"Uusimaa","population":2990,"lat":60.26873,"lng":25.07379},{"city":"Vaara","state":"North Ostrobothnia","population":2980,"lat":65.01063,"lng":25.48248},{"city":"Paltamo","state":"Kainuu","population":2972,"lat":64.41667,"lng":27.83333},{"city":"Pyhäjoki","state":"North Ostrobothnia","population":2970,"lat":64.46667,"lng":24.23333},{"city":"Rekola","state":"Uusimaa","population":2969,"lat":60.33086,"lng":25.0732},{"city":"Kuninkaala","state":"Uusimaa","population":2969,"lat":60.28481,"lng":25.04557},{"city":"Sauvo","state":"Southwest Finland","population":2968,"lat":60.34306,"lng":22.69642},{"city":"Mouhijärvi","state":"Pirkanmaa","population":2961,"lat":61.5,"lng":23.01667},{"city":"Veräjämäki","state":"Uusimaa","population":2958,"lat":60.22745,"lng":24.97484},{"city":"Rautalampi","state":"North Savo","population":2953,"lat":62.63333,"lng":26.83333},{"city":"Lapinjärvi","state":"Uusimaa","population":2937,"lat":60.62443,"lng":26.1972},{"city":"Veteli","state":"Central Ostrobothnia","population":2931,"lat":63.47839,"lng":23.78285},{"city":"Kaakinmaa","state":"Pirkanmaa","population":2911,"lat":61.49435,"lng":23.74786},{"city":"Heinävesi","state":"North Karelia","population":2909,"lat":62.43333,"lng":28.6},{"city":"Köyliö","state":"Satakunta","population":2901,"lat":61.1191,"lng":22.30976},{"city":"Hatanpää","state":"Pirkanmaa","population":2894,"lat":61.48293,"lng":23.76253},{"city":"Kruunuvuorenranta","state":"Uusimaa","population":2894,"lat":60.16721,"lng":25.01891},{"city":"Vantaanlaakso","state":"Uusimaa","population":2888,"lat":60.29002,"lng":24.87762},{"city":"Lemi","state":"South Karelia","population":2885,"lat":61.06244,"lng":27.80571},{"city":"Merikarvia","state":"Satakunta","population":2882,"lat":61.85839,"lng":21.50035},{"city":"Posio","state":"Lapland","population":2872,"lat":66.10856,"lng":28.17186},{"city":"Kuninkaantammi","state":"Uusimaa","population":2867,"lat":60.26091,"lng":24.8894},{"city":"Ruoholahti","state":"Uusimaa","population":2863,"lat":60.1628,"lng":24.91592},{"city":"Lukonmäki","state":"Pirkanmaa","population":2838,"lat":61.46873,"lng":23.84583},{"city":"Ylihärmä","state":"South Ostrobothnia","population":2836,"lat":63.15,"lng":22.78333},{"city":"Ruotsinpyhtää","state":"Uusimaa","population":2836,"lat":60.5268,"lng":26.46203},{"city":"Tervola","state":"Lapland","population":2820,"lat":66.08333,"lng":24.8},{"city":"Vanha Ruskeasuo","state":"Uusimaa","population":2798,"lat":60.20247,"lng":24.90648},{"city":"Virolahti","state":"Kymenlaakso","population":2796,"lat":60.51667,"lng":27.68306},{"city":"Toholampi","state":"Central Ostrobothnia","population":2787,"lat":63.76667,"lng":24.25},{"city":"Tykki","state":"South Karelia","population":2780,"lat":61.04888,"lng":28.18691},{"city":"Lamminpää","state":"Pirkanmaa","population":2775,"lat":61.51963,"lng":23.62618},{"city":"Simo","state":"Lapland","population":2753,"lat":65.66667,"lng":25.05},{"city":"Pispala","state":"Pirkanmaa","population":2752,"lat":61.50434,"lng":23.7083},{"city":"Kurkimäki","state":"Uusimaa","population":2731,"lat":60.23325,"lng":25.06745},{"city":"Kissanmaa","state":"Pirkanmaa","population":2729,"lat":61.49976,"lng":23.81612},{"city":"Torpparinmäki","state":"Uusimaa","population":2728,"lat":60.26109,"lng":24.95229},{"city":"Kiihtelysvaara","state":"North Karelia","population":2723,"lat":62.49525,"lng":30.25081},{"city":"Itä-Hakkila","state":"Uusimaa","population":2721,"lat":60.29243,"lng":25.11397},{"city":"Karhusuo","state":"Uusimaa","population":2717,"lat":60.22767,"lng":24.62337},{"city":"Hollihaka","state":"North Ostrobothnia","population":2716,"lat":65.00779,"lng":25.45527},{"city":"Leveri","state":"North Ostrobothnia","population":2711,"lat":65.00431,"lng":25.46467},{"city":"Lappajärvi","state":"South Ostrobothnia","population":2710,"lat":63.2,"lng":23.63333},{"city":"Hakuninmaa","state":"Uusimaa","population":2708,"lat":60.25357,"lng":24.89227},{"city":"Kuru","state":"Pirkanmaa","population":2701,"lat":61.87558,"lng":23.71948},{"city":"Puumala","state":"South Savo","population":2693,"lat":61.52728,"lng":28.17495},{"city":"Grundbacka","state":"Uusimaa","population":2685,"lat":60.28928,"lng":24.72653},{"city":"Padasjoki","state":"Paijat-Hame","population":2670,"lat":61.35,"lng":25.28333},{"city":"Kesälahti","state":"North Karelia","population":2665,"lat":61.89752,"lng":29.83494},{"city":"Rantaperkiö","state":"Pirkanmaa","population":2664,"lat":61.47033,"lng":23.75559},{"city":"Martinniemi","state":"North Ostrobothnia","population":2654,"lat":65.21241,"lng":25.30941},{"city":"Kylmäkoski","state":"Pirkanmaa","population":2647,"lat":61.154,"lng":23.68858},{"city":"Kalajärvi","state":"Uusimaa","population":2615,"lat":60.30476,"lng":24.73718},{"city":"Vimpeli","state":"South Ostrobothnia","population":2603,"lat":63.16187,"lng":23.81922},{"city":"Maununneva","state":"Uusimaa","population":2601,"lat":60.25028,"lng":24.90595},{"city":"Punkalaidun","state":"Pirkanmaa","population":2595,"lat":61.11667,"lng":23.1},{"city":"Alppila","state":"North Ostrobothnia","population":2587,"lat":65.0364,"lng":25.45987},{"city":"Kaavi","state":"North Savo","population":2578,"lat":62.98333,"lng":28.5},{"city":"Perho","state":"Central Ostrobothnia","population":2572,"lat":63.21667,"lng":24.41667},{"city":"Vaala","state":"Kainuu","population":2567,"lat":64.56667,"lng":26.83333},{"city":"Tammela B","state":"Pirkanmaa","population":2560,"lat":61.50034,"lng":23.77968},{"city":"Vuolijoki","state":"Kainuu","population":2557,"lat":64.18538,"lng":26.99547},{"city":"Ristimäki","state":"Pirkanmaa","population":2545,"lat":61.50377,"lng":23.64187},{"city":"Hallila","state":"Pirkanmaa","population":2537,"lat":61.4631,"lng":23.82939},{"city":"Reisjärvi","state":"North Ostrobothnia","population":2534,"lat":63.61667,"lng":24.9},{"city":"Konepaja","state":"Uusimaa","population":2500,"lat":60.1938,"lng":24.94491},{"city":"Karinaisten Kirkonkylä","state":"Southwest Finland","population":2497,"lat":60.67089,"lng":22.77345},{"city":"Intiö","state":"North Ostrobothnia","population":2485,"lat":65.01538,"lng":25.49871},{"city":"Pokkinen","state":"North Ostrobothnia","population":2484,"lat":65.01306,"lng":25.47253},{"city":"Puolivälinkangas","state":"North Ostrobothnia","population":2480,"lat":65.04162,"lng":25.48493},{"city":"Voisalmi","state":"South Karelia","population":2472,"lat":61.08179,"lng":28.15023},{"city":"Hartola","state":"Paijat-Hame","population":2463,"lat":61.58333,"lng":26.01667},{"city":"Uus-Lavola","state":"South Karelia","population":2453,"lat":61.04258,"lng":28.102},{"city":"Utajärvi","state":"North Ostrobothnia","population":2447,"lat":64.7625,"lng":26.41944},{"city":"Leppäkorpi","state":"Uusimaa","population":2440,"lat":60.36266,"lng":25.09346},{"city":"Konnevesi","state":"Central Finland","population":2429,"lat":62.61667,"lng":26.31667},{"city":"Höyhtyä","state":"North Ostrobothnia","population":2426,"lat":64.99565,"lng":25.49592},{"city":"Keimola","state":"Uusimaa","population":2418,"lat":60.33833,"lng":24.8164},{"city":"Lintulampi","state":"Pirkanmaa","population":2415,"lat":61.52696,"lng":23.6706},{"city":"Pihlajisto","state":"Uusimaa","population":2411,"lat":60.23102,"lng":25.00134},{"city":"Alavieska","state":"North Ostrobothnia","population":2407,"lat":64.16667,"lng":24.3},{"city":"Kortesjärvi","state":"South Ostrobothnia","population":2400,"lat":63.3,"lng":23.16667},{"city":"Luopioinen","state":"Pirkanmaa","population":2381,"lat":61.36293,"lng":24.66781},{"city":"Renko","state":"Kanta-Häme","population":2376,"lat":60.89563,"lng":24.28785},{"city":"Multisilta","state":"Pirkanmaa","population":2367,"lat":61.43829,"lng":23.75143},{"city":"Samppalinna","state":"Southwest Finland","population":2361,"lat":60.44492,"lng":22.27018},{"city":"Kärsämäki","state":"North Ostrobothnia","population":2350,"lat":63.96667,"lng":25.76667},{"city":"Matari","state":"Uusimaa","population":2349,"lat":60.3394,"lng":25.08865},{"city":"Puolanka","state":"Kainuu","population":2348,"lat":64.86667,"lng":27.66667},{"city":"Myllyoja","state":"North Ostrobothnia","population":2345,"lat":65.01908,"lng":25.55286},{"city":"Takahuhti","state":"Pirkanmaa","population":2344,"lat":61.49721,"lng":23.85423},{"city":"Holvasti","state":"Pirkanmaa","population":2336,"lat":61.48342,"lng":23.92754},{"city":"Toivakka","state":"Central Finland","population":2333,"lat":62.1,"lng":26.08333},{"city":"Sulkava","state":"South Savo","population":2328,"lat":61.78691,"lng":28.37299},{"city":"Muonio","state":"Lapland","population":2321,"lat":67.95546,"lng":23.68258},{"city":"Länsiranta","state":"Southwest Finland","population":2319,"lat":60.43923,"lng":22.23581},{"city":"Vanttila","state":"Uusimaa","population":2314,"lat":60.18653,"lng":24.62054},{"city":"Tuusniemi","state":"North Savo","population":2312,"lat":62.81667,"lng":28.5},{"city":"Varisto","state":"Uusimaa","population":2298,"lat":60.26983,"lng":24.81751},{"city":"Kalevanharju","state":"Pirkanmaa","population":2282,"lat":61.49348,"lng":23.78477},{"city":"Amuri B","state":"Pirkanmaa","population":2280,"lat":61.4989,"lng":23.74586},{"city":"Vehmaa","state":"Southwest Finland","population":2262,"lat":60.68333,"lng":21.66667},{"city":"Evijärvi","state":"South Ostrobothnia","population":2262,"lat":63.36667,"lng":23.48333},{"city":"Leiri","state":"South Karelia","population":2260,"lat":61.05583,"lng":28.17787},{"city":"Haukivuori","state":"South Savo","population":2256,"lat":62.01753,"lng":27.21906},{"city":"Yli-Ii","state":"North Ostrobothnia","population":2235,"lat":65.37181,"lng":25.8458},{"city":"Tammisalo","state":"Uusimaa","population":2223,"lat":60.19226,"lng":25.06671},{"city":"Tohloppi","state":"Pirkanmaa","population":2202,"lat":61.51086,"lng":23.62805},{"city":"Ypäjä","state":"Kanta-Häme","population":2185,"lat":60.8,"lng":23.28333},{"city":"Koski Tl","state":"Southwest Finland","population":2182,"lat":60.65,"lng":23.15},{"city":"Peltola","state":"South Karelia","population":2165,"lat":61.05471,"lng":28.19457},{"city":"Jokipohja","state":"Pirkanmaa","population":2165,"lat":61.47858,"lng":23.80828},{"city":"Karvia","state":"Satakunta","population":2162,"lat":62.13333,"lng":22.56667},{"city":"Hakali","state":"South Karelia","population":2162,"lat":61.07185,"lng":28.27579},{"city":"Laakso","state":"Uusimaa","population":2157,"lat":60.19219,"lng":24.91364},{"city":"Malmin lentokenttä","state":"Uusimaa","population":2152,"lat":60.25131,"lng":25.04402},{"city":"Hämeenkoski","state":"Paijat-Hame","population":2149,"lat":61.02222,"lng":25.15417},{"city":"Yläne","state":"Southwest Finland","population":2148,"lat":60.88333,"lng":22.41667},{"city":"Sahalahti","state":"Pirkanmaa","population":2141,"lat":61.4746,"lng":24.32652},{"city":"Oravais","state":"Ostrobothnia","population":2141,"lat":63.30135,"lng":22.37821},{"city":"Valtimo","state":"North Karelia","population":2140,"lat":63.66667,"lng":28.8},{"city":"Viljakkala","state":"Pirkanmaa","population":2125,"lat":61.70601,"lng":23.26688},{"city":"Marttila","state":"Southwest Finland","population":2125,"lat":60.58333,"lng":22.9},{"city":"Lavia","state":"Satakunta","population":2109,"lat":61.59659,"lng":22.58726},{"city":"Pallo","state":"South Karelia","population":2104,"lat":61.0651,"lng":28.16809},{"city":"Replot","state":"Ostrobothnia","population":2100,"lat":63.22882,"lng":21.41691},{"city":"Vehmainen","state":"Pirkanmaa","population":2095,"lat":61.47674,"lng":23.91827},{"city":"Leinola","state":"Pirkanmaa","population":2095,"lat":61.48617,"lng":23.90093},{"city":"Pertunmaa","state":"South Savo","population":2089,"lat":61.5,"lng":26.48333},{"city":"Osmonmäki","state":"Pirkanmaa","population":2086,"lat":61.50557,"lng":23.77937},{"city":"Humppila","state":"Kanta-Häme","population":2084,"lat":60.93333,"lng":23.36667},{"city":"Tuupovaara","state":"North Karelia","population":2059,"lat":62.48372,"lng":30.62731},{"city":"Espoon Keskus","state":"Uusimaa","population":2057,"lat":60.20475,"lng":24.65233},{"city":"Kuurinniitty","state":"Uusimaa","population":2057,"lat":60.19778,"lng":24.70039},{"city":"Hiironen","state":"North Ostrobothnia","population":2056,"lat":64.98416,"lng":25.52246},{"city":"Haukiluoma","state":"Pirkanmaa","population":2054,"lat":61.51848,"lng":23.60413},{"city":"Karhuvuori","state":"South Karelia","population":2049,"lat":61.04443,"lng":28.24405},{"city":"Rantsila","state":"North Ostrobothnia","population":2048,"lat":64.50613,"lng":25.66449},{"city":"Hirvensalmi","state":"South Savo","population":2046,"lat":61.63333,"lng":26.8},{"city":"Lauritsala","state":"South Karelia","population":2036,"lat":61.07191,"lng":28.25915},{"city":"Kuhmoinen","state":"Pirkanmaa","population":2020,"lat":61.56667,"lng":25.18333},{"city":"Lumijoki","state":"North Ostrobothnia","population":2016,"lat":64.83744,"lng":25.18607},{"city":"Kourula","state":"South Karelia","population":2010,"lat":61.04628,"lng":28.13069},{"city":"Tammerkoski","state":"Pirkanmaa","population":2009,"lat":61.49914,"lng":23.75661},{"city":"Sandsund","state":"Ostrobothnia","population":1998,"lat":63.64759,"lng":22.72977},{"city":"Hyrynsalmi","state":"Kainuu","population":1998,"lat":64.66667,"lng":28.53333},{"city":"Tirilä","state":"South Karelia","population":1994,"lat":61.05766,"lng":28.2443},{"city":"Veromies","state":"Uusimaa","population":1990,"lat":60.29842,"lng":24.96343},{"city":"Marjaniemi","state":"Uusimaa","population":1989,"lat":60.2018,"lng":25.08275},{"city":"Rymättylä","state":"Southwest Finland","population":1987,"lat":60.37658,"lng":21.94184},{"city":"Korsnäs","state":"Ostrobothnia","population":1985,"lat":62.78333,"lng":21.2},{"city":"Kuivaniemi","state":"North Ostrobothnia","population":1979,"lat":65.57847,"lng":25.18814},{"city":"Keitele","state":"North Savo","population":1964,"lat":63.18333,"lng":26.36667},{"city":"Oitti","state":"Kanta-Häme","population":1963,"lat":60.78333,"lng":25.03333},{"city":"Tarvasjoki","state":"Southwest Finland","population":1961,"lat":60.58333,"lng":22.73333},{"city":"Kisko","state":"Southwest Finland","population":1958,"lat":60.23333,"lng":23.48333},{"city":"Kämmenniemi","state":"Pirkanmaa","population":1958,"lat":61.62982,"lng":23.83724},{"city":"Mäntylä","state":"North Ostrobothnia","population":1951,"lat":64.98228,"lng":25.49665},{"city":"Limingantulli","state":"North Ostrobothnia","population":1939,"lat":64.99598,"lng":25.46452},{"city":"Pomarkku","state":"Satakunta","population":1921,"lat":61.69348,"lng":22.00862},{"city":"Sammonlahti","state":"South Karelia","population":1921,"lat":61.0493,"lng":28.12135},{"city":"Vahto","state":"Southwest Finland","population":1916,"lat":60.6,"lng":22.3},{"city":"Pyhäranta","state":"Southwest Finland","population":1910,"lat":60.95,"lng":21.45},{"city":"Jaala","state":"Kymenlaakso","population":1893,"lat":61.05251,"lng":26.48117},{"city":"Hervanta kaakko","state":"Pirkanmaa","population":1890,"lat":61.44576,"lng":23.86724},{"city":"Vehmersalmi","state":"North Savo","population":1889,"lat":62.76101,"lng":28.02853},{"city":"Pajamäki","state":"Uusimaa","population":1884,"lat":60.21779,"lng":24.85872},{"city":"Kivisalmi","state":"South Karelia","population":1866,"lat":61.09058,"lng":28.14551},{"city":"Rääkkylä","state":"North Karelia","population":1858,"lat":62.31667,"lng":29.61667},{"city":"Olkahinen","state":"Pirkanmaa","population":1853,"lat":61.52526,"lng":23.94325},{"city":"Askisto","state":"Uusimaa","population":1849,"lat":60.28141,"lng":24.78361},{"city":"Hervantajärvi","state":"Pirkanmaa","population":1841,"lat":61.43869,"lng":23.87318},{"city":"Vesanto","state":"North Savo","population":1828,"lat":62.93333,"lng":26.41667},{"city":"Soini","state":"South Ostrobothnia","population":1793,"lat":62.86667,"lng":24.21667},{"city":"Mietoinen","state":"Southwest Finland","population":1785,"lat":60.63333,"lng":21.93333},{"city":"Muotiala","state":"Pirkanmaa","population":1780,"lat":61.47732,"lng":23.81992},{"city":"Kuusjoki","state":"Southwest Finland","population":1775,"lat":60.51667,"lng":23.2},{"city":"Kiikala","state":"Southwest Finland","population":1771,"lat":60.46667,"lng":23.56667},{"city":"Isojoki","state":"South Ostrobothnia","population":1771,"lat":62.11319,"lng":21.95884},{"city":"Raksila","state":"North Ostrobothnia","population":1770,"lat":65.00904,"lng":25.49326},{"city":"Alakylä","state":"South Karelia","population":1769,"lat":61.05563,"lng":28.20506},{"city":"Pyynikinrinne","state":"Pirkanmaa","population":1767,"lat":61.49641,"lng":23.74145},{"city":"Enontekiö","state":"Lapland","population":1765,"lat":68.38573,"lng":23.63215},{"city":"Ytteresse","state":"Ostrobothnia","population":1758,"lat":63.62209,"lng":22.99456},{"city":"Vampula","state":"Satakunta","population":1743,"lat":61.01667,"lng":22.7},{"city":"Lemu","state":"Southwest Finland","population":1738,"lat":60.56667,"lng":21.96667},{"city":"Pukkila","state":"Uusimaa","population":1737,"lat":60.644,"lng":25.5821},{"city":"Etelä-Kyttälä","state":"Pirkanmaa","population":1729,"lat":61.49655,"lng":23.76914},{"city":"Taivassalo","state":"Southwest Finland","population":1722,"lat":60.56085,"lng":21.61639},{"city":"Hämevaara","state":"Uusimaa","population":1713,"lat":60.24842,"lng":24.80764},{"city":"Herttoniemen yritysalue","state":"Uusimaa","population":1712,"lat":60.19417,"lng":25.04303},{"city":"Myrskylä","state":"Uusimaa","population":1706,"lat":60.66965,"lng":25.8475},{"city":"Lautiosaari","state":"Lapland","population":1700,"lat":65.79912,"lng":24.57968},{"city":"Miehikkälä","state":"Kymenlaakso","population":1697,"lat":60.66667,"lng":27.7},{"city":"Kihniö","state":"Pirkanmaa","population":1697,"lat":62.2,"lng":23.18333},{"city":"Ylä-Pispala","state":"Pirkanmaa","population":1693,"lat":61.50152,"lng":23.71763},{"city":"Hevossalmi","state":"Uusimaa","population":1690,"lat":60.1657,"lng":25.04655},{"city":"Kynsilehto","state":"North Ostrobothnia","population":1683,"lat":65.03037,"lng":25.53919},{"city":"Peltola","state":"North Ostrobothnia","population":1679,"lat":65.01324,"lng":25.51437},{"city":"Pyhäntä","state":"North Ostrobothnia","population":1674,"lat":64.1,"lng":26.31667},{"city":"Pohjois-Kyttälä","state":"Pirkanmaa","population":1670,"lat":61.50011,"lng":23.7686},{"city":"Sepänkylä","state":"Uusimaa","population":1665,"lat":60.20443,"lng":24.73366},{"city":"Pulkkila","state":"North Ostrobothnia","population":1661,"lat":64.26667,"lng":25.86667},{"city":"Jämijärvi","state":"Satakunta","population":1659,"lat":61.81667,"lng":22.7},{"city":"Karjalohja","state":"Uusimaa","population":1657,"lat":60.24015,"lng":23.71789},{"city":"Juupajoki","state":"Pirkanmaa","population":1657,"lat":61.79901,"lng":24.36939},{"city":"Kaupunginkallio","state":"Uusimaa","population":1651,"lat":60.19847,"lng":24.64722},{"city":"Vallinoja","state":"Uusimaa","population":1643,"lat":60.36554,"lng":25.07371},{"city":"Längelmäki","state":"Satakunta","population":1636,"lat":61.65,"lng":22.1},{"city":"Röykkä","state":"Uusimaa","population":1614,"lat":60.48767,"lng":24.64937},{"city":"Kangaslampi","state":"North Savo","population":1596,"lat":62.29563,"lng":28.25289},{"city":"Honkajoki","state":"Satakunta","population":1595,"lat":61.98333,"lng":22.26667},{"city":"Kestilä","state":"North Ostrobothnia","population":1576,"lat":64.35002,"lng":26.27921},{"city":"Turun satama","state":"Southwest Finland","population":1565,"lat":60.4352,"lng":22.2229},{"city":"Finlayson","state":"Pirkanmaa","population":1561,"lat":61.50167,"lng":23.75341},{"city":"Kiviniemi","state":"North Ostrobothnia","population":1550,"lat":64.96795,"lng":25.50016},{"city":"Merimasku","state":"Southwest Finland","population":1538,"lat":60.48333,"lng":21.86667},{"city":"Korvenkylä","state":"South Karelia","population":1536,"lat":61.18113,"lng":28.70036},{"city":"Viiala","state":"Pirkanmaa","population":1530,"lat":61.47631,"lng":23.85641},{"city":"Santalahti","state":"Pirkanmaa","population":1529,"lat":61.50717,"lng":23.71345},{"city":"Kuusimäki","state":"South Karelia","population":1515,"lat":61.05029,"lng":28.14033},{"city":"Laanila","state":"North Ostrobothnia","population":1503,"lat":65.02383,"lng":25.50785},{"city":"Jäppilä","state":"South Savo","population":1501,"lat":62.37899,"lng":27.43372},{"city":"Ristinummi","state":"Ostrobothnia","population":1500,"lat":63.09192,"lng":21.72297},{"city":"Teeriniemi","state":"Ostrobothnia","population":1500,"lat":63.09705,"lng":21.6959},{"city":"Kullaa","state":"Satakunta","population":1494,"lat":61.46998,"lng":22.16145},{"city":"Kinnula","state":"Central Finland","population":1492,"lat":63.38333,"lng":24.95},{"city":"Muurla","state":"Southwest Finland","population":1486,"lat":60.35,"lng":23.28333},{"city":"Veisu","state":"Pirkanmaa","population":1484,"lat":61.46995,"lng":23.80908},{"city":"Lapinniemi","state":"Pirkanmaa","population":1482,"lat":61.51252,"lng":23.77667},{"city":"Alppikylä","state":"Uusimaa","population":1478,"lat":60.26006,"lng":25.06943},{"city":"Kaarila","state":"Pirkanmaa","population":1478,"lat":61.5028,"lng":23.65708},{"city":"Tuulos","state":"Kanta-Häme","population":1466,"lat":61.15,"lng":24.8},{"city":"Liljendal","state":"Uusimaa","population":1455,"lat":60.57346,"lng":26.05257},{"city":"Tesomajärvi","state":"Pirkanmaa","population":1448,"lat":61.50664,"lng":23.61792},{"city":"Monninkylä","state":"Uusimaa","population":1443,"lat":60.49533,"lng":25.53979},{"city":"Epilä","state":"Pirkanmaa","population":1436,"lat":61.50808,"lng":23.6679},{"city":"Pyykösjärvi","state":"North Ostrobothnia","population":1426,"lat":65.04256,"lng":25.49583},{"city":"Ojakkala","state":"Uusimaa","population":1426,"lat":60.36881,"lng":24.38425},{"city":"Ruotula","state":"Pirkanmaa","population":1421,"lat":61.50239,"lng":23.83698},{"city":"Tullisaari","state":"Uusimaa","population":1421,"lat":60.17989,"lng":25.03552},{"city":"Ylämaa","state":"South Karelia","population":1415,"lat":60.8,"lng":28.0},{"city":"Artjärvi","state":"Paijat-Hame","population":1412,"lat":60.74544,"lng":26.07084},{"city":"Nagu","state":"Southwest Finland","population":1410,"lat":60.19375,"lng":21.90972},{"city":"Pohtola","state":"Pirkanmaa","population":1407,"lat":61.5373,"lng":23.67579},{"city":"Rautavaara","state":"North Savo","population":1403,"lat":63.48333,"lng":28.3},{"city":"Vierumäki","state":"Uusimaa","population":1401,"lat":60.35918,"lng":25.03741},{"city":"Tervo","state":"North Savo","population":1398,"lat":62.95,"lng":26.75},{"city":"Tasanne","state":"Pirkanmaa","population":1395,"lat":61.51845,"lng":23.92676},{"city":"Heikkilänkangas","state":"North Ostrobothnia","population":1395,"lat":64.96861,"lng":25.61425},{"city":"Linnoitus","state":"South Karelia","population":1392,"lat":61.06647,"lng":28.18225},{"city":"Multia","state":"Central Finland","population":1384,"lat":62.41667,"lng":24.78333},{"city":"Lapinkylä","state":"Uusimaa","population":1383,"lat":60.22192,"lng":24.45485},{"city":"Grinddal","state":"Uusimaa","population":1372,"lat":60.23348,"lng":24.98087},{"city":"Ryydynpohja","state":"Pirkanmaa","population":1370,"lat":61.52703,"lng":23.6576},{"city":"Järvensivu","state":"Pirkanmaa","population":1368,"lat":61.48912,"lng":23.80205},{"city":"Jokiniemi","state":"Uusimaa","population":1357,"lat":60.29826,"lng":25.05677},{"city":"Värttö","state":"North Ostrobothnia","population":1354,"lat":65.01816,"lng":25.51738},{"city":"Niemenmäki","state":"Uusimaa","population":1346,"lat":60.204,"lng":24.88481},{"city":"Vanhakartano","state":"Uusimaa","population":1345,"lat":60.25936,"lng":24.73649},{"city":"Virojoki","state":"Kymenlaakso","population":1328,"lat":60.5794,"lng":27.70354},{"city":"Saarenkylä","state":"South Karelia","population":1326,"lat":61.6494,"lng":29.75186},{"city":"Suomusjärvi","state":"Southwest Finland","population":1310,"lat":60.35,"lng":23.65},{"city":"Kaartinkaupunki","state":"Uusimaa","population":1309,"lat":60.16501,"lng":24.94692},{"city":"Ratina","state":"Pirkanmaa","population":1309,"lat":61.49319,"lng":23.7651},{"city":"Hakkila","state":"Uusimaa","population":1306,"lat":60.29238,"lng":25.07346},{"city":"Viikinranta","state":"Uusimaa","population":1303,"lat":60.21894,"lng":24.98728},{"city":"Auttoinen","state":"Paijat-Hame","population":1300,"lat":61.29901,"lng":25.08887},{"city":"Oripää","state":"Southwest Finland","population":1297,"lat":60.85,"lng":22.68333},{"city":"Siikajoki","state":"North Ostrobothnia","population":1293,"lat":64.81455,"lng":24.75924},{"city":"Viikin Tiedepuisto","state":"Uusimaa","population":1292,"lat":60.22498,"lng":25.01408},{"city":"Viinikka","state":"Pirkanmaa","population":1290,"lat":61.48793,"lng":23.78214},{"city":"Enonkoski","state":"South Savo","population":1285,"lat":62.08333,"lng":28.93333},{"city":"Kaskinen","state":"Ostrobothnia","population":1278,"lat":62.38444,"lng":21.22331},{"city":"Suodenniemi","state":"Pirkanmaa","population":1274,"lat":61.5581,"lng":22.78526},{"city":"Myllymäki","state":"South Karelia","population":1269,"lat":60.9616,"lng":28.0304},{"city":"Vanha-Nuuksio-Nupuri","state":"Uusimaa","population":1266,"lat":60.24084,"lng":24.59855},{"city":"Tulli","state":"Pirkanmaa","population":1261,"lat":61.49704,"lng":23.7798},{"city":"Uusikylä","state":"Pirkanmaa","population":1261,"lat":61.49544,"lng":23.82888},{"city":"Savonranta","state":"South Savo","population":1255,"lat":62.18333,"lng":29.2},{"city":"Sumiainen","state":"Central Finland","population":1251,"lat":62.65736,"lng":26.04642},{"city":"Siikainen","state":"Satakunta","population":1248,"lat":61.87703,"lng":21.81945},{"city":"Kiikoinen","state":"Pirkanmaa","population":1248,"lat":61.45385,"lng":22.57699},{"city":"Kimpinen","state":"South Karelia","population":1248,"lat":61.06318,"lng":28.19997},{"city":"Lehtisaari","state":"Uusimaa","population":1243,"lat":60.17972,"lng":24.85167},{"city":"Gumböle","state":"Uusimaa","population":1237,"lat":60.21948,"lng":24.61684},{"city":"Niemi","state":"Pirkanmaa","population":1210,"lat":61.5272,"lng":23.68841},{"city":"Laihia","state":"South Karelia","population":1204,"lat":61.0864,"lng":28.32284},{"city":"Nuijamaa","state":"South Karelia","population":1199,"lat":60.96011,"lng":28.55104},{"city":"Nivavaara","state":"Lapland","population":1194,"lat":66.53333,"lng":25.83333},{"city":"Munkkisaari","state":"Uusimaa","population":1181,"lat":60.157,"lng":24.92792},{"city":"Juhannuskylä","state":"Pirkanmaa","population":1178,"lat":61.50239,"lng":23.76935},{"city":"Kannonkoski","state":"Central Finland","population":1173,"lat":62.96667,"lng":25.25},{"city":"Sammatti","state":"Uusimaa","population":1171,"lat":60.31991,"lng":23.82085},{"city":"Taskila","state":"North Ostrobothnia","population":1165,"lat":65.05295,"lng":25.43086},{"city":"Ristijärvi","state":"Kainuu","population":1162,"lat":64.5,"lng":28.21667},{"city":"Huikas","state":"Pirkanmaa","population":1162,"lat":61.4979,"lng":23.83835},{"city":"Kuhmalahden Kirkonkylä","state":"Pirkanmaa","population":1143,"lat":61.5046,"lng":24.56048},{"city":"Mellilä","state":"Southwest Finland","population":1141,"lat":60.76667,"lng":22.95},{"city":"Kylpylä","state":"South Karelia","population":1140,"lat":61.05983,"lng":28.19081},{"city":"Leivonmäki","state":"Central Finland","population":1138,"lat":61.91198,"lng":26.12796},{"city":"Kyyjärvi","state":"Central Finland","population":1138,"lat":63.03333,"lng":24.56667},{"city":"Karijoki","state":"South Ostrobothnia","population":1136,"lat":62.30851,"lng":21.70856},{"city":"Urheilupuisto","state":"Southwest Finland","population":1131,"lat":60.44267,"lng":22.26326},{"city":"Utsjoki","state":"Lapland","population":1127,"lat":69.90864,"lng":27.02843},{"city":"Virtasalmi","state":"South Savo","population":1123,"lat":62.12695,"lng":27.46276},{"city":"Talinranta","state":"Uusimaa","population":1115,"lat":60.20737,"lng":24.85652},{"city":"Korkinmäki","state":"Pirkanmaa","population":1093,"lat":61.47239,"lng":23.82719},{"city":"Kållby","state":"Ostrobothnia","population":1083,"lat":63.62542,"lng":22.89594},{"city":"Metsälä","state":"Uusimaa","population":1075,"lat":60.22298,"lng":24.94034},{"city":"Ala-Pispala","state":"Pirkanmaa","population":1059,"lat":61.50499,"lng":23.70314},{"city":"Eira","state":"Uusimaa","population":1050,"lat":60.15646,"lng":24.93704},{"city":"Ullava","state":"Central Ostrobothnia","population":1048,"lat":63.6,"lng":24.08333},{"city":"Harapainen","state":"South Karelia","population":1048,"lat":61.05022,"lng":28.21104},{"city":"Villilä","state":"Pirkanmaa","population":1040,"lat":61.4942,"lng":23.61563},{"city":"Koukkuniemi","state":"Uusimaa","population":1038,"lat":60.15261,"lng":24.76467},{"city":"Merijärvi","state":"North Ostrobothnia","population":1032,"lat":64.3,"lng":24.45},{"city":"Nekala","state":"Pirkanmaa","population":1016,"lat":61.48417,"lng":23.79296},{"city":"Box","state":"Uusimaa","population":1011,"lat":60.31048,"lng":25.40002},{"city":"Kivijärvi","state":"Central Finland","population":1010,"lat":63.11984,"lng":25.07835},{"city":"Askainen","state":"Southwest Finland","population":1004,"lat":60.56667,"lng":21.86667},{"city":"Painiitty","state":"Uusimaa","population":1000,"lat":60.23427,"lng":24.83354},{"city":"Tali","state":"Uusimaa","population":1000,"lat":60.21245,"lng":24.86027},{"city":"Halsua","state":"Central Ostrobothnia","population":993,"lat":63.46667,"lng":24.16667},{"city":"Taatala","state":"Pirkanmaa","population":990,"lat":61.46994,"lng":23.77974},{"city":"Nokela","state":"North Ostrobothnia","population":988,"lat":64.9905,"lng":25.4821},{"city":"Savukoski","state":"Lapland","population":983,"lat":67.2925,"lng":28.15806},{"city":"Pylkönmäki","state":"Central Finland","population":981,"lat":62.66667,"lng":24.8},{"city":"Turtola","state":"Pirkanmaa","population":969,"lat":61.47811,"lng":23.83557},{"city":"Kustavi","state":"Southwest Finland","population":965,"lat":60.54529,"lng":21.3588},{"city":"Tahmela","state":"Pirkanmaa","population":946,"lat":61.49752,"lng":23.71119},{"city":"Hailuoto","state":"North Ostrobothnia","population":928,"lat":65.009,"lng":24.71385},{"city":"Pelkosenniemi","state":"Lapland","population":922,"lat":67.11083,"lng":27.51056},{"city":"Esse","state":"Ostrobothnia","population":922,"lat":63.59371,"lng":23.05738},{"city":"Pyynikki","state":"Pirkanmaa","population":914,"lat":61.49223,"lng":23.72386},{"city":"Suomenlinna","state":"Uusimaa","population":900,"lat":60.14784,"lng":24.98561},{"city":"Kaipola","state":"Central Finland","population":899,"lat":61.8162,"lng":25.23525},{"city":"Epilänharju","state":"Pirkanmaa","population":886,"lat":61.51134,"lng":23.66138},{"city":"Kontinkangas","state":"North Ostrobothnia","population":880,"lat":65.00652,"lng":25.52193},{"city":"Korpo","state":"Southwest Finland","population":878,"lat":60.1638,"lng":21.56151},{"city":"Särkänniemi","state":"Pirkanmaa","population":864,"lat":61.50454,"lng":23.74128},{"city":"Lintula","state":"North Ostrobothnia","population":861,"lat":64.99001,"lng":25.49443},{"city":"Suomenniemi","state":"South Savo","population":841,"lat":61.32852,"lng":27.44782},{"city":"Vanhakaupunki","state":"Uusimaa","population":824,"lat":60.21692,"lng":24.98008},{"city":"Hakametsä","state":"Pirkanmaa","population":806,"lat":61.49112,"lng":23.8384},{"city":"Västanfjärd","state":"Southwest Finland","population":783,"lat":60.05,"lng":22.68333},{"city":"Katariina","state":"Kymenlaakso","population":728,"lat":60.45284,"lng":26.94276},{"city":"Lappi","state":"Pirkanmaa","population":725,"lat":61.5091,"lng":23.77853},{"city":"Lielahti","state":"Pirkanmaa","population":701,"lat":61.51754,"lng":23.66584},{"city":"Luhanka","state":"Central Finland","population":688,"lat":61.79682,"lng":25.70457},{"city":"Kluuvi","state":"Uusimaa","population":687,"lat":60.17012,"lng":24.94815},{"city":"Messukylä","state":"Pirkanmaa","population":682,"lat":61.48547,"lng":23.84222},{"city":"Purmo","state":"Ostrobothnia","population":676,"lat":63.52466,"lng":22.9583},{"city":"Lestijärvi","state":"Central Ostrobothnia","population":653,"lat":63.53333,"lng":24.65},{"city":"Lepplax","state":"Ostrobothnia","population":651,"lat":63.67028,"lng":22.89325},{"city":"Kumpula","state":"Pirkanmaa","population":630,"lat":61.5134,"lng":23.93389},{"city":"Houtskär","state":"Southwest Finland","population":626,"lat":60.22284,"lng":21.37218},{"city":"Kuusisaari","state":"Uusimaa","population":613,"lat":60.18549,"lng":24.86163},{"city":"Vuohenoja","state":"Pirkanmaa","population":602,"lat":61.48491,"lng":23.82057},{"city":"Levi","state":"Lapland","population":600,"lat":67.80509,"lng":24.79614},{"city":"Piippola","state":"North Ostrobothnia","population":550,"lat":64.16667,"lng":25.96667},{"city":"Uukuniemi","state":"South Karelia","population":543,"lat":61.78668,"lng":30.00753},{"city":"Östersundom","state":"Uusimaa","population":542,"lat":60.25778,"lng":25.19278},{"city":"Aakkula","state":"Pirkanmaa","population":538,"lat":61.4828,"lng":23.83834},{"city":"Kodisjoki","state":"Satakunta","population":515,"lat":61.0293,"lng":21.70028},{"city":"Edsevö","state":"Ostrobothnia","population":510,"lat":63.63549,"lng":22.85741},{"city":"Iniö","state":"Southwest Finland","population":279,"lat":60.4,"lng":21.4},{"city":"Velkua","state":"Southwest Finland","population":217,"lat":60.46667,"lng":21.66667},{"city":"Vinkkilä","state":"Southwest Finland","population":0,"lat":60.68333,"lng":21.71667},{"city":"Turenki","state":"Kanta-Häme","population":0,"lat":60.91667,"lng":24.63333},{"city":"Taavetti","state":"South Karelia","population":0,"lat":60.91667,"lng":27.56667},{"city":"Smedsby","state":"Ostrobothnia","population":0,"lat":63.11667,"lng":21.7},{"city":"Simpele","state":"South Karelia","population":0,"lat":61.43333,"lng":29.36667},{"city":"Broby","state":"Kymenlaakso","population":0,"lat":60.5,"lng":26.71667},{"city":"Saukkola","state":"Uusimaa","population":0,"lat":60.38333,"lng":23.98333},{"city":"Särkisalo","state":"Southwest Finland","population":0,"lat":60.11389,"lng":22.95},{"city":"Pyhäsalmi","state":"North Ostrobothnia","population":0,"lat":63.68333,"lng":25.98333},{"city":"Parola","state":"Kanta-Häme","population":0,"lat":61.04624,"lng":24.35463},{"city":"Nickby","state":"Uusimaa","population":0,"lat":60.38333,"lng":25.28333},{"city":"Muhos","state":"North Ostrobothnia","population":0,"lat":64.76667,"lng":26.1},{"city":"Kyrö","state":"Southwest Finland","population":0,"lat":60.7,"lng":22.75},{"city":"Kinnula","state":"Central Finland","population":0,"lat":63.36667,"lng":24.96667},{"city":"Karvia","state":"Satakunta","population":0,"lat":62.2,"lng":22.65},{"city":"Kärkölä","state":"Paijat-Hame","population":0,"lat":60.91667,"lng":25.25},{"city":"Järvelä","state":"Paijat-Hame","population":0,"lat":60.86667,"lng":25.28333},{"city":"Bennäs","state":"Ostrobothnia","population":0,"lat":63.6,"lng":22.8},{"city":"Alastaro","state":"Southwest Finland","population":0,"lat":60.95,"lng":22.85},{"city":"Siikajoki","state":"North Ostrobothnia","population":0,"lat":64.66435,"lng":25.09939}]}}