{"timezone":"Europe/San_Marino","countries":{"San Marino":[{"city":"Serravalle","state":"Serravalle","population":9258,"lat":43.96897,"lng":12.48167},{"city":"Dogana","state":"Serravalle","population":7000,"lat":43.98034,"lng":12.49051},{"city":"Valdragone","state":"Borgo Maggiore","population":6983,"lat":43.94021,"lng":12.45622},{"city":"Borgo Maggiore","state":"Borgo Maggiore","population":6424,"lat":43.94193,"lng":12.44738},{"city":"San Marino","state":"San Marino","population":4500,"lat":43.93667,"lng":12.44639},{"city":"Domagnano","state":"Domagnano","population":3161,"lat":43.94961,"lng":12.46828},{"city":"Fiorentino","state":"Fiorentino","population":2510,"lat":43.91001,"lng":12.45738},{"city":"Cailungo","state":"Borgo Maggiore","population":2076,"lat":43.95186,"lng":12.4536},{"city":"Murata","state":"San Marino","population":1580,"lat":43.92015,"lng":12.45146},{"city":"Acquaviva","state":"Acquaviva","population":1530,"lat":43.94593,"lng":12.4185},{"city":"Faetano","state":"Faetano","population":1177,"lat":43.92831,"lng":12.49798},{"city":"Falciano","state":"Serravalle","population":1000,"lat":43.98333,"lng":12.5},{"city":"Poggio di Chiesanuova","state":"Chiesanuova","population":951,"lat":43.90451,"lng":12.42142},{"city":"Monte Giardino","state":"Montegiardino","population":910,"lat":43.90878,"lng":12.48201},{"city":"Fiorina","state":"Serravalle","population":889,"lat":43.95798,"lng":12.47686}]}}