{"timezone":"Europe/Podgorica","countries":{"Montenegro":[{"city":"Podgorica","state":"Podgorica","population":236852,"lat":42.44124,"lng":19.26309},{"city":"Nikšić","state":"Opština Nikšić","population":58212,"lat":42.7731,"lng":18.94446},{"city":"Herceg Novi","state":"Herceg Novi","population":19536,"lat":42.45306,"lng":18.5375},{"city":"Pljevlja","state":"Pljevlja","population":19489,"lat":43.3567,"lng":19.35843},{"city":"Budva","state":"Budva","population":18000,"lat":42.28721,"lng":18.83922},{"city":"Bar","state":"Bar","population":17727,"lat":42.0937,"lng":19.09841},{"city":"Bijelo Polje","state":"Bijelo Polje","population":15400,"lat":43.03834,"lng":19.74758},{"city":"Cetinje","state":"Cetinje","population":15137,"lat":42.39063,"lng":18.91417},{"city":"Berane","state":"Berane","population":11073,"lat":42.84333,"lng":19.87281},{"city":"Ulcinj","state":"Ulcinj","population":10828,"lat":41.92936,"lng":19.22436},{"city":"Rožaje","state":"Rožaje Municipality","population":9121,"lat":42.83299,"lng":20.16652},{"city":"Tivat","state":"Tivat","population":6280,"lat":42.43623,"lng":18.69361},{"city":"Dobrota","state":"Kotor","population":5435,"lat":42.45417,"lng":18.76833},{"city":"Kotor","state":"Kotor","population":5345,"lat":42.42067,"lng":18.76825},{"city":"Danilovgrad","state":"Danilovgrad","population":5208,"lat":42.55384,"lng":19.14608},{"city":"Mojkovac","state":"Mojkovac","population":4120,"lat":42.96044,"lng":19.5833},{"city":"Tuzi","state":"Tuzi Municipality","population":3789,"lat":42.36578,"lng":19.3297},{"city":"Igalo","state":"Herceg Novi","population":3754,"lat":42.46007,"lng":18.50647},{"city":"Plav","state":"Opština Plav","population":3615,"lat":42.5969,"lng":19.94415},{"city":"Golubovci","state":"Zeta","population":3110,"lat":42.3352,"lng":19.23104},{"city":"Kolašin","state":"Opština Kolašin","population":2989,"lat":42.82229,"lng":19.51653},{"city":"Šušanj","state":"Bar","population":2521,"lat":42.11556,"lng":19.08833},{"city":"Bijela","state":"Herceg Novi","population":2395,"lat":42.45333,"lng":18.65556},{"city":"Risan","state":"Kotor","population":2083,"lat":42.515,"lng":18.69556},{"city":"Žabljak","state":"Opština Žabljak","population":1937,"lat":43.15423,"lng":19.12325},{"city":"Sutomore","state":"Bar","population":1827,"lat":42.14278,"lng":19.04667},{"city":"Mojanovići","state":"Podgorica","population":1800,"lat":42.34167,"lng":19.22139},{"city":"Gusinje","state":"Gusinje Municipality","population":1673,"lat":42.56194,"lng":19.83389},{"city":"Stari Bar","state":"Bar","population":1514,"lat":42.097,"lng":19.136},{"city":"Plužine","state":"Opština Plužine","population":1494,"lat":43.15211,"lng":18.83902},{"city":"Petrovac na Moru","state":"Budva","population":1485,"lat":42.20556,"lng":18.9425},{"city":"Prčanj","state":"Kotor","population":1244,"lat":42.4575,"lng":18.74222},{"city":"Spuž","state":"Danilovgrad","population":1241,"lat":42.515,"lng":19.195},{"city":"Goričani","state":"Podgorica","population":1205,"lat":42.33222,"lng":19.21194},{"city":"Lipci","state":null,"population":1200,"lat":42.49722,"lng":18.65806},{"city":"Mataguži","state":"Podgorica","population":1132,"lat":42.32361,"lng":19.27278},{"city":"Andrijevica","state":"Andrijevica","population":1073,"lat":42.73389,"lng":19.79194},{"city":"Šula","state":"Pljevlja","population":995,"lat":43.38472,"lng":19.07306},{"city":"Dobra Voda","state":"Bar","population":995,"lat":42.04889,"lng":19.14389},{"city":"Prnjavor","state":"Opština Plav","population":965,"lat":42.59806,"lng":19.95056},{"city":"Kuta","state":"Opština Nikšić","population":950,"lat":42.74111,"lng":19.11917},{"city":"Vranj","state":"Tuzi Municipality","population":903,"lat":42.32583,"lng":19.29778},{"city":"Bečići","state":null,"population":850,"lat":42.28389,"lng":18.86917},{"city":"Mrčevac","state":"Tivat","population":797,"lat":42.42,"lng":18.71806},{"city":"Ðenovići","state":"Herceg Novi","population":772,"lat":42.43694,"lng":18.60222},{"city":"Bijelo Polje","state":"Podgorica","population":765,"lat":42.30306,"lng":19.19806},{"city":"Donja Lastva","state":"Tivat","population":674,"lat":42.44306,"lng":18.68861},{"city":"Muo","state":"Kotor","population":645,"lat":42.43167,"lng":18.7575},{"city":"Miločani","state":"Opština Nikšić","population":645,"lat":42.82917,"lng":18.90444},{"city":"Šavnik","state":"Opština Šavnik","population":633,"lat":42.95692,"lng":19.09605},{"city":"Baošići","state":"Herceg Novi","population":603,"lat":42.4425,"lng":18.63},{"city":"Dučice","state":"Opština Nikšić","population":589,"lat":42.71528,"lng":19.12333},{"city":"Ćurilac","state":"Danilovgrad","population":571,"lat":42.53472,"lng":19.1175},{"city":"Botun","state":"Podgorica","population":559,"lat":42.385,"lng":19.2},{"city":"Perast","state":"Kotor","population":551,"lat":42.48694,"lng":18.69917},{"city":"Zagrad","state":"Opština Nikšić","population":550,"lat":42.75,"lng":19.09111},{"city":"Škaljari","state":"Kotor","population":543,"lat":42.41861,"lng":18.76639},{"city":"Stijena","state":"Podgorica","population":540,"lat":42.51944,"lng":19.25806},{"city":"Donji Kokoti","state":"Podgorica","population":523,"lat":42.40111,"lng":19.19722},{"city":"Barice","state":"Bijelo Polje","population":518,"lat":43.0875,"lng":19.485},{"city":"Njeguši","state":"Cetinje","population":517,"lat":42.43388,"lng":18.81018},{"city":"Grbe","state":"Danilovgrad","population":510,"lat":42.5,"lng":19.19583},{"city":"Dinoša","state":"Podgorica","population":510,"lat":42.41861,"lng":19.33889},{"city":"Petnjica","state":"Petnjica Municipality","population":0,"lat":42.90966,"lng":19.96364}]}}