{"timezone":"Europe/Riga","countries":{"Latvia":[{"city":"Riga","state":"Riga","population":742572,"lat":56.946,"lng":24.10589},{"city":"Daugavpils","state":"Daugavpils","population":78126,"lat":55.88333,"lng":26.53333},{"city":"Liepāja","state":"Liepāja","population":67421,"lat":56.50474,"lng":21.01085},{"city":"Jelgava","state":"Jelgava","population":54834,"lat":56.65,"lng":23.71278},{"city":"Jūrmala","state":"Jūrmala","population":52001,"lat":56.968,"lng":23.77038},{"city":"Ventspils","state":"Ventspils","population":32723,"lat":57.39485,"lng":21.56121},{"city":"Rēzekne","state":"Rēzekne","population":26429,"lat":56.51028,"lng":27.34},{"city":"Valmiera","state":"Valmiera","population":22812,"lat":57.54108,"lng":25.42751},{"city":"Ogre","state":"Ogre","population":22767,"lat":56.8162,"lng":24.61401},{"city":"Jēkabpils","state":"Jēkabpils Municipality","population":21014,"lat":56.49903,"lng":25.85735},{"city":"Mārupe","state":"Mārupe","population":19096,"lat":56.90544,"lng":24.05113},{"city":"Salaspils","state":"Salaspils Municipality","population":17826,"lat":56.86014,"lng":24.36544},{"city":"Dārzciems","state":"Riga","population":17599,"lat":56.94563,"lng":24.17459},{"city":"Tukums","state":"Tukums Municipality","population":16182,"lat":56.96764,"lng":23.15554},{"city":"Cēsis","state":"Cēsis Municipality","population":15020,"lat":57.31188,"lng":25.27456},{"city":"Bolderaja","state":"Riga","population":14771,"lat":57.03132,"lng":24.05571},{"city":"Sigulda","state":"Sigulda Municipality","population":14757,"lat":57.15375,"lng":24.85953},{"city":"Mežciems","state":"Riga","population":14409,"lat":56.96906,"lng":24.23427},{"city":"Daugavgrīva","state":"Riga","population":9952,"lat":57.04315,"lng":24.03613},{"city":"Kuldīga","state":"Kuldīga Municipality","population":9863,"lat":56.97399,"lng":21.95721},{"city":"Bauska","state":"Bauska Municipality","population":9709,"lat":56.4071,"lng":24.18733},{"city":"Olaine","state":"Olaine","population":9654,"lat":56.79583,"lng":23.93726},{"city":"Saldus","state":"Saldus Rajons","population":9553,"lat":56.66363,"lng":22.48807},{"city":"Preiļi","state":"Preiļu novads","population":9553,"lat":56.29444,"lng":26.72459},{"city":"Talsi","state":"Talsu novads","population":8673,"lat":57.24562,"lng":22.58137},{"city":"Dobele","state":"Dobele Municipality","population":8536,"lat":56.62372,"lng":23.2751},{"city":"Aizpute","state":"South Kurzeme Municipality","population":8083,"lat":56.72108,"lng":21.60156},{"city":"Čiekurkalns","state":"Riga","population":7764,"lat":56.98441,"lng":24.17255},{"city":"Karosta","state":"Liepāja","population":7500,"lat":56.55128,"lng":21.01287},{"city":"Ikšķile","state":"Ogre","population":7448,"lat":56.83399,"lng":24.49679},{"city":"Ludza","state":"Ludza Municipality","population":7332,"lat":56.53373,"lng":27.72155},{"city":"Dreiliņi","state":"Riga","population":7125,"lat":56.9438,"lng":24.24253},{"city":"Krāslava","state":"Krāslava Municipality","population":6797,"lat":55.89514,"lng":27.16799},{"city":"Līvāni","state":"Līvāni","population":6790,"lat":56.35431,"lng":26.17579},{"city":"Baloži","state":"Ķekava","population":6780,"lat":56.87643,"lng":24.11825},{"city":"Ādaži","state":"Ādaži","population":6734,"lat":57.0708,"lng":24.33678},{"city":"Gulbene","state":"Gulbene Municipality","population":6722,"lat":57.17767,"lng":26.75291},{"city":"Aizkraukle","state":"Aizkraukle Municipality","population":6689,"lat":56.60477,"lng":25.25534},{"city":"Krustpils","state":"Jēkabpils Municipality","population":6680,"lat":56.51068,"lng":25.86117},{"city":"Madona","state":"Madonas novads","population":6575,"lat":56.85329,"lng":26.21698},{"city":"Limbaži","state":"Limbaži Municipality","population":6517,"lat":57.51287,"lng":24.71941},{"city":"Alūksne","state":"Alūksne Municipality","population":6188,"lat":57.4215,"lng":27.04672},{"city":"Ulbroka","state":"Ropaži Municipality","population":5893,"lat":56.9363,"lng":24.30387},{"city":"Lielvārde","state":"Ogre","population":5873,"lat":56.72066,"lng":24.80743},{"city":"Balvi","state":"Balvi Municipality","population":5652,"lat":57.1313,"lng":27.26583},{"city":"Ķekava","state":"Ķekava","population":5446,"lat":56.82662,"lng":24.23},{"city":"Kārsava","state":"Ludza Municipality","population":5127,"lat":56.78405,"lng":27.68829},{"city":"Smiltene","state":"Smiltene Municipality","population":5073,"lat":57.42444,"lng":25.90164},{"city":"Valka","state":"Valka","population":4615,"lat":57.7752,"lng":26.01013},{"city":"Aloja","state":"Limbaži Municipality","population":4520,"lat":57.76723,"lng":24.87743},{"city":"Mežaparks","state":"Riga","population":4457,"lat":57.00008,"lng":24.15997},{"city":"Iecava","state":"Bauska Municipality","population":4000,"lat":56.59766,"lng":24.20763},{"city":"Grobiņa","state":"South Kurzeme Municipality","population":3674,"lat":56.53521,"lng":21.16782},{"city":"Baldone","state":"Ķekava","population":3664,"lat":56.74451,"lng":24.40078},{"city":"Jaunmārupe","state":"Mārupe","population":3419,"lat":56.87459,"lng":23.93869},{"city":"Ozolnieki","state":"Jelgava Municipality","population":3400,"lat":56.68986,"lng":23.7761},{"city":"Tērvete","state":"Dobele Municipality","population":3273,"lat":56.47989,"lng":23.38895},{"city":"Kandava","state":"Tukums Municipality","population":3232,"lat":57.04087,"lng":22.77466},{"city":"Vangaži","state":"Ropaži Municipality","population":3192,"lat":57.09358,"lng":24.54468},{"city":"Saulkrasti","state":"Saulkrasti Municipality","population":3124,"lat":57.26224,"lng":24.41471},{"city":"Nīca","state":"South Kurzeme Municipality","population":3113,"lat":56.34601,"lng":21.06401},{"city":"Piņķi","state":"Mārupe","population":3033,"lat":56.94189,"lng":23.91365},{"city":"Berģi","state":"Riga","population":2950,"lat":56.98639,"lng":24.29917},{"city":"Koknese","state":"Aizkraukle Municipality","population":2906,"lat":56.65163,"lng":25.43637},{"city":"Pļaviņas","state":"Aizkraukle Municipality","population":2864,"lat":56.6178,"lng":25.72552},{"city":"Brocēni","state":"Saldus Rajons","population":2834,"lat":56.6789,"lng":22.56945},{"city":"Viļāni","state":"Rēzekne Municipality","population":2696,"lat":56.55253,"lng":26.92449},{"city":"Rūjiena","state":"Valmiera","population":2633,"lat":57.89752,"lng":25.33155},{"city":"Kalnciems","state":"Jelgava Municipality","population":2548,"lat":56.79908,"lng":23.61503},{"city":"Aknīste","state":"Jēkabpils Municipality","population":2546,"lat":56.16152,"lng":25.74783},{"city":"Salacgrīva","state":"Limbaži Municipality","population":2480,"lat":57.75312,"lng":24.35895},{"city":"Skrīveri","state":"Aizkraukle Municipality","population":2424,"lat":56.645,"lng":25.12058},{"city":"Jaunciems","state":"Riga","population":2339,"lat":57.0391,"lng":24.17413},{"city":"Drabeši","state":"Cēsis Municipality","population":2323,"lat":57.24316,"lng":25.27748},{"city":"Ērgļi","state":"Madonas novads","population":2186,"lat":56.89752,"lng":25.63668},{"city":"Jumprava","state":"Ogre","population":2177,"lat":56.67613,"lng":24.9721},{"city":"Auce","state":"Dobele Municipality","population":2154,"lat":56.45981,"lng":22.90169},{"city":"Vecrīga","state":"Riga","population":2140,"lat":56.94966,"lng":24.10418},{"city":"Priekuļi","state":"Cēsis Municipality","population":2136,"lat":57.315,"lng":25.36147},{"city":"Vecumnieki","state":"Bauska Municipality","population":2103,"lat":56.60608,"lng":24.52232},{"city":"Tīreļi","state":"Jelgava Municipality","population":2103,"lat":56.83991,"lng":23.58902},{"city":"Ķegums","state":"Ogre","population":2065,"lat":56.7451,"lng":24.72439},{"city":"Ilūkste","state":"Augšdaugava Municipality","population":2036,"lat":55.97754,"lng":26.29655},{"city":"Inčukalns","state":"Sigulda Municipality","population":2028,"lat":57.09867,"lng":24.6863},{"city":"Jaunjelgava","state":"Aizkraukle Municipality","population":1938,"lat":56.61319,"lng":25.08316},{"city":"Lubāna","state":"Madonas novads","population":1918,"lat":56.90425,"lng":26.71606},{"city":"Zilupe","state":"Ludza Municipality","population":1897,"lat":56.38616,"lng":28.12165},{"city":"Mērsrags","state":"Talsu novads","population":1860,"lat":57.33535,"lng":23.12455},{"city":"Priekule","state":"South Kurzeme Municipality","population":1843,"lat":56.44679,"lng":21.58968},{"city":"Roja","state":"Talsu novads","population":1800,"lat":57.50146,"lng":22.80881},{"city":"Dagda","state":"Krāslava Municipality","population":1773,"lat":56.09512,"lng":27.53723},{"city":"Skrunda","state":"Kuldīga Municipality","population":1767,"lat":56.67749,"lng":22.01649},{"city":"Dundaga","state":"Talsu novads","population":1682,"lat":57.50498,"lng":22.35041},{"city":"Varakļāni","state":"Varakļāni Municipality","population":1619,"lat":56.60826,"lng":26.75377},{"city":"Engure","state":"Tukums Municipality","population":1600,"lat":57.16061,"lng":23.22527},{"city":"Stende","state":"Talsu novads","population":1532,"lat":57.14497,"lng":22.53482},{"city":"Ugāle","state":"Ventspils Municipality","population":1500,"lat":57.27464,"lng":22.03211},{"city":"Viesīte","state":"Jēkabpils Municipality","population":1473,"lat":56.34751,"lng":25.55514},{"city":"Vilce","state":"Jelgava Municipality","population":1455,"lat":56.42032,"lng":23.54781},{"city":"Sabile","state":"Talsu novads","population":1369,"lat":57.04577,"lng":22.57261},{"city":"Nereta","state":"Aizkraukle Municipality","population":1282,"lat":56.20279,"lng":25.30752},{"city":"Ainaži","state":"Limbaži Municipality","population":1278,"lat":57.86348,"lng":24.35853},{"city":"Cesvaine","state":"Madonas novads","population":1210,"lat":56.96754,"lng":26.30764},{"city":"Viļaka","state":"Balvi Municipality","population":1139,"lat":57.18458,"lng":27.6722},{"city":"Valdemārpils","state":"Talsu novads","population":1135,"lat":57.37068,"lng":22.59188},{"city":"Seda","state":"Valmiera","population":1092,"lat":57.65042,"lng":25.75089},{"city":"Mazsalaca","state":"Valmiera","population":1092,"lat":57.86329,"lng":25.05475},{"city":"Jaunaglona","state":"Preiļu novads","population":1053,"lat":56.16066,"lng":27.00714},{"city":"Liezēre","state":"Madonas novads","population":1041,"lat":57.01823,"lng":26.06395},{"city":"Jaunpils","state":"Tukums Municipality","population":1029,"lat":56.73137,"lng":23.01247},{"city":"Līgatne","state":"Cēsis Municipality","population":1017,"lat":57.23429,"lng":25.04059},{"city":"Ēdole","state":"Kuldīga Municipality","population":980,"lat":57.02065,"lng":21.69113},{"city":"Zaķumuiža","state":"Ropaži Municipality","population":973,"lat":56.97033,"lng":24.47894},{"city":"Strenči","state":"Valmiera","population":973,"lat":57.62574,"lng":25.68535},{"city":"Alsunga","state":"Kuldīga Municipality","population":940,"lat":56.98194,"lng":21.55938},{"city":"Pilsrundāle","state":"Bauska Municipality","population":900,"lat":56.42503,"lng":23.987},{"city":"Aglona","state":"Preiļu novads","population":874,"lat":56.13274,"lng":27.00682},{"city":"Ošupe","state":"Madonas novads","population":871,"lat":56.85331,"lng":26.74199},{"city":"Pāvilosta","state":"South Kurzeme Municipality","population":858,"lat":56.88791,"lng":21.18593},{"city":"Silene","state":"Augšdaugava Municipality","population":821,"lat":55.75284,"lng":26.78508},{"city":"Piltene","state":"Ventspils Municipality","population":821,"lat":57.22426,"lng":21.67439},{"city":"Staicele","state":"Limbaži Municipality","population":808,"lat":57.83579,"lng":24.74706},{"city":"Kalngale","state":"Ādaži","population":775,"lat":57.07909,"lng":24.15924},{"city":"Ape","state":"Smiltene Municipality","population":773,"lat":57.53928,"lng":26.69291},{"city":"Smārde","state":"Tukums Municipality","population":734,"lat":56.9542,"lng":23.33736},{"city":"Milzkalne","state":"Tukums Municipality","population":689,"lat":56.97752,"lng":23.22583},{"city":"Bukulti","state":"Riga","population":671,"lat":57.02065,"lng":24.26372},{"city":"Ragaciems","state":"Tukums Municipality","population":670,"lat":57.02226,"lng":23.49561},{"city":"Vecpiebalga","state":"Cēsis Municipality","population":596,"lat":57.0609,"lng":25.81624},{"city":"Subate","state":"Augšdaugava Municipality","population":596,"lat":56.0062,"lng":25.90756},{"city":"Beberbeķi","state":"Riga","population":571,"lat":56.94342,"lng":23.95568},{"city":"Pope","state":"Ventspils Municipality","population":508,"lat":57.39799,"lng":21.85241},{"city":"Durbe","state":"South Kurzeme Municipality","population":505,"lat":56.5887,"lng":21.36978},{"city":"Rucava","state":"South Kurzeme Municipality","population":495,"lat":56.16314,"lng":21.16156},{"city":"Zelmeņi","state":"Dobele Municipality","population":0,"lat":56.45167,"lng":23.35194},{"city":"Vaiņode","state":"South Kurzeme Municipality","population":0,"lat":56.41848,"lng":21.85405},{"city":"Stalbe","state":"Cēsis Municipality","population":0,"lat":57.37065,"lng":25.03106},{"city":"Sala","state":"Jēkabpils Municipality","population":0,"lat":56.50675,"lng":25.76423},{"city":"Garkalne","state":"Ropaži Municipality","population":0,"lat":57.04486,"lng":24.41951},{"city":"Riebiņi","state":"Preiļu novads","population":0,"lat":56.3428,"lng":26.79995},{"city":"Rauna","state":"Smiltene Municipality","population":0,"lat":57.33173,"lng":25.60947},{"city":"Ragana","state":"Sigulda Municipality","population":0,"lat":57.18074,"lng":24.70731},{"city":"Naukšēni","state":"Valmiera","population":0,"lat":57.88349,"lng":25.45609},{"city":"Mūrmuiža","state":"Valmiera","population":0,"lat":57.47312,"lng":25.49174},{"city":"Matīši","state":"Valmiera","population":0,"lat":57.69892,"lng":25.15886},{"city":"Lieģi","state":"South Kurzeme Municipality","population":0,"lat":56.58173,"lng":21.33399},{"city":"Kocēni","state":"Valmiera","population":0,"lat":57.52057,"lng":25.33821}]}}