{"timezone":"Europe/Ljubljana","countries":{"Slovenia":[{"city":"Ljubljana","state":"Ljubljana","population":272220,"lat":46.05108,"lng":14.50513},{"city":"Maribor","state":"Maribor City Municipality","population":96209,"lat":46.55583,"lng":15.64593},{"city":"Celje","state":"Celje","population":38059,"lat":46.23092,"lng":15.26044},{"city":"Kranj","state":"Kranj","population":37966,"lat":46.23887,"lng":14.35561},{"city":"Koper","state":"Koper-Capodistria","population":25753,"lat":45.5482,"lng":13.72963},{"city":"Novo Mesto","state":"Novo Mesto","population":24446,"lat":45.80397,"lng":15.16886},{"city":"Velenje","state":"Velenje","population":24327,"lat":46.35719,"lng":15.11277},{"city":"Ptuj","state":"Ptuj","population":17984,"lat":46.42005,"lng":15.87018},{"city":"Trbovlje","state":"Trbovlje","population":15163,"lat":46.1541,"lng":15.05178},{"city":"Kamnik","state":"Kamnik","population":13644,"lat":46.22587,"lng":14.61207},{"city":"Jesenice","state":"Jesenice","population":13255,"lat":46.4324,"lng":14.06232},{"city":"Domžale","state":"Domžale","population":13204,"lat":46.13774,"lng":14.59371},{"city":"Nova Gorica","state":"Nova Gorica","population":13031,"lat":45.95604,"lng":13.64837},{"city":"Škofja Loka","state":"Škofja Loka","population":11619,"lat":46.16551,"lng":14.30626},{"city":"Izola","state":"Izola-Isola","population":11223,"lat":45.53661,"lng":13.66015},{"city":"Murska Sobota","state":"Murska Sobota","population":11107,"lat":46.66264,"lng":16.16643},{"city":"Postojna","state":"Postojna","population":9605,"lat":45.77435,"lng":14.21528},{"city":"Logatec","state":"Logatec","population":8942,"lat":45.9168,"lng":14.22652},{"city":"Šentilj v Slov. Goricah","state":"Šentilj","population":8452,"lat":46.68167,"lng":15.64806},{"city":"Vrhnika","state":"Vrhnika","population":8413,"lat":45.9635,"lng":14.29484},{"city":"Kočevje","state":"Kočevje","population":8113,"lat":45.64323,"lng":14.86036},{"city":"Slovenska Bistrica","state":"Slovenska Bistrica","population":7454,"lat":46.39309,"lng":15.57347},{"city":"Slovenj Gradec","state":"Slovenj Gradec","population":7249,"lat":46.51088,"lng":15.08377},{"city":"Grosuplje","state":"Grosuplje","population":7098,"lat":45.95579,"lng":14.65891},{"city":"Ravne na Koroškem","state":"Ravne na Koroškem","population":6979,"lat":46.54315,"lng":14.97053},{"city":"Krško","state":"Krško","population":6852,"lat":45.95915,"lng":15.49167},{"city":"Brežice","state":"Brežice","population":6843,"lat":45.90726,"lng":15.59319},{"city":"Ajdovščina","state":"Ajdovščina Municipality","population":6843,"lat":45.88601,"lng":13.90946},{"city":"Litija","state":"Litija","population":6505,"lat":46.06038,"lng":14.8218},{"city":"Zagorje ob Savi","state":"Zagorje ob Savi Municipality","population":6439,"lat":46.13179,"lng":14.99694},{"city":"Mengeš","state":"Mengeš","population":6112,"lat":46.16859,"lng":14.57442},{"city":"Lucija","state":"Piran-Pirano","population":6057,"lat":45.50526,"lng":13.6024},{"city":"Sežana","state":"Sežana","population":6037,"lat":45.70924,"lng":13.87333},{"city":"Idrija","state":"Idrija","population":5955,"lat":46.00295,"lng":14.02787},{"city":"Radovljica","state":"Radovljica","population":5940,"lat":46.34347,"lng":14.17547},{"city":"Hrastnik","state":"Hrastnik Municipality","population":5621,"lat":46.14655,"lng":15.08456},{"city":"Črnomelj","state":"Črnomelj Municipality","population":5496,"lat":45.57262,"lng":15.1919},{"city":"Medvode","state":"Medvode","population":5380,"lat":46.1422,"lng":14.41114},{"city":"Bled","state":"Bled","population":5181,"lat":46.36859,"lng":14.11652},{"city":"Rogaška Slatina","state":"Rogaška Slatina","population":5111,"lat":46.23733,"lng":15.63912},{"city":"Žalec","state":"Žalec","population":4943,"lat":46.25151,"lng":15.16482},{"city":"Šentjur","state":"Sentjur","population":4940,"lat":46.21722,"lng":15.3975},{"city":"Slovenske Konjice","state":"Slovenska Konjice","population":4869,"lat":46.33735,"lng":15.42329},{"city":"Sevnica","state":"Sevnica Municipality","population":4660,"lat":46.00792,"lng":15.31646},{"city":"Prevalje","state":"Prevalje","population":4643,"lat":46.54703,"lng":14.92023},{"city":"Ilirska Bistrica","state":"Ilirska Bistrica","population":4553,"lat":45.56757,"lng":14.24571},{"city":"Ruše","state":"Ruše Municipality","population":4503,"lat":46.54013,"lng":15.5179},{"city":"Piran","state":"Piran-Pirano","population":4192,"lat":45.52778,"lng":13.57056},{"city":"Cerknica","state":"Cerknica","population":4018,"lat":45.79703,"lng":14.36263},{"city":"Trzin","state":"Trzin","population":3925,"lat":46.13637,"lng":14.56167},{"city":"Miklavž na Dravskem Polju","state":"Miklavž na Dravskem Polju","population":3854,"lat":46.50613,"lng":15.69704},{"city":"Šempeter pri Gorici","state":"Šempeter-Vrtojba","population":3694,"lat":45.92927,"lng":13.64125},{"city":"Tržič","state":"Tržič","population":3670,"lat":46.36357,"lng":14.31046},{"city":"Preddvor","state":"Preddvor","population":3659,"lat":46.30262,"lng":14.42215},{"city":"Ribnica","state":"Ribnica","population":3604,"lat":45.73861,"lng":14.7275},{"city":"Žiri","state":"Žiri","population":3588,"lat":46.04405,"lng":14.10736},{"city":"Tolmin","state":"Tolmin","population":3534,"lat":46.18304,"lng":13.73321},{"city":"Trebnje","state":"Trebnje","population":3477,"lat":45.90424,"lng":15.02238},{"city":"Ljutomer","state":"Ljutomer","population":3460,"lat":46.51765,"lng":16.19817},{"city":"Laško","state":"Laško Municipality","population":3456,"lat":46.15463,"lng":15.23555},{"city":"Vir","state":"Domžale","population":3415,"lat":46.15325,"lng":14.60741},{"city":"Dravograd","state":"Dravograd","population":3289,"lat":46.58846,"lng":15.01874},{"city":"Lenart v Slov. Goricah","state":"Lenart","population":3285,"lat":46.57611,"lng":15.83139},{"city":"Ankaran","state":"Ankaran Municipality","population":3278,"lat":45.57902,"lng":13.73616},{"city":"Mežica","state":"Mežica","population":3254,"lat":46.5203,"lng":14.85307},{"city":"Solkan","state":"Nova Gorica","population":3227,"lat":45.97139,"lng":13.64944},{"city":"Brezovica pri Ljubljani","state":"Brezovica","population":3221,"lat":46.0233,"lng":14.41499},{"city":"Metlika","state":"Metlika","population":3206,"lat":45.64983,"lng":15.31333},{"city":"Gornja Radgona","state":"Gornja Radgona","population":3159,"lat":46.67263,"lng":15.99219},{"city":"Šenčur","state":"Šenčur","population":3152,"lat":46.2471,"lng":14.4203},{"city":"Lendava","state":"Lendava-Lendva","population":3129,"lat":46.56494,"lng":16.45091},{"city":"Železniki","state":"Železniki Municipality","population":3075,"lat":46.22482,"lng":14.17205},{"city":"Bistrica pri Tržiču","state":"Tržič","population":2996,"lat":46.35472,"lng":14.29167},{"city":"Portorož","state":"Piran-Pirano","population":2947,"lat":45.51429,"lng":13.59206},{"city":"Zreče","state":"Zreče Municipality","population":2935,"lat":46.38222,"lng":15.37917},{"city":"Šoštanj","state":"Šoštanj","population":2880,"lat":46.38,"lng":15.04861},{"city":"Lesce","state":"Radovljica","population":2835,"lat":46.36111,"lng":14.15778},{"city":"Radlje ob Dravi","state":"Radlje ob Dravi","population":2811,"lat":46.61527,"lng":15.22472},{"city":"Rače","state":"Rače-Fram","population":2693,"lat":46.45225,"lng":15.68095},{"city":"Vrtojba","state":"Šempeter-Vrtojba","population":2591,"lat":45.9125,"lng":13.63417},{"city":"Spodnje Hoče","state":"Hoče-Slivnica","population":2555,"lat":46.49956,"lng":15.64886},{"city":"Lavrica","state":"Škofljica","population":2438,"lat":46.00002,"lng":14.5573},{"city":"Črna na Koroškem","state":"Črna na Koroškem Municipality","population":2409,"lat":46.47045,"lng":14.85009},{"city":"Beltinci","state":"Beltinci","population":2394,"lat":46.60541,"lng":16.24123},{"city":"Polzela","state":"Polzela","population":2351,"lat":46.28363,"lng":15.06508},{"city":"Senovo","state":"Krško","population":2343,"lat":46.02361,"lng":15.47694},{"city":"Muta","state":"Muta","population":2300,"lat":46.6116,"lng":15.16624},{"city":"Vojnik","state":"Vojnik","population":2292,"lat":46.29328,"lng":15.3036},{"city":"Ig","state":"Ig Municipality","population":2262,"lat":45.95891,"lng":14.52811},{"city":"Štore","state":"Štore","population":2257,"lat":46.22083,"lng":15.31389},{"city":"Jagodje","state":"Izola-Isola","population":2225,"lat":45.52845,"lng":13.64721},{"city":"Škofljica","state":"Škofljica","population":2209,"lat":45.98408,"lng":14.5748},{"city":"Ivančna Gorica","state":"Ivančna Gorica","population":2205,"lat":45.93695,"lng":14.80529},{"city":"Radenci","state":"Radenci","population":2201,"lat":46.64201,"lng":16.03781},{"city":"Vnanje Gorice","state":"Brezovica","population":2195,"lat":46.00722,"lng":14.42194},{"city":"Ormož","state":"Ormož","population":2174,"lat":46.4121,"lng":16.1522},{"city":"Radeče","state":"Radeče Municipality","population":2168,"lat":46.06551,"lng":15.18206},{"city":"Borovnica","state":"Borovnica","population":2162,"lat":45.91752,"lng":14.36444},{"city":"Koroška Bela","state":"Jesenice","population":2160,"lat":46.44913,"lng":14.11135},{"city":"Rakek","state":"Cerknica","population":2152,"lat":45.81333,"lng":14.31111},{"city":"Pivka","state":"Pivka","population":2088,"lat":45.68292,"lng":14.19588},{"city":"Kromberk","state":"Nova Gorica","population":2081,"lat":45.96083,"lng":13.66556},{"city":"Mozirje","state":"Mozirje","population":2052,"lat":46.33829,"lng":14.96495},{"city":"Limbuš","state":"Maribor City Municipality","population":2040,"lat":46.55361,"lng":15.58361},{"city":"Šempeter v Savinj. Dolini","state":"Žalec","population":2021,"lat":46.25639,"lng":15.12194},{"city":"Slovenski Javornik","state":"Jesenice","population":2002,"lat":46.42611,"lng":14.08722},{"city":"Semič","state":"Semič","population":2000,"lat":45.6465,"lng":15.18145},{"city":"Straža","state":"Straža","population":1996,"lat":45.78115,"lng":15.07571},{"city":"Lovrenc na Pohorju","state":"Lovrenc na Pohorju","population":1977,"lat":46.54134,"lng":15.39166},{"city":"Notranje Gorice","state":"Brezovica","population":1950,"lat":45.9875,"lng":14.39889},{"city":"Renče","state":"Renče-Vogrsko","population":1937,"lat":45.89,"lng":13.66861},{"city":"Britof","state":"Kranj","population":1908,"lat":46.26024,"lng":14.39037},{"city":"Verd","state":"Vrhnika","population":1891,"lat":45.95667,"lng":14.30583},{"city":"Mislinja","state":"Mislinja","population":1862,"lat":46.44141,"lng":15.20027},{"city":"Kisovec","state":"Zagorje ob Savi Municipality","population":1838,"lat":46.13911,"lng":14.96295},{"city":"Zgornji Duplek","state":"Duplek","population":1824,"lat":46.51361,"lng":15.72083},{"city":"Vipava","state":"Vipava","population":1771,"lat":45.84594,"lng":13.96226},{"city":"Bohinjska Bistrica","state":"Bohinj Municipality","population":1767,"lat":46.27216,"lng":13.9535},{"city":"Šmarje pri Jelšah","state":"Šmarje pri Jelšah","population":1755,"lat":46.22722,"lng":15.51917},{"city":"Sv. Anton","state":"Koper-Capodistria","population":1736,"lat":45.52583,"lng":13.83194},{"city":"Hrušica","state":"Jesenice","population":1722,"lat":46.445,"lng":14.01778},{"city":"Naklo","state":"Naklo","population":1716,"lat":46.27348,"lng":14.3173},{"city":"Cerklje na Gorenjskem","state":"Cerklje na Gorenjskem","population":1710,"lat":46.25007,"lng":14.4862},{"city":"Prebold","state":"Prebold","population":1709,"lat":46.23664,"lng":15.09259},{"city":"Radizel","state":"Hoče-Slivnica","population":1698,"lat":46.47444,"lng":15.65583},{"city":"Spodnji Duplek","state":"Duplek","population":1689,"lat":46.50362,"lng":15.74523},{"city":"Radomlje","state":"Domžale","population":1674,"lat":46.17361,"lng":14.61222},{"city":"Kokrica","state":"Kranj","population":1646,"lat":46.27028,"lng":14.36111},{"city":"Odranci","state":"Odranci","population":1641,"lat":46.58637,"lng":16.27966},{"city":"Kamnica","state":"Maribor City Municipality","population":1638,"lat":46.57444,"lng":15.61417},{"city":"Log pri Brezovici","state":"Log–Dragomer","population":1634,"lat":46.01667,"lng":14.36667},{"city":"Bovec","state":"Bovec","population":1631,"lat":46.33808,"lng":13.55245},{"city":"Cerkno","state":"Cerkno","population":1596,"lat":46.12533,"lng":13.98266},{"city":"Vodice","state":"Vodice","population":1589,"lat":46.18987,"lng":14.49492},{"city":"Dekani","state":"Koper-Capodistria","population":1586,"lat":45.54972,"lng":13.81361},{"city":"Mekinje","state":"Kamnik","population":1582,"lat":46.23333,"lng":14.61667},{"city":"Vuzenica","state":"Vuzenica","population":1580,"lat":46.59662,"lng":15.16346},{"city":"Mlaka pri Kranju","state":"Kranj","population":1566,"lat":46.28333,"lng":14.35},{"city":"Dob","state":"Domžale","population":1563,"lat":46.15194,"lng":14.62861},{"city":"Rakičan","state":"Murska Sobota","population":1560,"lat":46.65167,"lng":16.20417},{"city":"Rogatec","state":"Rogatec","population":1558,"lat":46.22771,"lng":15.69861},{"city":"Preserje pri Radomljah","state":"Mengeš","population":1531,"lat":46.16911,"lng":14.59698},{"city":"Pekre","state":"Maribor City Municipality","population":1517,"lat":46.54722,"lng":15.59556},{"city":"Turnišče","state":"Turnišče","population":1509,"lat":46.62572,"lng":16.31392},{"city":"Spodnja Idrija","state":"Idrija","population":1501,"lat":46.03194,"lng":14.02722},{"city":"Šmarje-Sap","state":"Grosuplje","population":1492,"lat":45.97618,"lng":14.61177},{"city":"Dol pri Hrastniku","state":"Hrastnik Municipality","population":1491,"lat":46.14194,"lng":15.11278},{"city":"Bakovci","state":"Murska Sobota","population":1491,"lat":46.61889,"lng":16.15028},{"city":"Zgornje Bitnje","state":"Kranj","population":1480,"lat":46.22,"lng":14.33667},{"city":"Miren","state":"Miren-Kostanjevica","population":1460,"lat":45.8954,"lng":13.60815},{"city":"Dragomer","state":"Log–Dragomer","population":1446,"lat":46.01609,"lng":14.3843},{"city":"Šmartno pri Litiji","state":"Šmartno pri Litiji","population":1444,"lat":46.04399,"lng":14.84482},{"city":"Šmarca","state":"Kamnik","population":1441,"lat":46.19333,"lng":14.59667},{"city":"Kranjska Gora","state":"Kranjska Gora","population":1439,"lat":46.45689,"lng":13.77824},{"city":"Šentjernej","state":"Šentjernej","population":1434,"lat":45.84207,"lng":15.33412},{"city":"Spodnje Škofije","state":"Koper-Capodistria","population":1402,"lat":45.57167,"lng":13.7925},{"city":"Mirna","state":"Mirna","population":1398,"lat":45.95166,"lng":15.0619},{"city":"Rogoza","state":"Hoče-Slivnica","population":1390,"lat":46.5,"lng":15.68333},{"city":"Bresternica","state":"Maribor City Municipality","population":1377,"lat":46.56972,"lng":15.575},{"city":"Bistrica ob Dravi","state":"Ruše Municipality","population":1368,"lat":46.55419,"lng":15.54855},{"city":"Razvanje","state":"Maribor City Municipality","population":1357,"lat":46.51444,"lng":15.63611},{"city":"Divača","state":"Divača","population":1357,"lat":45.6848,"lng":13.9705},{"city":"Oplotnica","state":"Oplotnica Municipality","population":1352,"lat":46.38733,"lng":15.44583},{"city":"Selnica ob Dravi","state":"Selnica ob Dravi","population":1348,"lat":46.55176,"lng":15.49289},{"city":"Hotinja Vas","state":"Hoče-Slivnica","population":1344,"lat":46.46667,"lng":15.66667},{"city":"Pameče","state":"Slovenj Gradec","population":1333,"lat":46.53417,"lng":15.07917},{"city":"Horjul","state":"Horjul","population":1329,"lat":46.02268,"lng":14.29743},{"city":"Topolšica","state":"Šoštanj","population":1294,"lat":46.40028,"lng":15.02157},{"city":"Deskle","state":"Kanal ob Soči Municipality","population":1279,"lat":46.05307,"lng":13.61382},{"city":"Černelavci","state":"Murska Sobota","population":1272,"lat":46.66667,"lng":16.13333},{"city":"Kanal","state":"Kanal ob Soči Municipality","population":1269,"lat":46.08741,"lng":13.63488},{"city":"Prvačina","state":"Nova Gorica","population":1268,"lat":45.89,"lng":13.71806},{"city":"Zgornje Pirniče","state":"Medvode","population":1267,"lat":46.14251,"lng":14.43158},{"city":"Dornava","state":"Dornava","population":1267,"lat":46.43565,"lng":15.95293},{"city":"Kidričevo","state":"Kidričevo","population":1253,"lat":46.40315,"lng":15.79869},{"city":"Šmartno pri Slovenj Gradcu","state":"Slovenj Gradec","population":1250,"lat":46.48944,"lng":15.10667},{"city":"Trnovlje pri Celju","state":"Celje","population":1234,"lat":46.25667,"lng":15.29528},{"city":"Moste","state":"Komenda","population":1234,"lat":46.195,"lng":14.55139},{"city":"Hrvatini","state":"Koper-Capodistria","population":1232,"lat":45.58278,"lng":13.75667},{"city":"Pobegi","state":"Koper-Capodistria","population":1228,"lat":45.53944,"lng":13.79611},{"city":"Gotovlje","state":"Žalec","population":1216,"lat":46.27418,"lng":15.15186},{"city":"Seča","state":"Piran-Pirano","population":1210,"lat":45.49584,"lng":13.61466},{"city":"Zgornja Polskava","state":"Slovenska Bistrica","population":1208,"lat":46.42556,"lng":15.61222},{"city":"Gorenja Vas","state":"Občina Gorenja vas-Poljane","population":1192,"lat":46.1074,"lng":14.14769},{"city":"Bilje","state":"Miren-Kostanjevica","population":1191,"lat":45.89444,"lng":13.63222},{"city":"Izlake","state":"Zagorje ob Savi Municipality","population":1181,"lat":46.15,"lng":14.95},{"city":"Črenšovci","state":"Črenšovci","population":1178,"lat":46.55794,"lng":16.3041},{"city":"Mojstrana","state":"Kranjska Gora","population":1175,"lat":46.42383,"lng":13.8752},{"city":"Poljčane","state":"Poljčane","population":1153,"lat":46.31428,"lng":15.57808},{"city":"Pragersko","state":"Slovenska Bistrica","population":1150,"lat":46.39667,"lng":15.66},{"city":"Šempas","state":"Nova Gorica","population":1146,"lat":45.93028,"lng":13.74361},{"city":"Krog","state":"Murska Sobota","population":1132,"lat":46.63806,"lng":16.14139},{"city":"Prade","state":"Koper-Capodistria","population":1129,"lat":45.54003,"lng":13.77607},{"city":"Kobarid","state":"Kobarid Municipality","population":1121,"lat":46.24761,"lng":13.57907},{"city":"Lokavec","state":"Ajdovščina Municipality","population":1119,"lat":45.90167,"lng":13.87972},{"city":"Buč","state":"Kamnik","population":1118,"lat":46.21918,"lng":14.71953},{"city":"Rožna Dolina","state":"Šempeter-Vrtojba","population":1118,"lat":45.94194,"lng":13.66779},{"city":"Ljubno ob Savinji","state":"Ljubno","population":1104,"lat":46.34358,"lng":14.83377},{"city":"Lipovci","state":"Beltinci","population":1097,"lat":46.62833,"lng":16.22806},{"city":"Ravne","state":"Šoštanj","population":1092,"lat":46.41413,"lng":15.06087},{"city":"Selnica ob Muri","state":"Šentilj","population":1078,"lat":46.68333,"lng":15.7},{"city":"Ljubečna","state":"Celje","population":1071,"lat":46.25567,"lng":15.3243},{"city":"Sv. Duh","state":"Škofja Loka","population":1066,"lat":46.18333,"lng":14.33333},{"city":"Golnik","state":"Kranj","population":1063,"lat":46.33333,"lng":14.33333},{"city":"Žužemberk","state":"Žužemberk","population":1053,"lat":45.83376,"lng":14.92804},{"city":"Hrastje","state":"Šenčur","population":1051,"lat":46.21667,"lng":14.4},{"city":"Gornji Grad","state":"Gornji Grad","population":1048,"lat":46.29541,"lng":14.8079},{"city":"Morje","state":"Rače-Fram","population":1032,"lat":46.44444,"lng":15.62139},{"city":"Gančani","state":"Beltinci","population":1027,"lat":46.6325,"lng":16.25111},{"city":"Kotlje","state":"Ravne na Koroškem","population":1026,"lat":46.52139,"lng":14.98694},{"city":"Legen","state":"Slovenj Gradec","population":1026,"lat":46.50651,"lng":15.14424},{"city":"Fram","state":"Rače-Fram","population":1024,"lat":46.456,"lng":15.63007},{"city":"Leskovec pri Krškem","state":"Krško","population":1021,"lat":45.93566,"lng":15.47184},{"city":"Zasip","state":"Bled","population":1019,"lat":46.39284,"lng":14.10869},{"city":"Zabukovica","state":"Žalec","population":1009,"lat":46.21408,"lng":15.15954},{"city":"Šentvid pri Stični","state":"Ivančna Gorica","population":1002,"lat":45.95004,"lng":14.84344},{"city":"Višnja Gora","state":"Ivančna Gorica","population":1000,"lat":45.95389,"lng":14.74528},{"city":"Spodnje Gorje","state":"Gorje","population":998,"lat":46.41359,"lng":14.03537},{"city":"Podgorje","state":"Kamnik","population":993,"lat":46.21667,"lng":14.58333},{"city":"Brestanica","state":"Krško","population":993,"lat":45.99529,"lng":15.4775},{"city":"Mirna Peč","state":"Mirna Peč Municipality","population":990,"lat":45.85944,"lng":15.08307},{"city":"Predoslje","state":"Kranj","population":989,"lat":46.26582,"lng":14.38608},{"city":"Begunje na Gorenjskem","state":"Radovljica","population":988,"lat":46.38333,"lng":14.21667},{"city":"Parecag","state":"Piran-Pirano","population":986,"lat":45.48202,"lng":13.61305},{"city":"Središče ob Dravi","state":"Središče ob Dravi","population":984,"lat":46.39417,"lng":16.26806},{"city":"Petrovče","state":"Žalec","population":973,"lat":46.24167,"lng":15.19},{"city":"Bukovci","state":"Markovci","population":973,"lat":46.38722,"lng":15.965},{"city":"Dobrovnik","state":"Dobrovnik-Dobronak","population":972,"lat":46.65139,"lng":16.3525},{"city":"Skoke","state":"Hoče-Slivnica","population":967,"lat":46.48578,"lng":15.69427},{"city":"Bertoki","state":"Koper-Capodistria","population":966,"lat":45.54556,"lng":13.76778},{"city":"Blejska Dobrava","state":"Bled","population":962,"lat":46.4,"lng":14.1},{"city":"Branik","state":"Nova Gorica","population":960,"lat":45.85722,"lng":13.78417},{"city":"Moravče","state":"Moravče","population":957,"lat":46.13694,"lng":14.745},{"city":"Breg pri Polzeli","state":"Polzela","population":957,"lat":46.26958,"lng":15.08763},{"city":"Benedikt","state":"Benedikt","population":955,"lat":46.60653,"lng":15.89102},{"city":"Latkova Vas","state":"Prebold","population":952,"lat":46.25389,"lng":15.09333},{"city":"Podgorje","state":"Slovenj Gradec","population":946,"lat":46.47194,"lng":15.08361},{"city":"Krčevina pri Vurbergu","state":"Ptuj","population":943,"lat":46.47528,"lng":15.81083},{"city":"Spodnja Polskava","state":"Slovenska Bistrica","population":936,"lat":46.41056,"lng":15.63889},{"city":"Bevke","state":"Vrhnika","population":929,"lat":45.98389,"lng":14.35583},{"city":"Gradiška","state":"Kungota","population":929,"lat":46.61728,"lng":15.64797},{"city":"Kamnik pod Krimom","state":"Brezovica","population":921,"lat":45.94659,"lng":14.40642},{"city":"Dobrova","state":"Dobrova-Horjul-Polhov Gradec","population":921,"lat":46.0458,"lng":14.39186},{"city":"Zgornje Škofije","state":"Koper-Capodistria","population":917,"lat":45.56639,"lng":13.79944},{"city":"Rovte","state":"Logatec","population":915,"lat":45.98528,"lng":14.1775},{"city":"Drenov Grič","state":"Vrhnika","population":914,"lat":45.99778,"lng":14.33278},{"city":"Pesnica","state":"Pesnica","population":913,"lat":46.60694,"lng":15.67667},{"city":"Pristava","state":"Tržič","population":911,"lat":46.34898,"lng":14.30026},{"city":"Pobrežje","state":"Videm","population":907,"lat":46.38472,"lng":15.87861},{"city":"Lokovica","state":"Šoštanj","population":906,"lat":46.35944,"lng":15.05194},{"city":"Spodnja Besnica","state":"Naklo","population":905,"lat":46.25749,"lng":14.30572},{"city":"Veržej","state":"Veržej","population":903,"lat":46.58327,"lng":16.16403},{"city":"Dokležovje","state":"Beltinci","population":901,"lat":46.60333,"lng":16.17806},{"city":"Križe","state":"Tržič","population":898,"lat":46.34278,"lng":14.30139},{"city":"Pongrac","state":"Žalec","population":895,"lat":46.21667,"lng":15.13333},{"city":"Spuhlja","state":"Ptuj","population":893,"lat":46.4125,"lng":15.915},{"city":"Vogrsko","state":"Renče-Vogrsko","population":885,"lat":45.90611,"lng":13.70056},{"city":"Zgornje Poljčane","state":"Poljčane","population":885,"lat":46.3025,"lng":15.58222},{"city":"Škale","state":"Velenje","population":883,"lat":46.3756,"lng":15.10466},{"city":"Dolenjske Toplice","state":"Dolenjske Toplice","population":882,"lat":45.75657,"lng":15.05917},{"city":"Komenda","state":"Komenda","population":881,"lat":46.20484,"lng":14.53839},{"city":"Visoko","state":"Šenčur","population":877,"lat":46.27111,"lng":14.41806},{"city":"Nazarje","state":"Nazarje","population":872,"lat":46.319,"lng":14.95012},{"city":"Velika Polana","state":"Velika Polana","population":870,"lat":46.57215,"lng":16.3472},{"city":"Stojnci","state":"Markovci","population":869,"lat":46.38111,"lng":15.98278},{"city":"Otiški Vrh","state":"Dravograd","population":869,"lat":46.57389,"lng":15.03278},{"city":"Dragomelj","state":"Domžale","population":866,"lat":46.11027,"lng":14.58729},{"city":"Stari Trg pri Ložu","state":"Loška Dolina Municipality","population":864,"lat":45.71484,"lng":14.47097},{"city":"Brezje pri Grosupljem","state":"Grosuplje","population":861,"lat":45.95028,"lng":14.64222},{"city":"Zadobrova","state":"Celje","population":861,"lat":46.26581,"lng":15.30435},{"city":"Vitanje","state":"Vitanje","population":859,"lat":46.38335,"lng":15.29715},{"city":"Zgornja Hajdina","state":"Hajdina","population":858,"lat":46.40609,"lng":15.83837},{"city":"Rodica","state":"Domžale","population":857,"lat":46.14748,"lng":14.59211},{"city":"Podvinci","state":"Ptuj","population":852,"lat":46.4325,"lng":15.91667},{"city":"Ozeljan","state":"Nova Gorica","population":847,"lat":45.94361,"lng":13.73028},{"city":"Loka pri Mengšu","state":"Mengeš","population":844,"lat":46.15,"lng":14.56528},{"city":"Kasaze","state":"Žalec","population":842,"lat":46.23333,"lng":15.2},{"city":"Čentiba","state":"Lendava-Lendva","population":839,"lat":46.55556,"lng":16.4975},{"city":"Zbilje","state":"Kranj","population":837,"lat":46.16667,"lng":14.41667},{"city":"Florjan","state":"Šoštanj","population":836,"lat":46.3932,"lng":15.00912},{"city":"Sodražica","state":"Sodražica","population":832,"lat":45.76133,"lng":14.63574},{"city":"Stara Loka","state":"Škofja Loka","population":830,"lat":46.17311,"lng":14.30041},{"city":"Dolga Vas","state":"Kočevje","population":829,"lat":45.61694,"lng":14.88472},{"city":"Andraž nad Polzelo","state":"Polzela","population":828,"lat":46.325,"lng":15.0925},{"city":"Ižakovci","state":"Beltinci","population":827,"lat":46.58889,"lng":16.22111},{"city":"Ločica ob Savinji","state":"Polzela","population":825,"lat":46.26362,"lng":15.09713},{"city":"Zgornja Velka","state":"Šentilj","population":821,"lat":46.67528,"lng":15.76917},{"city":"Kicar","state":"Ptuj","population":819,"lat":46.45194,"lng":15.91222},{"city":"Črna Vas","state":"Ljubljana","population":817,"lat":45.99694,"lng":14.47056},{"city":"Črešnjevci","state":"Gornja Radgona","population":817,"lat":46.65472,"lng":15.99583},{"city":"Budanje","state":"Ajdovščina Municipality","population":817,"lat":45.87471,"lng":13.948},{"city":"Planina","state":"Postojna","population":815,"lat":45.82903,"lng":14.24969},{"city":"Petišovci","state":"Lendava-Lendva","population":812,"lat":46.52722,"lng":16.46139},{"city":"Vransko","state":"Vransko","population":808,"lat":46.24436,"lng":14.95098},{"city":"Melinci","state":"Beltinci","population":808,"lat":46.57361,"lng":16.23667},{"city":"Podljubelj","state":"Tržič","population":807,"lat":46.412,"lng":14.275},{"city":"Kropa","state":"Radovljica","population":807,"lat":46.3,"lng":14.2},{"city":"Homec","state":"Domžale","population":806,"lat":46.18333,"lng":14.6},{"city":"Starše","state":"Starše","population":803,"lat":46.46583,"lng":15.76722},{"city":"Apače","state":"Kidričevo","population":802,"lat":46.37694,"lng":15.8025},{"city":"Stična","state":"Ivančna Gorica","population":799,"lat":45.96056,"lng":14.81028},{"city":"Dobrovce","state":"Miklavž na Dravskem Polju","population":799,"lat":46.48028,"lng":15.70278},{"city":"Dornberk","state":"Nova Gorica","population":798,"lat":45.88972,"lng":13.73694},{"city":"Spodnje Pirniče","state":"Medvode","population":796,"lat":46.13472,"lng":14.43861},{"city":"Sladki Vrh","state":"Apače","population":794,"lat":46.68892,"lng":15.73719},{"city":"Hrpelje","state":"Hrpelje-Kozina","population":792,"lat":45.60722,"lng":13.94278},{"city":"Zgornja Besnica","state":"Kranj","population":789,"lat":46.26667,"lng":14.28333},{"city":"Podbrezje","state":"Naklo","population":788,"lat":46.3,"lng":14.28333},{"city":"Kovor","state":"Tržič","population":788,"lat":46.35,"lng":14.28333},{"city":"Gorišnica","state":"Gorišnica","population":788,"lat":46.41475,"lng":16.0135},{"city":"Letuš","state":"Braslovče","population":785,"lat":46.31583,"lng":15.025},{"city":"Šmarje","state":"Koper-Capodistria","population":784,"lat":45.50139,"lng":13.71778},{"city":"Ihan","state":"Domžale","population":784,"lat":46.12083,"lng":14.62},{"city":"Vuhred","state":"Radlje ob Dravi","population":782,"lat":46.59472,"lng":15.2375},{"city":"Lokev","state":"Sežana","population":780,"lat":45.66111,"lng":13.92806},{"city":"Rimske Toplice","state":"Laško Municipality","population":778,"lat":46.1226,"lng":15.1919},{"city":"Otočec","state":"Šmarješke Toplice","population":776,"lat":45.83967,"lng":15.22528},{"city":"Sečovlje","state":"Piran-Pirano","population":773,"lat":45.47667,"lng":13.62333},{"city":"Hotiza","state":"Lendava-Lendva","population":773,"lat":46.54944,"lng":16.36028},{"city":"Grgar","state":"Nova Gorica","population":772,"lat":45.99861,"lng":13.67389},{"city":"Suhadole","state":"Komenda","population":770,"lat":46.18333,"lng":14.55},{"city":"Zlatoličje","state":"Starše","population":768,"lat":46.45556,"lng":15.79111},{"city":"Pijava Gorica","state":"Škofljica","population":766,"lat":45.95111,"lng":14.57194},{"city":"Strahinj","state":"Naklo","population":765,"lat":46.28333,"lng":14.31667},{"city":"Podkraj pri Velenju","state":"Velenje","population":764,"lat":46.3525,"lng":15.08917},{"city":"Dogoše","state":"Maribor City Municipality","population":763,"lat":46.52306,"lng":15.70667},{"city":"Korte","state":"Izola-Isola","population":762,"lat":45.49056,"lng":13.67056},{"city":"Senožeti","state":"Dol pri Ljubljani","population":759,"lat":46.09139,"lng":14.73306},{"city":"Šalka Vas","state":"Kočevje","population":758,"lat":45.65333,"lng":14.8825},{"city":"Sv. Trojica v Slov. Goricah","state":"Sv. Trojica v Slov. Goricah","population":754,"lat":46.57667,"lng":15.87694},{"city":"Zaboršt","state":"Domžale","population":752,"lat":46.13539,"lng":14.61294},{"city":"Gradišče","state":"Škofljica","population":752,"lat":45.92215,"lng":14.5874},{"city":"Jezero","state":"Brezovica","population":751,"lat":45.97,"lng":14.43306},{"city":"Kresnice","state":"Moravče","population":745,"lat":46.10204,"lng":14.78575},{"city":"Dobova","state":"Brežice","population":744,"lat":45.89716,"lng":15.66371},{"city":"Volčja Draga","state":"Renče-Vogrsko","population":743,"lat":45.90694,"lng":13.6775},{"city":"Videm","state":"Dol pri Ljubljani","population":740,"lat":46.08338,"lng":14.63632},{"city":"Trčova","state":"Maribor City Municipality","population":740,"lat":46.54225,"lng":15.71924},{"city":"Krtina","state":"Lukovica","population":739,"lat":46.14834,"lng":14.65228},{"city":"Parižlje","state":"Braslovče","population":739,"lat":46.27973,"lng":15.05669},{"city":"Vrhpolje pri Kamniku","state":"Kamnik","population":737,"lat":46.23333,"lng":14.63333},{"city":"Moravske Toplice","state":"Moravske Toplice","population":735,"lat":46.68313,"lng":16.2208},{"city":"Smrjene","state":"Škofljica","population":732,"lat":45.9375,"lng":14.59194},{"city":"Dolenja Vas","state":"Ribnica","population":731,"lat":45.70611,"lng":14.75444},{"city":"Stara Vrhnika","state":"Vrhnika","population":730,"lat":45.97417,"lng":14.28111},{"city":"Velike Lašče","state":"Velike Lašče","population":729,"lat":45.83371,"lng":14.63636},{"city":"Gornja Bistrica","state":"Črenšovci","population":725,"lat":46.56667,"lng":16.26667},{"city":"Prevoje pri Šentvidu","state":"Lukovica","population":721,"lat":46.16667,"lng":14.66667},{"city":"Polica","state":"Grosuplje","population":720,"lat":45.98197,"lng":14.70498},{"city":"Mislinjska Dobrava","state":"Slovenj Gradec","population":717,"lat":46.46528,"lng":15.12389},{"city":"Stanežiče","state":"Ljubljana","population":716,"lat":46.11667,"lng":14.43333},{"city":"Dutovlje","state":"Sežana","population":715,"lat":45.75806,"lng":13.83222},{"city":"Dvorjane","state":"Duplek","population":714,"lat":46.49116,"lng":15.76336},{"city":"Prestranek","state":"Postojna","population":708,"lat":45.73033,"lng":14.18622},{"city":"Krmelj","state":"Sevnica Municipality","population":708,"lat":45.98472,"lng":15.18944},{"city":"Ceršak","state":"Šentilj","population":708,"lat":46.69917,"lng":15.66917},{"city":"Zgornji Brnik","state":"Cerklje na Gorenjskem","population":704,"lat":46.23896,"lng":14.48436},{"city":"Godovič","state":"Idrija","population":704,"lat":45.95778,"lng":14.09361},{"city":"Dobja Vas","state":"Ravne na Koroškem","population":700,"lat":46.54326,"lng":14.94261},{"city":"Kampel","state":"Koper-Capodistria","population":699,"lat":45.51372,"lng":13.74571},{"city":"Bratonci","state":"Beltinci","population":698,"lat":46.61806,"lng":16.21917},{"city":"Podbrdo","state":"Tolmin","population":695,"lat":46.21,"lng":13.96444},{"city":"Kostanjevica na Krki","state":"Kostanjevica na Krki","population":695,"lat":45.8456,"lng":15.42036},{"city":"Bizeljsko","state":"Brežice","population":691,"lat":46.01494,"lng":15.69285},{"city":"Godič","state":"Kamnik","population":689,"lat":46.25684,"lng":14.60969},{"city":"Moškanjci","state":"Gorišnica","population":688,"lat":46.42028,"lng":15.99333},{"city":"Grad","state":"Grad","population":686,"lat":46.79762,"lng":16.09837},{"city":"Loče","state":"Slovenska Konjice","population":684,"lat":46.29972,"lng":15.5},{"city":"Gaberke","state":"Šoštanj","population":684,"lat":46.39715,"lng":15.07903},{"city":"Njiverce","state":"Hajdina","population":682,"lat":46.40367,"lng":15.80675},{"city":"Spodnja Voličina","state":"Lenart","population":679,"lat":46.54444,"lng":15.815},{"city":"Mestni Vrh","state":"Ptuj","population":679,"lat":46.44333,"lng":15.86528},{"city":"Zgornje Hoče","state":"Hoče-Slivnica","population":676,"lat":46.49183,"lng":15.62315},{"city":"Srednje Gameljne","state":"Ljubljana","population":676,"lat":46.12953,"lng":14.50472},{"city":"Srednje Jarše","state":"Domžale","population":674,"lat":46.15659,"lng":14.5957},{"city":"Virmaše","state":"Škofja Loka","population":673,"lat":46.18333,"lng":14.33333},{"city":"Gomilica","state":"Turnišče","population":673,"lat":46.60333,"lng":16.31194},{"city":"Rakitna","state":"Brezovica","population":672,"lat":45.88833,"lng":14.44417},{"city":"Pivola","state":"Hoče-Slivnica","population":672,"lat":46.50247,"lng":15.62126},{"city":"Breg","state":"Žirovnica","population":670,"lat":46.4,"lng":14.13333},{"city":"Plintovec","state":"Kungota","population":669,"lat":46.63756,"lng":15.61895},{"city":"Voglje","state":"Šenčur","population":668,"lat":46.21556,"lng":14.43861},{"city":"Petanjci","state":"Tišina","population":667,"lat":46.65333,"lng":16.06611},{"city":"Dolenji Boštanj","state":"Sevnica Municipality","population":667,"lat":46.00944,"lng":15.29083},{"city":"Selca","state":"Železniki Municipality","population":666,"lat":46.22444,"lng":14.20556},{"city":"Črneče","state":"Dravograd","population":665,"lat":46.58848,"lng":15.00093},{"city":"Lovrenc na Dravskem Polju","state":"Kidričevo","population":664,"lat":46.37361,"lng":15.77917},{"city":"Trboje","state":"Šenčur","population":662,"lat":46.2,"lng":14.41667},{"city":"Begunje pri Cerknici","state":"Cerknica","population":658,"lat":45.81806,"lng":14.38222},{"city":"Prelog","state":"Domžale","population":656,"lat":46.12665,"lng":14.61231},{"city":"Migojnice","state":"Žalec","population":654,"lat":46.23333,"lng":15.16667},{"city":"Griže","state":"Žalec","population":654,"lat":46.22944,"lng":15.15056},{"city":"Brdinje","state":"Ravne na Koroškem","population":654,"lat":46.53333,"lng":15.0},{"city":"Gaj","state":"Kidričevo","population":653,"lat":46.40538,"lng":15.67255},{"city":"Komen","state":"Komen","population":650,"lat":45.81559,"lng":13.74827},{"city":"Črni Vrh","state":"Idrija","population":648,"lat":45.92417,"lng":14.04361},{"city":"Dravski Dvor","state":"Miklavž na Dravskem Polju","population":648,"lat":46.46722,"lng":15.71639},{"city":"Lendavske Gorice","state":"Lendava-Lendva","population":648,"lat":46.56209,"lng":16.4673},{"city":"Rateče","state":"Kranjska Gora","population":644,"lat":46.46815,"lng":13.71439},{"city":"Šmartno ob Paki","state":"Šmartno ob Paki","population":642,"lat":46.33333,"lng":15.03333},{"city":"Lož","state":"Loška Dolina Municipality","population":642,"lat":45.72417,"lng":14.46889},{"city":"Spodnji Slemen","state":"Selnica ob Dravi","population":641,"lat":46.56667,"lng":15.53306},{"city":"Dovje","state":"Kranjska Gora","population":640,"lat":46.46863,"lng":13.97202},{"city":"Mokronog","state":"Mokronog-Trebelno Municipality","population":637,"lat":45.93901,"lng":15.13938},{"city":"Kostel","state":"Kostel","population":637,"lat":45.5084,"lng":14.9092},{"city":"Spodnja Rečica","state":"Laško Municipality","population":635,"lat":46.16417,"lng":15.21528},{"city":"Kozje","state":"Kozje","population":634,"lat":46.07333,"lng":15.55989},{"city":"Puconci","state":"Puconci","population":633,"lat":46.70465,"lng":16.15726},{"city":"Dolga Vas","state":"Lendava-Lendva","population":633,"lat":46.58778,"lng":16.44167},{"city":"Nova Štifta","state":"Gornji Grad","population":633,"lat":46.27469,"lng":14.74917},{"city":"Slivnica pri Mariboru","state":"Hoče-Slivnica","population":631,"lat":46.47639,"lng":15.65583},{"city":"Gozd Martuljek","state":"Kranjska Gora","population":631,"lat":46.47517,"lng":13.86368},{"city":"Lukavci","state":"Križevci","population":630,"lat":46.54333,"lng":16.15278},{"city":"Puštal","state":"Škofja Loka","population":630,"lat":46.15064,"lng":14.31186},{"city":"Reteče","state":"Škofja Loka","population":630,"lat":46.15981,"lng":14.36662},{"city":"Zrkovci","state":"Maribor City Municipality","population":629,"lat":46.54778,"lng":15.7075},{"city":"Stari Trg","state":"Slovenj Gradec","population":629,"lat":46.5,"lng":15.06667},{"city":"Hajdoše","state":"Hajdina","population":628,"lat":46.43289,"lng":15.82614},{"city":"Vrbje","state":"Žalec","population":626,"lat":46.25,"lng":15.15},{"city":"Uršna Sela","state":"Novo Mesto","population":626,"lat":45.71888,"lng":15.12551},{"city":"Gabrje","state":"Novo Mesto","population":626,"lat":45.7825,"lng":15.27556},{"city":"Galicija","state":"Žalec","population":625,"lat":46.29917,"lng":15.19556},{"city":"Renkovci","state":"Turnišče","population":622,"lat":46.63667,"lng":16.30278},{"city":"Spodnje Jarše","state":"Domžale","population":621,"lat":46.15,"lng":14.6},{"city":"Bočna","state":"Gornji Grad","population":621,"lat":46.28944,"lng":14.855},{"city":"Moste","state":"Žirovnica","population":619,"lat":46.41667,"lng":14.13333},{"city":"Lopata","state":"Celje","population":619,"lat":46.26031,"lng":15.22936},{"city":"Polhov Gradec","state":"Dobrova-Horjul-Polhov Gradec","population":617,"lat":46.06694,"lng":14.31611},{"city":"Zgornja Voličina","state":"Duplek","population":614,"lat":46.53333,"lng":15.78333},{"city":"Podgrad","state":"Ilirska Bistrica","population":614,"lat":45.52167,"lng":14.14611},{"city":"Godešič","state":"Škofja Loka","population":614,"lat":46.16667,"lng":14.35444},{"city":"Cven","state":"Ljutomer","population":614,"lat":46.54722,"lng":16.21917},{"city":"Spodnje Poljčane","state":"Poljčane","population":614,"lat":46.31455,"lng":15.58973},{"city":"Dolnja Bistrica","state":"Črenšovci","population":612,"lat":46.54,"lng":16.28861},{"city":"Ribno","state":"Bled","population":611,"lat":46.32742,"lng":14.11004},{"city":"Senožeče","state":"Divača","population":610,"lat":45.72111,"lng":14.04111},{"city":"Majšperk","state":"Majšperk","population":606,"lat":46.35034,"lng":15.73412},{"city":"Zimica","state":"Duplek","population":604,"lat":46.53333,"lng":15.75},{"city":"Kozjak nad Pesnico","state":"Kungota","population":602,"lat":46.61,"lng":15.63444},{"city":"Žirovnica","state":"Žirovnica","population":601,"lat":46.40472,"lng":14.14},{"city":"Gortina","state":"Muta","population":601,"lat":46.60583,"lng":15.12639},{"city":"Studence","state":"Žalec","population":600,"lat":46.30874,"lng":15.16275},{"city":"Hotedršica","state":"Logatec","population":598,"lat":45.93028,"lng":14.14222},{"city":"Dolsko","state":"Dol pri Ljubljani","population":595,"lat":46.09194,"lng":14.67722},{"city":"Stara Fužina","state":"Bohinj Municipality","population":595,"lat":46.288,"lng":13.893},{"city":"Križ","state":"Sežana","population":592,"lat":45.74472,"lng":13.86583},{"city":"Videm","state":"Dobrepolje","population":590,"lat":45.84979,"lng":14.69429},{"city":"Volče","state":"Tolmin","population":588,"lat":46.1754,"lng":13.70785},{"city":"Šared","state":"Izola-Isola","population":587,"lat":45.51122,"lng":13.65377},{"city":"Žižki","state":"Črenšovci","population":587,"lat":46.56721,"lng":16.31499},{"city":"Leše","state":"Prevalje","population":586,"lat":46.52846,"lng":14.89385},{"city":"Kanižarica","state":"Črnomelj Municipality","population":583,"lat":45.55,"lng":15.16667},{"city":"Šmarješke Toplice","state":"Šmarješke Toplice","population":582,"lat":45.86242,"lng":15.22188},{"city":"Spodnje Gameljne","state":"Ljubljana","population":581,"lat":46.11667,"lng":14.5},{"city":"Lipa","state":"Beltinci","population":581,"lat":46.60694,"lng":16.2875},{"city":"Srednje Bitnje","state":"Kranj","population":579,"lat":46.21667,"lng":14.33333},{"city":"Košnica pri Celju","state":"Celje","population":579,"lat":46.21667,"lng":15.23333},{"city":"Podčetrtek","state":"Podčetrtek","population":578,"lat":46.15678,"lng":15.59692},{"city":"Strunjan","state":"Piran-Pirano","population":576,"lat":45.525,"lng":13.60556},{"city":"Nedelica","state":"Turnišče","population":576,"lat":46.61667,"lng":16.33333},{"city":"Sela pri Dobovi","state":"Brežice","population":575,"lat":45.91667,"lng":15.63333},{"city":"Dolenja Vas","state":"Prebold","population":573,"lat":46.24093,"lng":15.09494},{"city":"Vanganel","state":"Koper-Capodistria","population":571,"lat":45.51722,"lng":13.77583},{"city":"Nožice","state":"Domžale","population":571,"lat":46.18466,"lng":14.59525},{"city":"Zgornje Partinje","state":"Sveti Jurij v Slovenskih Goricah","population":569,"lat":46.59556,"lng":15.75861},{"city":"Ponova Vas","state":"Grosuplje","population":569,"lat":45.93833,"lng":14.63278},{"city":"Žiče","state":"Slovenska Konjice","population":568,"lat":46.315,"lng":15.47972},{"city":"Zgornje Jezersko","state":"Jezersko","population":568,"lat":46.3941,"lng":14.50659},{"city":"Zgornja Bistrica","state":"Slovenska Bistrica","population":567,"lat":46.39918,"lng":15.5424},{"city":"Gerečja Vas","state":"Hajdina","population":566,"lat":46.43333,"lng":15.81667},{"city":"Gažon","state":"Koper-Capodistria","population":566,"lat":45.51889,"lng":13.70139},{"city":"Trnje","state":"Črenšovci","population":564,"lat":46.5875,"lng":16.30833},{"city":"Gabernik","state":"Slovenska Bistrica","population":564,"lat":46.42609,"lng":15.59364},{"city":"Kamna Gorica","state":"Radovljica","population":563,"lat":46.31667,"lng":14.2},{"city":"Mihovci pri Vel. Nedelji","state":"Ormož","population":563,"lat":46.40584,"lng":16.11121},{"city":"Leskovec","state":"Slovenska Bistrica","population":561,"lat":46.38333,"lng":15.63333},{"city":"Hrastje","state":"Maribor City Municipality","population":561,"lat":46.5317,"lng":15.57351},{"city":"Gorica pri Šmartnem","state":"Celje","population":558,"lat":46.27444,"lng":15.23083},{"city":"Gorica pri Slivnici","state":"Sentjur","population":557,"lat":46.18722,"lng":15.4325},{"city":"Kovača Vas","state":"Slovenska Bistrica","population":557,"lat":46.41073,"lng":15.5595},{"city":"Željne","state":"Kočevje","population":555,"lat":45.65861,"lng":14.88639},{"city":"Lancova Vas","state":"Videm","population":555,"lat":46.37111,"lng":15.85639},{"city":"Krška Vas","state":"Brežice","population":555,"lat":45.9,"lng":15.56667},{"city":"Malečnik","state":"Maribor City Municipality","population":553,"lat":46.55417,"lng":15.70278},{"city":"Gaberje","state":"Lendava-Lendva","population":552,"lat":46.55472,"lng":16.4},{"city":"Šalara","state":"Koper-Capodistria","population":550,"lat":45.51849,"lng":13.71757},{"city":"Vrhpolje","state":"Vipava","population":549,"lat":45.86444,"lng":13.96139},{"city":"Slovenska Vas","state":"Šentrupert","population":549,"lat":45.95534,"lng":15.09164},{"city":"Dobrna","state":"Dobrna","population":548,"lat":46.33708,"lng":15.22615},{"city":"Slovenja Vas","state":"Hajdina","population":546,"lat":46.45,"lng":15.8},{"city":"Škocjan","state":"Koper-Capodistria","population":546,"lat":45.53359,"lng":13.76363},{"city":"Bohinjska Bela","state":"Bled","population":546,"lat":46.34889,"lng":14.06389},{"city":"Spodnja Slivnica","state":"Grosuplje","population":544,"lat":45.92442,"lng":14.6575},{"city":"Kozina","state":"Hrpelje-Kozina","population":544,"lat":45.61,"lng":13.93556},{"city":"Bošamarin","state":"Koper-Capodistria","population":544,"lat":45.52028,"lng":13.73584},{"city":"Šentjanž pri Dravogradu","state":"Dravograd","population":543,"lat":46.56111,"lng":15.03889},{"city":"Apače","state":"Apače","population":543,"lat":46.69779,"lng":15.90932},{"city":"Sinja Gorica","state":"Vrhnika","population":542,"lat":45.97556,"lng":14.31833},{"city":"Kobilje","state":"Kobilje","population":542,"lat":46.68519,"lng":16.39371},{"city":"Pušča","state":"Murska Sobota","population":541,"lat":46.65573,"lng":16.13903},{"city":"Valburga","state":"Medvode","population":540,"lat":46.16667,"lng":14.43333},{"city":"Martjanci","state":"Moravske Toplice","population":539,"lat":46.68639,"lng":16.19778},{"city":"Leskova Dolina","state":"Loška Dolina Municipality","population":539,"lat":45.62139,"lng":14.46056},{"city":"Visole","state":"Slovenska Bistrica","population":539,"lat":46.40353,"lng":15.52757},{"city":"Veliko Mlačevo","state":"Grosuplje","population":538,"lat":45.93694,"lng":14.68167},{"city":"Prepolje","state":"Starše","population":538,"lat":46.44417,"lng":15.76389},{"city":"Cesta","state":"Ajdovščina Municipality","population":538,"lat":45.88794,"lng":13.86961},{"city":"Bogojina","state":"Moravske Toplice","population":537,"lat":46.67611,"lng":16.28389},{"city":"Bezina","state":"Slovenska Konjice","population":536,"lat":46.36025,"lng":15.42661},{"city":"Žlebe","state":"Medvode","population":536,"lat":46.11541,"lng":14.39582},{"city":"Zgornja Kungota","state":"Kungota","population":535,"lat":46.63867,"lng":15.61489},{"city":"Vaše","state":"Medvode","population":535,"lat":46.13435,"lng":14.39542},{"city":"Zgornja Ščavnica","state":"Sveta Ana Municipality","population":533,"lat":46.65722,"lng":15.84139},{"city":"Serdica","state":"Rogašovci","population":532,"lat":46.81903,"lng":16.03034},{"city":"Podgorci","state":"Ormož","population":530,"lat":46.42917,"lng":16.06361},{"city":"Podpeč","state":"Brezovica","population":529,"lat":45.96972,"lng":14.4175},{"city":"Kalce","state":"Logatec","population":529,"lat":45.89556,"lng":14.19361},{"city":"Draženci","state":"Videm","population":529,"lat":46.38333,"lng":15.85},{"city":"Ročevnica","state":"Tržič","population":529,"lat":46.35351,"lng":14.28515},{"city":"Obrež","state":"Središče ob Dravi","population":528,"lat":46.39972,"lng":16.23194},{"city":"Čežarji","state":"Koper-Capodistria","population":528,"lat":45.53917,"lng":13.80528},{"city":"Smokuč","state":"Žirovnica","population":527,"lat":46.38555,"lng":14.16466},{"city":"Vitovlje","state":"Nova Gorica","population":526,"lat":45.93917,"lng":13.76556},{"city":"Unec","state":"Cerknica","population":524,"lat":45.81556,"lng":14.29389},{"city":"Kolomban","state":"Koper-Capodistria","population":524,"lat":45.59036,"lng":13.74749},{"city":"Zamušani","state":"Gorišnica","population":523,"lat":46.42204,"lng":16.02938},{"city":"Tropovci","state":"Tišina","population":521,"lat":46.65361,"lng":16.10333},{"city":"Tepanje","state":"Slovenska Konjice","population":521,"lat":46.34778,"lng":15.47611},{"city":"Podreča","state":"Kranj","population":521,"lat":46.17278,"lng":14.41306},{"city":"Gačnik","state":"Pesnica","population":520,"lat":46.61667,"lng":15.7},{"city":"Draža Vas","state":"Slovenska Konjice","population":518,"lat":46.33333,"lng":15.48333},{"city":"Hrastovec v Slov. Goricah","state":"Lenart","population":518,"lat":46.56472,"lng":15.78861},{"city":"Zgornje Duplje","state":"Naklo","population":517,"lat":46.30725,"lng":14.29119},{"city":"Verje","state":"Medvode","population":517,"lat":46.14699,"lng":14.41887},{"city":"Arja Vas","state":"Žalec","population":517,"lat":46.25866,"lng":15.18911},{"city":"Rečica ob Savinji","state":"Rečica ob Savinji","population":516,"lat":46.31667,"lng":14.91667},{"city":"Bonini","state":"Koper-Capodistria","population":516,"lat":45.52861,"lng":13.78194},{"city":"Liboje","state":"Žalec","population":516,"lat":46.21111,"lng":15.195},{"city":"Goričane","state":"Medvode","population":516,"lat":46.13936,"lng":14.3936},{"city":"Bezena","state":"Ruše Municipality","population":515,"lat":46.54798,"lng":15.53334},{"city":"Lokve","state":"Črnomelj Municipality","population":514,"lat":45.60167,"lng":15.17389},{"city":"Brezje","state":"Radovljica","population":513,"lat":46.32897,"lng":14.23229},{"city":"Spodnje Duplje","state":"Naklo","population":512,"lat":46.3,"lng":14.3},{"city":"Hotemaže","state":"Šenčur","population":512,"lat":46.28109,"lng":14.42091},{"city":"Črešnjevec","state":"Slovenska Bistrica","population":510,"lat":46.37583,"lng":15.61639},{"city":"Dolnji Zemon","state":"Ilirska Bistrica","population":508,"lat":45.54806,"lng":14.26611},{"city":"Zabreznica","state":"Žirovnica","population":507,"lat":46.4,"lng":14.15},{"city":"Voklo","state":"Šenčur","population":507,"lat":46.21611,"lng":14.42306},{"city":"Depala Vas","state":"Domžale","population":507,"lat":46.13333,"lng":14.58333},{"city":"Pernovo","state":"Žalec","population":507,"lat":46.29065,"lng":15.18618},{"city":"Grajenščak","state":"Ptuj","population":506,"lat":46.48333,"lng":15.81667},{"city":"Srednja Vas v Bohinju","state":"Radovljica","population":505,"lat":46.295,"lng":13.92389},{"city":"Gradišče nad Prvačino","state":"Nova Gorica","population":505,"lat":45.88889,"lng":13.70167},{"city":"Vrzdenec","state":"Horjul","population":503,"lat":46.02028,"lng":14.27083},{"city":"Velike Brusnice","state":"Novo Mesto","population":502,"lat":45.80405,"lng":15.25772},{"city":"Gornji Dolič","state":"Mislinja","population":502,"lat":46.42333,"lng":15.18444},{"city":"Lukovica pri Brezovici","state":"Log–Dragomer","population":501,"lat":46.01536,"lng":14.39386},{"city":"Zgornje Gorje","state":"Gorje","population":500,"lat":46.37962,"lng":14.06937},{"city":"Markovci","state":"Markovci","population":495,"lat":46.39557,"lng":15.92831},{"city":"Križevci pri Ljutomeru","state":"Križevci","population":490,"lat":46.56833,"lng":16.13861},{"city":"Bukovica","state":"Renče-Vogrsko","population":475,"lat":45.90083,"lng":13.66722},{"city":"Videm pri Ptuju","state":"Videm","population":471,"lat":46.36867,"lng":15.90628},{"city":"Breznica","state":"Žirovnica","population":470,"lat":46.39385,"lng":14.15409},{"city":"Cankova","state":"Cankova","population":446,"lat":46.72028,"lng":16.02245},{"city":"Cirkulane","state":"Cirkulane","population":434,"lat":46.34408,"lng":15.99472},{"city":"Šalovci","state":"Šalovci","population":426,"lat":46.82412,"lng":16.29779},{"city":"Lukovica pri Domžalah","state":"Lukovica","population":419,"lat":46.16988,"lng":14.69179},{"city":"Gornji Petrovci","state":"Gornji Petrovci","population":419,"lat":46.80362,"lng":16.21898},{"city":"Luče","state":"Luče","population":413,"lat":46.35496,"lng":14.7476},{"city":"Tišina","state":"Tišina","population":412,"lat":46.65415,"lng":16.09363},{"city":"Tabor","state":"Tabor","population":406,"lat":46.23464,"lng":15.01671},{"city":"Ribnica na Pohorju","state":"Ribnica na Pohorju","population":404,"lat":46.535,"lng":15.27278},{"city":"Žetale","state":"Žetale","population":392,"lat":46.27356,"lng":15.82658},{"city":"Jurovski Dol","state":"Sveti Jurij v Slovenskih Goricah","population":385,"lat":46.60667,"lng":15.78464},{"city":"Braslovče","state":"Braslovče","population":383,"lat":46.28805,"lng":15.03983},{"city":"Juršinci","state":"Juršinci","population":381,"lat":46.48594,"lng":15.96818},{"city":"Podlehnik","state":"Podlehnik","population":378,"lat":46.33542,"lng":15.87909},{"city":"Kuzma","state":"Kuzma","population":375,"lat":46.83509,"lng":16.08072},{"city":"Hrib-Loški Potok","state":"Loški Potok","population":373,"lat":45.70688,"lng":14.61674},{"city":"Trnovska Vas","state":"Trnovska Vas","population":367,"lat":46.52019,"lng":15.88657},{"city":"Podvelka","state":"Podvelka","population":343,"lat":46.58838,"lng":15.3279},{"city":"Dobrovo","state":"Brda","population":334,"lat":45.99743,"lng":13.52711},{"city":"Vitomarci","state":"Sveti Andraž v Slovenskih Goricah","population":329,"lat":46.5275,"lng":15.93944},{"city":"Šentrupert na Dolenjskem","state":"Šentrupert","population":329,"lat":45.97801,"lng":15.093},{"city":"Šmarjeta","state":"Šmarješke Toplice","population":326,"lat":45.88333,"lng":15.25},{"city":"Nova Vas","state":"Bloke","population":293,"lat":45.77272,"lng":14.5065},{"city":"Sveti Tomaž","state":"Sveti Tomaž","population":284,"lat":46.48351,"lng":16.07912},{"city":"Rogašovci","state":"Rogašovci","population":254,"lat":46.79781,"lng":16.03608},{"city":"Razkrižje","state":"Razkrižje","population":252,"lat":46.52183,"lng":16.27877},{"city":"Škocjan","state":"Škocjan","population":246,"lat":45.90688,"lng":15.29134},{"city":"Dol pri Ljubljani","state":"Dol pri Ljubljani","population":241,"lat":46.08859,"lng":14.60068},{"city":"Bistrica ob Sotli","state":"Bistrica ob Sotli","population":235,"lat":46.05755,"lng":15.66326},{"city":"Hodoš","state":"Hodoš-Hodos","population":228,"lat":46.82178,"lng":16.32592},{"city":"Makole","state":"Makole","population":221,"lat":46.31638,"lng":15.66632},{"city":"Solčava","state":"Solčava Municipality","population":214,"lat":46.41955,"lng":14.69369},{"city":"Sveti Jurij","state":"Sveti Jurij","population":209,"lat":46.5695,"lng":16.02347},{"city":"Destrnik","state":"Destrnik","population":172,"lat":46.49254,"lng":15.87893},{"city":"Sv. Ana v Slov. Goricah","state":"Sveta Ana Municipality","population":155,"lat":46.64917,"lng":15.84417},{"city":"Cerkvenjak","state":"Cerkvenjak","population":135,"lat":46.56796,"lng":15.94374},{"city":"Dobje pri Planini","state":"Dobje","population":114,"lat":46.13747,"lng":15.39412},{"city":"Osilnica","state":"Osilnica","population":87,"lat":45.52914,"lng":14.69838},{"city":"Zavrč","state":"Zavrč","population":73,"lat":46.39048,"lng":16.05004},{"city":"Loški Potok","state":"Loški Potok","population":0,"lat":45.70139,"lng":14.58028}]}}