{"timezone":"Europe/Chisinau","countries":{"Moldova":[{"city":"Chisinau","state":"Chișinău Municipality","population":635994,"lat":47.00902,"lng":28.85938},{"city":"Tiraspol","state":"Transnistria","population":157000,"lat":46.84275,"lng":29.6284},{"city":"Bălţi","state":"Bălţi","population":125000,"lat":47.76291,"lng":27.92854},{"city":"Bender","state":"Bender Municipality","population":110175,"lat":46.83158,"lng":29.47671},{"city":"Rîbniţa","state":"Transnistria","population":55455,"lat":47.76817,"lng":29.01},{"city":"Cahul","state":"Cahul","population":34492,"lat":45.90456,"lng":28.19516},{"city":"Ungheni","state":"Ungheni","population":34422,"lat":47.21023,"lng":27.80013},{"city":"Soroca","state":"Soroca District","population":27423,"lat":48.15659,"lng":28.28489},{"city":"Durleşti","state":"Chișinău Municipality","population":26308,"lat":47.02156,"lng":28.76303},{"city":"Orhei","state":"Orhei","population":24918,"lat":47.38503,"lng":28.82535},{"city":"Dubăsari","state":"Transnistria","population":23254,"lat":47.26562,"lng":29.16667},{"city":"Comrat","state":"Gagauzia","population":22911,"lat":46.29488,"lng":28.65713},{"city":"Edineţ","state":"Raionul Edineţ","population":22872,"lat":48.17319,"lng":27.30075},{"city":"Ceadîr-Lunga","state":"Gagauzia","population":22700,"lat":46.06169,"lng":28.83078},{"city":"Căuşeni","state":"Căuşeni","population":21690,"lat":46.63738,"lng":29.41087},{"city":"Strășeni","state":"Strășeni","population":19225,"lat":47.14216,"lng":28.60774},{"city":"Hînceşti","state":"Hînceşti","population":16900,"lat":46.83089,"lng":28.58999},{"city":"Floreşti","state":"Floreşti","population":16759,"lat":47.89168,"lng":28.29339},{"city":"Drochia","state":"Drochia","population":16080,"lat":48.03686,"lng":27.81242},{"city":"Codru","state":"Chișinău Municipality","population":15934,"lat":46.97648,"lng":28.819},{"city":"Bilicenii Vechi","state":"Sîngerei","population":15479,"lat":47.6558,"lng":28.04734},{"city":"Slobozia","state":"Transnistria","population":15356,"lat":46.72927,"lng":29.70446},{"city":"Ialoveni","state":"Ialoveni","population":14915,"lat":46.94357,"lng":28.78153},{"city":"Sîngerei","state":"Sîngerei","population":14600,"lat":47.63694,"lng":28.1407},{"city":"Fălești","state":"Fălești","population":14377,"lat":47.57667,"lng":27.71264},{"city":"Vulcăneşti","state":"Gagauzia","population":14352,"lat":45.68492,"lng":28.40613},{"city":"Leova","state":"Leova","population":14301,"lat":46.48195,"lng":28.25298},{"city":"Briceni","state":"Donduşeni","population":14132,"lat":48.35628,"lng":27.70293},{"city":"Călăraşi","state":"Călăraşi","population":14066,"lat":47.25548,"lng":28.30953},{"city":"Taraclia","state":"Taraclia","population":13512,"lat":45.90321,"lng":28.66628},{"city":"Congaz","state":"Gagauzia","population":13406,"lat":46.10744,"lng":28.59303},{"city":"Rîşcani","state":"Rîşcani","population":12893,"lat":47.94829,"lng":27.56669},{"city":"Cimişlia","state":"Cimişlia","population":12464,"lat":46.52629,"lng":28.7649},{"city":"Nisporeni","state":"Nisporeni","population":11718,"lat":47.08025,"lng":28.17098},{"city":"Camenca","state":"Transnistria","population":11072,"lat":48.03233,"lng":28.69899},{"city":"Basarabeasca","state":"Basarabeasca","population":10809,"lat":46.33352,"lng":28.96165},{"city":"Dnestrovsc","state":"Transnistria","population":10426,"lat":46.624,"lng":29.906},{"city":"Glodeni","state":"Glodeni","population":10146,"lat":47.77467,"lng":27.51753},{"city":"Dancu","state":"Hînceşti","population":10000,"lat":46.75818,"lng":28.20716},{"city":"Briceni","state":"Briceni","population":9900,"lat":48.36302,"lng":27.07847},{"city":"Rezina","state":"Rezina","population":9806,"lat":47.74857,"lng":28.96769},{"city":"Hryhoriopol","state":"Transnistria","population":9456,"lat":47.15413,"lng":29.30008},{"city":"Donduşeni","state":"Donduşeni","population":9435,"lat":48.24268,"lng":27.6101},{"city":"Ocniţa","state":"Raionul Ocniţa","population":9325,"lat":48.38231,"lng":27.43864},{"city":"Mîndreşti","state":"Teleneşti","population":9280,"lat":47.50525,"lng":28.27687},{"city":"Chiţcani","state":"Căuşeni","population":9000,"lat":46.78296,"lng":29.61682},{"city":"Otaci","state":"Raionul Ocniţa","population":8400,"lat":48.43285,"lng":27.79912},{"city":"Anenii Noi","state":"Anenii Noi","population":8250,"lat":46.87795,"lng":29.23503},{"city":"Ştefan Vodă","state":"Ştefan-Vodă","population":7700,"lat":46.51294,"lng":29.66223},{"city":"Cricova","state":"Chișinău Municipality","population":7400,"lat":47.13835,"lng":28.86156},{"city":"Pervomaisc","state":"Transnistria","population":7300,"lat":46.73253,"lng":29.9617},{"city":"Blijnii Hutor","state":"Transnistria","population":7292,"lat":46.88754,"lng":29.64651},{"city":"Sîngera","state":"Chișinău Municipality","population":7200,"lat":46.91557,"lng":28.96673},{"city":"Criuleni","state":"Criuleni","population":6932,"lat":47.2134,"lng":29.15847},{"city":"Ciorescu","state":"Chișinău Municipality","population":6870,"lat":47.13,"lng":28.88937},{"city":"Teleneşti","state":"Teleneşti","population":6633,"lat":47.50179,"lng":28.36478},{"city":"Şoldăneşti","state":"Şoldăneşti","population":6160,"lat":47.81618,"lng":28.79841},{"city":"Tvardița","state":"Taraclia","population":5800,"lat":46.14826,"lng":28.96491},{"city":"Stăuceni","state":"Chișinău Municipality","population":5700,"lat":47.09643,"lng":28.86791},{"city":"Iargara","state":"Cantemir","population":5600,"lat":46.4252,"lng":28.42676},{"city":"Vadul lui Vodă","state":"Chișinău Municipality","population":5300,"lat":47.09009,"lng":29.0757},{"city":"Biruinţa","state":"Sîngerei","population":4700,"lat":47.81353,"lng":28.07004},{"city":"Ţarigrad","state":"Drochia","population":4655,"lat":48.04647,"lng":27.76474},{"city":"Crasnoe","state":"Transnistria","population":4200,"lat":46.643,"lng":29.823},{"city":"Cocieri","state":"Dubăsari District","population":4151,"lat":47.3017,"lng":29.11755},{"city":"Varniţa","state":"Anenii Noi","population":4000,"lat":46.86606,"lng":29.46636},{"city":"Cantemir","state":"Cantemir","population":3829,"lat":46.27749,"lng":28.20052},{"city":"Vatra","state":"Chișinău Municipality","population":3800,"lat":47.0746,"lng":28.73685},{"city":"Ustia","state":"Dubăsari District","population":3295,"lat":47.25524,"lng":29.12406},{"city":"Giurgiuleşti","state":"Cahul","population":3074,"lat":45.48167,"lng":28.19722},{"city":"Mărculeşti","state":"Floreşti","population":2400,"lat":47.86897,"lng":28.24109},{"city":"Saharna","state":"Rezina","population":2365,"lat":47.69107,"lng":28.97458},{"city":"Tiraspolul Nou","state":"Transnistria","population":2200,"lat":46.83,"lng":29.564},{"city":"Ghindești","state":"Floreşti","population":2100,"lat":47.85482,"lng":28.37679},{"city":"Palanca","state":"Ştefan-Vodă","population":2020,"lat":46.40861,"lng":30.09611},{"city":"Satul-Nou","state":"Cimişlia","population":1910,"lat":46.61527,"lng":28.90788},{"city":"Vişniovca","state":"Cantemir","population":1800,"lat":46.3326,"lng":28.44797},{"city":"Bugeac","state":"Gagauzia","population":1800,"lat":46.36554,"lng":28.6625},{"city":"Bucovăţ","state":"Strășeni","population":1600,"lat":47.19064,"lng":28.45802},{"city":"Ucrainca","state":"Căuşeni","population":1559,"lat":46.43229,"lng":29.27548},{"city":"Merenii Noi","state":"Anenii Noi","population":1514,"lat":46.92594,"lng":29.0624},{"city":"Maiac","state":"Transnistria","population":1500,"lat":47.23727,"lng":29.38498},{"city":"Popeştii de Sus","state":"Drochia","population":1463,"lat":48.08806,"lng":28.02556},{"city":"Pogăneşti","state":"Hînceşti","population":1462,"lat":46.69249,"lng":28.23192},{"city":"Dolna","state":"Strășeni","population":1155,"lat":47.12189,"lng":28.27033},{"city":"Ocniţa","state":"Transnistria","population":815,"lat":48.13278,"lng":28.63558}]}}