{"timezone":"Europe/Lisbon","countries":{"Portugal":[{"city":"Lisbon","state":"Lisbon","population":517802,"lat":38.72509,"lng":-9.1498},{"city":"Porto","state":"Porto","population":252687,"lat":41.1485,"lng":-8.61097},{"city":"Braga","state":"Braga","population":193324,"lat":41.5514,"lng":-8.42311},{"city":"Amadora","state":"Lisbon","population":178858,"lat":38.75382,"lng":-9.23083},{"city":"Coimbra","state":"Coimbra","population":140796,"lat":40.20686,"lng":-8.41996},{"city":"Leiria","state":"Leiria","population":128640,"lat":39.74362,"lng":-8.80705},{"city":"Setúbal","state":"Setúbal","population":118166,"lat":38.5244,"lng":-8.8882},{"city":"Viseu","state":"Viseu","population":103502,"lat":40.66165,"lng":-7.90905},{"city":"Queluz","state":"Lisbon","population":103399,"lat":38.75657,"lng":-9.25451},{"city":"Cacém","state":"Lisbon","population":93982,"lat":38.76698,"lng":-9.29793},{"city":"Aveiro","state":"Aveiro","population":80880,"lat":40.64575,"lng":-8.64643},{"city":"Vila Nova de Gaia","state":"Porto","population":70811,"lat":41.12401,"lng":-8.61241},{"city":"Faro","state":"Faro","population":70347,"lat":37.01869,"lng":-7.92716},{"city":"Algueirão","state":"Lisbon","population":66250,"lat":38.79764,"lng":-9.3437},{"city":"Loures","state":"Lisbon","population":66231,"lat":38.83091,"lng":-9.16845},{"city":"Felgueiras","state":"Porto","population":58065,"lat":41.36806,"lng":-8.19396},{"city":"Rio de Mouro","state":"Lisbon","population":54695,"lat":38.76613,"lng":-9.32804},{"city":"Odivelas","state":"Lisbon","population":54624,"lat":38.79269,"lng":-9.1838},{"city":"Évora","state":"Évora","population":53591,"lat":38.56587,"lng":-7.90405},{"city":"Amora","state":"Setúbal","population":52577,"lat":38.62961,"lng":-9.11557},{"city":"Corroios","state":"Setúbal","population":52520,"lat":38.64004,"lng":-9.1508},{"city":"Barreiro","state":"Setúbal","population":51280,"lat":38.66314,"lng":-9.0724},{"city":"Monsanto","state":"Santarém","population":50000,"lat":39.46203,"lng":-8.7118},{"city":"Rio Tinto","state":"Porto","population":49966,"lat":41.17872,"lng":-8.55953},{"city":"São Domingos de Rana","state":"Lisbon","population":46718,"lat":38.70194,"lng":-9.34083},{"city":"Figueira da Foz","state":"Coimbra","population":46600,"lat":40.15085,"lng":-8.86179},{"city":"Lumiar","state":"Lisbon","population":46334,"lat":38.77478,"lng":-9.15601},{"city":"Paranhos","state":"Porto","population":45883,"lat":41.17289,"lng":-8.59931},{"city":"Ponte de Lima","state":"Viana do Castelo","population":44667,"lat":41.76719,"lng":-8.58393},{"city":"Olival","state":"Lisbon","population":42961,"lat":38.77079,"lng":-9.25015},{"city":"Santo António dos Olivais","state":"Coimbra","population":41150,"lat":40.21805,"lng":-8.40523},{"city":"Sesimbra","state":"Setúbal","population":41134,"lat":38.44451,"lng":-9.10149},{"city":"Guimarães","state":"Braga","population":40604,"lat":41.44443,"lng":-8.29619},{"city":"Guarda","state":"Guarda","population":40126,"lat":40.53754,"lng":-7.26631},{"city":"Ermesinde","state":"Porto","population":39420,"lat":41.21653,"lng":-8.55318},{"city":"Santo Ovídio","state":"Porto","population":38544,"lat":41.11379,"lng":-8.60235},{"city":"Portimão","state":"Faro","population":38487,"lat":37.13856,"lng":-8.53775},{"city":"Damaia","state":"Lisbon","population":37607,"lat":38.75141,"lng":-9.21227},{"city":"Cidade Universitária","state":"Lisbon","population":37000,"lat":38.75199,"lng":-9.15917},{"city":"Benfica","state":"Lisbon","population":36985,"lat":38.75087,"lng":-9.20282},{"city":"Cascais","state":"Lisbon","population":36436,"lat":38.69681,"lng":-9.42147},{"city":"Maia","state":"Porto","population":36426,"lat":41.23574,"lng":-8.6199},{"city":"Viana do Castelo","state":"Viana do Castelo","population":36148,"lat":41.69323,"lng":-8.83287},{"city":"Marvila","state":"Lisbon","population":35463,"lat":38.73981,"lng":-9.10165},{"city":"Bragança","state":"Bragança","population":35341,"lat":41.80716,"lng":-6.75898},{"city":"Oeiras","state":"Lisbon","population":35000,"lat":38.69105,"lng":-9.31085},{"city":"Beja","state":"Beja","population":34760,"lat":38.01469,"lng":-7.86284},{"city":"Esposende","state":"Braga","population":34625,"lat":41.5361,"lng":-8.78201},{"city":"Afurada de Baixo","state":"Porto","population":34332,"lat":41.14389,"lng":-8.64639},{"city":"Almada","state":"Setúbal","population":34008,"lat":38.67902,"lng":-9.1569},{"city":"Olivais","state":"Lisbon","population":33788,"lat":38.76994,"lng":-9.10674},{"city":"Lagos","state":"Faro","population":33494,"lat":37.10202,"lng":-8.67422},{"city":"Castelo Branco","state":"Castelo Branco","population":33479,"lat":39.82364,"lng":-7.49101},{"city":"Alcabideche","state":"Lisbon","population":33315,"lat":38.73366,"lng":-9.40928},{"city":"Bairro Novo","state":"Braga","population":32876,"lat":41.54317,"lng":-8.40725},{"city":"Espinho","state":"Aveiro","population":32786,"lat":41.00763,"lng":-8.64125},{"city":"Alvalade","state":"Lisbon","population":31813,"lat":38.75328,"lng":-9.14397},{"city":"Arrentela","state":"Setúbal","population":30156,"lat":38.625,"lng":-9.10151},{"city":"Montijo","state":"Setúbal","population":30011,"lat":38.70675,"lng":-8.97388},{"city":"Charneca de Caparica","state":"Setúbal","population":29763,"lat":38.62032,"lng":-9.19426},{"city":"Campanhã","state":"Porto","population":29666,"lat":41.15706,"lng":-8.57466},{"city":"Santarém","state":"Santarém","population":29385,"lat":39.23379,"lng":-8.68617},{"city":"Olhão","state":"Faro","population":29239,"lat":37.0286,"lng":-7.8411},{"city":"Aldoar","state":"Porto","population":29085,"lat":41.1671,"lng":-8.6691},{"city":"Póvoa de Varzim","state":"Porto","population":29044,"lat":41.38344,"lng":-8.76364},{"city":"Senhora da Hora","state":"Porto","population":28930,"lat":41.18641,"lng":-8.65172},{"city":"Marinha Grande","state":"Leiria","population":28916,"lat":39.74769,"lng":-8.93228},{"city":"Póvoa de Santa Iria","state":"Lisbon","population":28901,"lat":38.86101,"lng":-9.06453},{"city":"Sequeira","state":"Guarda","population":28502,"lat":40.55364,"lng":-7.22594},{"city":"Massamá","state":"Lisbon","population":28112,"lat":38.75279,"lng":-9.2811},{"city":"Matosinhos","state":"Porto","population":28070,"lat":41.18207,"lng":-8.68908},{"city":"Gondomar","state":"Porto","population":27691,"lat":41.14454,"lng":-8.53223},{"city":"Águas Santas","state":"Porto","population":27686,"lat":41.21017,"lng":-8.57599},{"city":"Vila do Conde","state":"Porto","population":27642,"lat":41.35326,"lng":-8.74516},{"city":"Caldas da Rainha","state":"Leiria","population":27378,"lat":39.40326,"lng":-9.13839},{"city":"Alfornelos","state":"Lisbon","population":27093,"lat":38.76098,"lng":-9.20508},{"city":"Canidelo","state":"Porto","population":26431,"lat":41.12314,"lng":-8.64654},{"city":"Sintra","state":"Lisbon","population":26193,"lat":38.80097,"lng":-9.37826},{"city":"Paço de Arcos","state":"Lisbon","population":25974,"lat":38.69569,"lng":-9.29143},{"city":"São Mamede de Infesta","state":"Porto","population":25940,"lat":41.19183,"lng":-8.61105},{"city":"Quinta Do Conde","state":"Setúbal","population":25606,"lat":38.56528,"lng":-9.04316},{"city":"Torres Vedras","state":"Lisbon","population":24443,"lat":39.09109,"lng":-9.2586},{"city":"Quarteira","state":"Faro","population":24420,"lat":37.06946,"lng":-8.10064},{"city":"Oliveira do Douro","state":"Porto","population":24407,"lat":41.12466,"lng":-8.58463},{"city":"Fânzeres","state":"Porto","population":23916,"lat":41.16754,"lng":-8.52981},{"city":"Estoril","state":"Lisbon","population":23700,"lat":38.70571,"lng":-9.39773},{"city":"Carnaxide","state":"Lisbon","population":23698,"lat":38.72706,"lng":-9.24671},{"city":"Porto de Mós","state":"Faro","population":23648,"lat":37.08534,"lng":-8.68366},{"city":"Pinhal Novo","state":"Setúbal","population":23510,"lat":38.63106,"lng":-8.91376},{"city":"Monte Estoril","state":"Lisbon","population":23375,"lat":38.70636,"lng":-9.40595},{"city":"Sete Rios","state":"Lisbon","population":23261,"lat":38.74134,"lng":-9.16133},{"city":"Pontinha","state":"Lisbon","population":23249,"lat":38.76771,"lng":-9.19935},{"city":"São Jorge de Arroios","state":"Lisbon","population":22990,"lat":38.7289,"lng":-9.13806},{"city":"Bomfim","state":"Porto","population":22978,"lat":41.15417,"lng":-8.58688},{"city":"Arcos de Valdevez","state":"Viana do Castelo","population":22847,"lat":41.84668,"lng":-8.41905},{"city":"Moscavide e Portela","state":"Lisbon","population":22488,"lat":38.77929,"lng":-9.10222},{"city":"Parque das Nações","state":"Lisbon","population":22382,"lat":38.76908,"lng":-9.09632},{"city":"Portalegre","state":"Portalegre","population":22368,"lat":39.29379,"lng":-7.43122},{"city":"Valadares","state":"Porto","population":22322,"lat":41.09294,"lng":-8.63219},{"city":"Lordelo do Ouro","state":"Porto","population":22270,"lat":41.15059,"lng":-8.64845},{"city":"Campo De Ourique","state":"Lisbon","population":22140,"lat":38.72134,"lng":-9.16738},{"city":"São João da Madeira","state":"Aveiro","population":22079,"lat":40.9007,"lng":-8.4902},{"city":"Lavradio","state":"Setúbal","population":21877,"lat":38.66808,"lng":-9.05204},{"city":"Bougado","state":"Porto","population":21680,"lat":41.33979,"lng":-8.5518},{"city":"Azambuja","state":"Lisbon","population":21422,"lat":39.07029,"lng":-8.86822},{"city":"Valongo","state":"Porto","population":21328,"lat":41.18883,"lng":-8.49857},{"city":"Vilar","state":"Aveiro","population":21227,"lat":40.62731,"lng":-8.63225},{"city":"Caparica","state":"Setúbal","population":21167,"lat":38.66179,"lng":-9.20032},{"city":"Areeiro","state":"Lisbon","population":21160,"lat":38.741,"lng":-9.138},{"city":"Arouca","state":"Aveiro","population":21146,"lat":40.93057,"lng":-8.24488},{"city":"Belas","state":"Lisbon","population":21019,"lat":38.7767,"lng":-9.26353},{"city":"Laranjeiro","state":"Setúbal","population":20988,"lat":38.65599,"lng":-9.15376},{"city":"Linda-a-Velha","state":"Lisbon","population":20895,"lat":38.71446,"lng":-9.2422},{"city":"Falagueira","state":"Lisbon","population":20788,"lat":38.76392,"lng":-9.22804},{"city":"Trofa","state":"Porto","population":20692,"lat":41.33729,"lng":-8.5596},{"city":"Baião","state":"Porto","population":20522,"lat":41.16273,"lng":-8.0347},{"city":"Laranjeiro","state":"Faro","population":20473,"lat":37.06799,"lng":-7.8078},{"city":"Carcavelos","state":"Lisbon","population":20366,"lat":38.69105,"lng":-9.32215},{"city":"Alcântara","state":"Lisbon","population":20267,"lat":38.70102,"lng":-9.17145},{"city":"Camarate","state":"Lisbon","population":20177,"lat":38.80358,"lng":-9.12809},{"city":"Entroncamento","state":"Santarém","population":19887,"lat":39.46667,"lng":-8.46667},{"city":"Paredes","state":"Porto","population":19834,"lat":41.20485,"lng":-8.33147},{"city":"Monção","state":"Viana do Castelo","population":19738,"lat":42.07892,"lng":-8.48076},{"city":"Piedade","state":"Setúbal","population":19472,"lat":38.67005,"lng":-9.15852},{"city":"Custoias","state":"Guarda","population":19406,"lat":41.1053,"lng":-7.32097},{"city":"Algés","state":"Lisbon","population":19327,"lat":38.70245,"lng":-9.22936},{"city":"Tomar","state":"Santarém","population":19168,"lat":39.60199,"lng":-8.40924},{"city":"Barcelos","state":"Braga","population":19085,"lat":41.53174,"lng":-8.61843},{"city":"São Tiago de Custoias","state":"Porto","population":19000,"lat":41.2,"lng":-8.63333},{"city":"Pedroso","state":"Porto","population":18963,"lat":41.41103,"lng":-8.74897},{"city":"Vilar de Andorinho","state":"Porto","population":18944,"lat":41.10574,"lng":-8.58622},{"city":"São João da Talha","state":"Lisbon","population":18925,"lat":38.82378,"lng":-9.09719},{"city":"Azeitão","state":"Setúbal","population":18877,"lat":38.51919,"lng":-9.0139},{"city":"Santa Iria da Azóia","state":"Lisbon","population":18573,"lat":38.8411,"lng":-9.09908},{"city":"Ovar","state":"Aveiro","population":18452,"lat":40.85862,"lng":-8.62513},{"city":"Vila Franca de Xira","state":"Lisbon","population":18355,"lat":38.95525,"lng":-8.98966},{"city":"Carnide","state":"Lisbon","population":18028,"lat":38.76667,"lng":-9.18333},{"city":"Leça da Palmeira","state":"Porto","population":17996,"lat":41.191,"lng":-8.70027},{"city":"Loulé","state":"Faro","population":17930,"lat":37.13772,"lng":-8.01968},{"city":"Moita","state":"Setúbal","population":17795,"lat":38.65078,"lng":-8.99038},{"city":"Sacavém","state":"Lisbon","population":17718,"lat":38.79202,"lng":-9.10801},{"city":"Covilhã","state":"Castelo Branco","population":17610,"lat":40.28106,"lng":-7.50504},{"city":"Ramada","state":"Lisbon","population":17535,"lat":38.80368,"lng":-9.1877},{"city":"Chaves","state":"Vila Real","population":17535,"lat":41.74019,"lng":-7.46879},{"city":"Pombal","state":"Leiria","population":17355,"lat":39.91674,"lng":-8.62847},{"city":"Quelfes","state":"Faro","population":17253,"lat":37.06003,"lng":-7.82158},{"city":"Ílhavo","state":"Aveiro","population":17236,"lat":40.60188,"lng":-8.67021},{"city":"Parede","state":"Lisbon","population":17212,"lat":38.69282,"lng":-9.35412},{"city":"São Paulo de Frades","state":"Coimbra","population":17154,"lat":40.24678,"lng":-8.39402},{"city":"Eiras","state":"Coimbra","population":17154,"lat":40.24827,"lng":-8.41549},{"city":"Condeixa-a-Nova","state":"Coimbra","population":17078,"lat":40.11283,"lng":-8.49804},{"city":"Alfragide","state":"Lisbon","population":17044,"lat":38.73203,"lng":-9.2192},{"city":"São Pedro da Cova","state":"Porto","population":17011,"lat":41.14331,"lng":-8.50033},{"city":"Vila Real","state":"Vila Real","population":17001,"lat":41.3001,"lng":-7.7432},{"city":"Palmela","state":"Setúbal","population":16934,"lat":38.56902,"lng":-8.90126},{"city":"Fafe","state":"Braga","population":16868,"lat":41.45083,"lng":-8.17258},{"city":"Cabeceiras de Basto","state":"Braga","population":16710,"lat":41.51431,"lng":-7.98942},{"city":"Belém","state":"Lisbon","population":16546,"lat":38.69875,"lng":-9.19289},{"city":"Feira","state":"Aveiro","population":16376,"lat":40.92535,"lng":-8.54277},{"city":"Leça do Bailio","state":"Porto","population":16103,"lat":41.21201,"lng":-8.63422},{"city":"Vialonga","state":"Lisbon","population":16088,"lat":38.87206,"lng":-9.07805},{"city":"Buraca","state":"Lisbon","population":16081,"lat":38.73333,"lng":-9.2},{"city":"Albufeira","state":"Faro","population":15851,"lat":37.08819,"lng":-8.2503},{"city":"Baguim do Monte","state":"Porto","population":15850,"lat":41.19203,"lng":-8.54118},{"city":"Alcobaça","state":"Leiria","population":15800,"lat":39.55223,"lng":-8.97749},{"city":"Vermoim","state":"Porto","population":15764,"lat":41.24315,"lng":-8.60651},{"city":"Peniche","state":"Leiria","population":15662,"lat":39.3558,"lng":-9.38112},{"city":"Campo Grande","state":"Lisbon","population":15514,"lat":38.75471,"lng":-9.16651},{"city":"São Martinho do Bispo","state":"Coimbra","population":15315,"lat":40.21021,"lng":-8.45692},{"city":"Ribeira de Frades","state":"Coimbra","population":15315,"lat":40.20503,"lng":-8.47929},{"city":"Alfena","state":"Porto","population":15211,"lat":41.23671,"lng":-8.52454},{"city":"Tavira","state":"Faro","population":15133,"lat":37.12734,"lng":-7.64861},{"city":"Torres Novas","state":"Santarém","population":15002,"lat":39.47581,"lng":-8.54348},{"city":"Póvoa de Santo Adrião","state":"Lisbon","population":14897,"lat":38.8,"lng":-9.16667},{"city":"Gafanha","state":"Aveiro","population":14840,"lat":40.63621,"lng":-8.71338},{"city":"Campolide","state":"Lisbon","population":14787,"lat":38.72946,"lng":-9.16486},{"city":"Vilar do Paraíso","state":"Porto","population":14727,"lat":41.08974,"lng":-8.6211},{"city":"Areosa","state":"Porto","population":14500,"lat":41.18146,"lng":-8.58777},{"city":"Valbom","state":"Porto","population":14443,"lat":41.12921,"lng":-8.56199},{"city":"Arcozelo","state":"Porto","population":14352,"lat":41.06187,"lng":-8.63192},{"city":"Ajuda","state":"Lisbon","population":14306,"lat":38.70031,"lng":-9.20805},{"city":"Canelas","state":"Porto","population":14247,"lat":41.08333,"lng":-8.6},{"city":"Costa de Caparica","state":"Setúbal","population":14231,"lat":38.64458,"lng":-9.23556},{"city":"Cadaval","state":"Lisbon","population":14228,"lat":39.24298,"lng":-9.10327},{"city":"Valenza","state":"Viana do Castelo","population":14172,"lat":42.02418,"lng":-8.63474},{"city":"Samora Correia","state":"Santarém","population":14154,"lat":38.93709,"lng":-8.87178},{"city":"Santo Tirso","state":"Porto","population":14021,"lat":41.34257,"lng":-8.47746},{"city":"Contumil","state":"Porto","population":14000,"lat":41.16555,"lng":-8.57961},{"city":"Azevedo","state":"Porto","population":14000,"lat":41.15,"lng":-8.56667},{"city":"Costa da Caparica","state":"Setúbal","population":13968,"lat":38.64134,"lng":-9.23221},{"city":"Graça","state":"Lisbon","population":13956,"lat":38.71758,"lng":-9.12949},{"city":"Porto Salvo","state":"Lisbon","population":13867,"lat":38.72293,"lng":-9.30473},{"city":"Abrantes","state":"Santarém","population":13646,"lat":39.46667,"lng":-8.2},{"city":"Esgueira","state":"Aveiro","population":13431,"lat":40.64899,"lng":-8.62943},{"city":"Alhos Vedros","state":"Setúbal","population":13384,"lat":38.65486,"lng":-9.02368},{"city":"Olhos de Água","state":"Faro","population":13221,"lat":37.09024,"lng":-8.19168},{"city":"Moreira","state":"Porto","population":12890,"lat":41.24756,"lng":-8.64788},{"city":"Montemor-o-Novo","state":"Évora","population":12854,"lat":38.64812,"lng":-8.21455},{"city":"Sines","state":"Setúbal","population":12791,"lat":37.95622,"lng":-8.86979},{"city":"Baixa","state":"Lisbon","population":12765,"lat":38.71139,"lng":-9.13722},{"city":"Beato António","state":"Lisbon","population":12737,"lat":38.73327,"lng":-9.10335},{"city":"Ourém","state":"Santarém","population":12729,"lat":39.64167,"lng":-8.5919},{"city":"Pedrouços","state":"Porto","population":12553,"lat":41.1888,"lng":-8.58624},{"city":"Perafita","state":"Porto","population":12538,"lat":41.18252,"lng":-8.2545},{"city":"Mirandela","state":"Bragança","population":12504,"lat":41.48739,"lng":-7.18695},{"city":"Azenha","state":"Porto","population":12260,"lat":41.07651,"lng":-8.62468},{"city":"Mafra","state":"Lisbon","population":12259,"lat":38.93793,"lng":-9.32756},{"city":"Bairro da Madre de Deus","state":"Lisbon","population":12183,"lat":38.73539,"lng":-9.11761},{"city":"Aldeia de Paio Pires","state":"Setúbal","population":12179,"lat":38.61667,"lng":-9.08333},{"city":"Tábua","state":"Coimbra","population":12071,"lat":40.36207,"lng":-8.02936},{"city":"Rio Maior","state":"Santarém","population":12064,"lat":39.33732,"lng":-8.93906},{"city":"Barcarena","state":"Lisbon","population":11968,"lat":38.73245,"lng":-9.28},{"city":"Gueifães","state":"Porto","population":11964,"lat":41.21667,"lng":-8.6},{"city":"Alijó","state":"Vila Real","population":11942,"lat":41.27644,"lng":-7.47489},{"city":"Águeda","state":"Aveiro","population":11941,"lat":40.5772,"lng":-8.44442},{"city":"Castelo Viegas","state":"Coimbra","population":11858,"lat":40.16313,"lng":-8.40658},{"city":"Fátima","state":"Santarém","population":11798,"lat":39.62071,"lng":-8.65237},{"city":"Oliveira de Azemeis","state":"Aveiro","population":11771,"lat":40.84101,"lng":-8.47555},{"city":"Semelhe","state":"Braga","population":11700,"lat":41.55437,"lng":-8.46281},{"city":"Real","state":"Braga","population":11700,"lat":41.55841,"lng":-8.4433},{"city":"São Félix da Marinha","state":"Porto","population":11685,"lat":41.03555,"lng":-8.62259},{"city":"Santa Comba Dão","state":"Viseu","population":11597,"lat":40.39856,"lng":-8.1316},{"city":"Arganil","state":"Coimbra","population":11596,"lat":40.21826,"lng":-8.05403},{"city":"Avintes","state":"Porto","population":11577,"lat":41.10711,"lng":-8.55131},{"city":"Vila Real de Santo António","state":"Faro","population":11560,"lat":37.195,"lng":-7.41766},{"city":"Almeirim","state":"Santarém","population":11557,"lat":39.20837,"lng":-8.62635},{"city":"Rebordosa","state":"Porto","population":11491,"lat":41.22405,"lng":-8.40669},{"city":"Lousã","state":"Coimbra","population":11445,"lat":40.11673,"lng":-8.24921},{"city":"Esmoriz","state":"Aveiro","population":11393,"lat":40.95773,"lng":-8.62753},{"city":"Calendário","state":"Braga","population":11357,"lat":41.40361,"lng":-8.52967},{"city":"Moreira","state":"Porto","population":11336,"lat":41.056,"lng":-8.38939},{"city":"Almancil","state":"Faro","population":11291,"lat":37.08686,"lng":-8.03074},{"city":"Vendas Novas","state":"Évora","population":11248,"lat":38.67706,"lng":-8.45792},{"city":"Santo André","state":"Portalegre","population":11213,"lat":39.05532,"lng":-8.24414},{"city":"Óbidos","state":"Leiria","population":11187,"lat":39.36055,"lng":-9.1567},{"city":"São Brás de Alportel","state":"Faro","population":11153,"lat":37.1531,"lng":-7.88751},{"city":"Sobreda","state":"Setúbal","population":11146,"lat":38.64961,"lng":-9.18977},{"city":"Santo António da Charneca","state":"Setúbal","population":11143,"lat":38.62561,"lng":-9.03043},{"city":"Cucujães","state":"Aveiro","population":11087,"lat":40.87413,"lng":-8.50687},{"city":"Ponte de Sôr","state":"Portalegre","population":11062,"lat":39.24964,"lng":-8.01009},{"city":"Senhora do Porto","state":"Porto","population":11000,"lat":41.16667,"lng":-8.63333},{"city":"Foz do Douro","state":"Porto","population":10997,"lat":41.15119,"lng":-8.67125},{"city":"Caneças","state":"Lisbon","population":10978,"lat":38.81321,"lng":-9.22679},{"city":"Anta","state":"Porto","population":10951,"lat":41.26634,"lng":-8.62844},{"city":"Lamego","state":"Viseu","population":10928,"lat":41.09741,"lng":-7.80991},{"city":"Silves","state":"Faro","population":10917,"lat":37.18921,"lng":-8.43822},{"city":"Grijó","state":"Porto","population":10907,"lat":41.02836,"lng":-8.58017},{"city":"Vale da Amoreira","state":"Portalegre","population":10828,"lat":39.06969,"lng":-7.69849},{"city":"Grândola","state":"Setúbal","population":10737,"lat":38.17718,"lng":-8.56675},{"city":"Unhos","state":"Lisbon","population":10712,"lat":38.81958,"lng":-9.12007},{"city":"Gulpilhares","state":"Porto","population":10660,"lat":41.08292,"lng":-8.62679},{"city":"Margaride","state":"Porto","population":10652,"lat":41.36478,"lng":-8.19999},{"city":"Santo André","state":"Setúbal","population":10601,"lat":38.06078,"lng":-8.7822},{"city":"Madalena","state":"Porto","population":10551,"lat":41.10166,"lng":-8.64761},{"city":"Charneca","state":"Lisbon","population":10509,"lat":38.78351,"lng":-9.14348},{"city":"Cartaxo","state":"Santarém","population":10502,"lat":39.16022,"lng":-8.78741},{"city":"Aver-o-Mar","state":"Porto","population":10501,"lat":41.40607,"lng":-8.77958},{"city":"São João das Lampas","state":"Lisbon","population":10484,"lat":38.87376,"lng":-9.39842},{"city":"Carregado","state":"Lisbon","population":10474,"lat":39.02362,"lng":-8.97692},{"city":"Melres","state":"Porto","population":10328,"lat":41.06989,"lng":-8.40091},{"city":"Caldas de Vizela","state":"Braga","population":10239,"lat":41.38212,"lng":-8.3089},{"city":"Selho","state":"Braga","population":10223,"lat":41.41938,"lng":-8.34599},{"city":"Moimenta da Beira","state":"Viseu","population":10212,"lat":40.98383,"lng":-7.61765},{"city":"Carvoeiro","state":"Faro","population":10141,"lat":37.09736,"lng":-8.46846},{"city":"Sardão","state":"Porto","population":10092,"lat":41.11838,"lng":-8.58765},{"city":"Aradas","state":"Aveiro","population":10087,"lat":40.62084,"lng":-8.64195},{"city":"Lordelo","state":"Porto","population":10035,"lat":41.23451,"lng":-8.40297},{"city":"Venda do Pinheiro","state":"Lisbon","population":10000,"lat":38.92365,"lng":-9.23178},{"city":"Meadela","state":"Viana do Castelo","population":9981,"lat":41.70654,"lng":-8.79628},{"city":"Elvas","state":"Portalegre","population":9904,"lat":38.8815,"lng":-7.16282},{"city":"Maceira","state":"Leiria","population":9831,"lat":39.68853,"lng":-8.89423},{"city":"Ameal","state":"Porto","population":9763,"lat":41.16667,"lng":-8.6},{"city":"Fundão","state":"Castelo Branco","population":9725,"lat":40.14025,"lng":-7.50135},{"city":"Alcochete","state":"Setúbal","population":9705,"lat":38.75534,"lng":-8.96086},{"city":"Francos","state":"Porto","population":9689,"lat":41.1676,"lng":-8.63767},{"city":"Bairro Alto","state":"Lisbon","population":9658,"lat":38.7119,"lng":-9.14411},{"city":"Principe Real","state":"Lisbon","population":9658,"lat":38.71837,"lng":-9.1525},{"city":"Malveira","state":"Lisbon","population":9647,"lat":38.93213,"lng":-9.25779},{"city":"Santa Clara","state":"Coimbra","population":9637,"lat":40.19985,"lng":-8.44018},{"city":"Lavra","state":"Porto","population":9633,"lat":41.25935,"lng":-8.71849},{"city":"Alenquer","state":"Lisbon","population":9626,"lat":39.05315,"lng":-9.00928},{"city":"Lourosa","state":"Aveiro","population":9619,"lat":40.9842,"lng":-8.55142},{"city":"Madalena","state":"Porto","population":9618,"lat":41.21616,"lng":-8.33451},{"city":"São João de Ver","state":"Aveiro","population":9568,"lat":40.95527,"lng":-8.55117},{"city":"Rio de Loba","state":"Viseu","population":9529,"lat":40.66596,"lng":-7.87781},{"city":"Vila Nova de Famalicão","state":"Braga","population":9496,"lat":41.40797,"lng":-8.51978},{"city":"Famões","state":"Lisbon","population":9435,"lat":38.78804,"lng":-9.21033},{"city":"Anjos","state":"Lisbon","population":9361,"lat":38.7264,"lng":-9.13528},{"city":"Moura","state":"Beja","population":9360,"lat":38.1401,"lng":-7.44856},{"city":"Estremoz","state":"Évora","population":9350,"lat":38.84432,"lng":-7.58585},{"city":"Abraveses","state":"Viseu","population":9319,"lat":40.68137,"lng":-7.92102},{"city":"Fuzeta","state":"Faro","population":9267,"lat":37.05429,"lng":-7.74699},{"city":"Valadares","state":"Porto","population":9255,"lat":41.14737,"lng":-7.9812},{"city":"Guifões","state":"Porto","population":9231,"lat":41.19748,"lng":-8.66899},{"city":"Alcácer do Sal","state":"Setúbal","population":9198,"lat":38.37326,"lng":-8.51444},{"city":"Lourinhã","state":"Lisbon","population":9196,"lat":39.24166,"lng":-9.31254},{"city":"Gondizalves","state":"Braga","population":9148,"lat":41.54158,"lng":-8.4557},{"city":"Quinta do Anjo","state":"Setúbal","population":9124,"lat":38.56753,"lng":-8.94228},{"city":"Vinhais","state":"Bragança","population":9066,"lat":41.83509,"lng":-7.00501},{"city":"Marco de Canavezes","state":"Porto","population":9042,"lat":41.18389,"lng":-8.14864},{"city":"Caxias","state":"Lisbon","population":9007,"lat":38.70314,"lng":-9.27666},{"city":"Mem Martins","state":"Lisbon","population":9000,"lat":38.79443,"lng":-9.34284},{"city":"Campo Pequeno","state":"Lisbon","population":9000,"lat":38.74299,"lng":-9.14421},{"city":"Nazaré","state":"Leiria","population":8993,"lat":39.60289,"lng":-9.06836},{"city":"Benavente","state":"Santarém","population":8932,"lat":38.97919,"lng":-8.80759},{"city":"Campo","state":"Porto","population":8916,"lat":41.18516,"lng":-8.46493},{"city":"Mangualde","state":"Viseu","population":8895,"lat":40.60425,"lng":-7.76115},{"city":"Queijas","state":"Lisbon","population":8828,"lat":38.71925,"lng":-9.26255},{"city":"Tondela","state":"Viseu","population":8800,"lat":40.51682,"lng":-8.08087},{"city":"Coruche","state":"Santarém","population":8776,"lat":38.95955,"lng":-8.52524},{"city":"Argoncilhe","state":"Aveiro","population":8743,"lat":41.02541,"lng":-8.53885},{"city":"Ribeirão","state":"Braga","population":8735,"lat":41.36081,"lng":-8.56774},{"city":"Fiães","state":"Aveiro","population":8708,"lat":40.99446,"lng":-8.52537},{"city":"Coronado","state":"Porto","population":8697,"lat":41.28544,"lng":-8.5632},{"city":"Estômbar","state":"Faro","population":8590,"lat":37.14629,"lng":-8.48505},{"city":"Tavarede","state":"Coimbra","population":8586,"lat":40.16692,"lng":-8.84568},{"city":"Torre de Moncorvo","state":"Bragança","population":8572,"lat":41.17454,"lng":-7.05364},{"city":"Benedita","state":"Leiria","population":8556,"lat":39.4247,"lng":-8.96996},{"city":"Moncarapacho","state":"Faro","population":8545,"lat":37.0836,"lng":-7.78763},{"city":"Santa Maria de Belém","state":"Lisbon","population":8541,"lat":38.7,"lng":-9.2},{"city":"Aves","state":"Porto","population":8507,"lat":41.37034,"lng":-8.4101},{"city":"Alpendurada","state":"Porto","population":8485,"lat":41.08944,"lng":-8.24643},{"city":"Soure","state":"Coimbra","population":8416,"lat":40.05989,"lng":-8.62605},{"city":"Bobadela","state":"Lisbon","population":8399,"lat":38.80774,"lng":-9.09925},{"city":"São Bartolomeu de Messines","state":"Faro","population":8381,"lat":37.25648,"lng":-8.28672},{"city":"Silva Escura","state":"Porto","population":8380,"lat":41.25822,"lng":-8.58081},{"city":"Estói","state":"Faro","population":8331,"lat":37.09503,"lng":-7.89445},{"city":"Castelões de Cepeda","state":"Porto","population":8322,"lat":41.20265,"lng":-8.33516},{"city":"Vila Viçosa","state":"Évora","population":8319,"lat":38.7777,"lng":-7.41793},{"city":"Atouguia da Baleia","state":"Leiria","population":8313,"lat":39.33814,"lng":-9.3263},{"city":"Murtosa","state":"Aveiro","population":8282,"lat":40.73695,"lng":-8.6377},{"city":"Almargem","state":"Lisbon","population":8271,"lat":38.84485,"lng":-9.27315},{"city":"Campo Maior","state":"Portalegre","population":8235,"lat":39.01774,"lng":-7.06497},{"city":"Beduido","state":"Aveiro","population":8201,"lat":40.76427,"lng":-8.5611},{"city":"Prazeres","state":"Lisbon","population":8096,"lat":38.7083,"lng":-9.16833},{"city":"Darque","state":"Viana do Castelo","population":8092,"lat":41.68333,"lng":-8.76667},{"city":"Penafiel","state":"Porto","population":8065,"lat":41.20835,"lng":-8.28285},{"city":"Sol Posto","state":"Aveiro","population":8026,"lat":40.63339,"lng":-8.61794},{"city":"Quinta do Gato","state":"Aveiro","population":8026,"lat":40.62988,"lng":-8.62125},{"city":"Serzedo","state":"Braga","population":8000,"lat":41.40502,"lng":-8.22926},{"city":"Freamunde","state":"Porto","population":7983,"lat":41.28835,"lng":-8.33533},{"city":"Albergaria-a-Velha","state":"Aveiro","population":7974,"lat":40.69318,"lng":-8.47994},{"city":"Chelas","state":"Lisbon","population":7960,"lat":38.74116,"lng":-9.12014},{"city":"Alpiarça","state":"Santarém","population":7946,"lat":39.25712,"lng":-8.58187},{"city":"Batalha","state":"Leiria","population":7910,"lat":39.66025,"lng":-8.82475},{"city":"Colares","state":"Lisbon","population":7905,"lat":38.79921,"lng":-9.44691},{"city":"Serzedo","state":"Porto","population":7891,"lat":41.05105,"lng":-8.61605},{"city":"São João da Pesqueira","state":"Viseu","population":7874,"lat":41.14805,"lng":-7.40489},{"city":"Ferreiros","state":"Braga","population":7870,"lat":41.35,"lng":-8.55},{"city":"Joane","state":"Braga","population":7869,"lat":41.43906,"lng":-8.40846},{"city":"Buarcos","state":"Coimbra","population":7865,"lat":40.16604,"lng":-8.8768},{"city":"Miranda do Corvo","state":"Coimbra","population":7857,"lat":40.09318,"lng":-8.33261},{"city":"Santiago do Cacém","state":"Setúbal","population":7797,"lat":38.01693,"lng":-8.69475},{"city":"Sande","state":"Braga","population":7789,"lat":41.7019,"lng":-8.39246},{"city":"Pragal","state":"Setúbal","population":7701,"lat":38.67459,"lng":-9.16981},{"city":"Mira","state":"Coimbra","population":7682,"lat":40.42892,"lng":-8.73746},{"city":"Castanheira do Ribatejo","state":"Lisbon","population":7651,"lat":38.99298,"lng":-8.97346},{"city":"Vale de Cambra","state":"Aveiro","population":7649,"lat":40.8497,"lng":-8.39389},{"city":"Ericeira","state":"Lisbon","population":7538,"lat":38.96275,"lng":-9.41563},{"city":"Bonjoia","state":"Porto","population":7509,"lat":41.15,"lng":-8.58333},{"city":"Mondim de Basto","state":"Vila Real","population":7493,"lat":41.41157,"lng":-7.95441},{"city":"Miranda do Douro","state":"Bragança","population":7482,"lat":41.49692,"lng":-6.27308},{"city":"Nisa","state":"Portalegre","population":7450,"lat":39.51499,"lng":-7.64908},{"city":"Almodôvar","state":"Beja","population":7449,"lat":37.51279,"lng":-8.06008},{"city":"Cantanhede","state":"Coimbra","population":7347,"lat":40.34671,"lng":-8.59419},{"city":"Vila Nova da Barquinha","state":"Santarém","population":7322,"lat":39.46081,"lng":-8.43588},{"city":"Vila Nova de Foz Côa","state":"Guarda","population":7312,"lat":41.08194,"lng":-7.14146},{"city":"Apúlia e Fão","state":"Braga","population":7301,"lat":41.51194,"lng":-8.77288},{"city":"Restelo","state":"Lisbon","population":7287,"lat":38.69955,"lng":-9.21406},{"city":"Mértola","state":"Beja","population":7274,"lat":37.64304,"lng":-7.6611},{"city":"Ferreiras","state":"Faro","population":7267,"lat":37.12926,"lng":-8.23759},{"city":"Mozelos","state":"Viana do Castelo","population":7230,"lat":41.86774,"lng":-8.39776},{"city":"Alhandra","state":"Lisbon","population":7226,"lat":38.92732,"lng":-9.00864},{"city":"Reguengos de Monsaraz","state":"Évora","population":7217,"lat":38.42529,"lng":-7.53494},{"city":"Silvalde","state":"Aveiro","population":7188,"lat":40.99205,"lng":-8.62567},{"city":"Apelação","state":"Lisbon","population":7182,"lat":38.81387,"lng":-9.13225},{"city":"Oiã","state":"Aveiro","population":7118,"lat":40.54264,"lng":-8.53856},{"city":"Seia","state":"Guarda","population":7082,"lat":40.4151,"lng":-7.70859},{"city":"Jovim","state":"Porto","population":7067,"lat":41.11102,"lng":-8.51903},{"city":"Ponte","state":"Braga","population":7041,"lat":41.47057,"lng":-8.3299},{"city":"Válega","state":"Aveiro","population":7005,"lat":40.83629,"lng":-8.58061},{"city":"Silveira","state":"Lisbon","population":6942,"lat":39.1112,"lng":-9.3643},{"city":"Arrifana","state":"Aveiro","population":6927,"lat":40.91565,"lng":-8.49657},{"city":"Pinheiro Manso","state":"Porto","population":6900,"lat":41.1619,"lng":-8.65188},{"city":"Ramalde do Meio","state":"Porto","population":6839,"lat":41.17597,"lng":-8.64043},{"city":"Tunes","state":"Faro","population":6837,"lat":37.16592,"lng":-8.25919},{"city":"Cacia","state":"Aveiro","population":6830,"lat":40.68435,"lng":-8.59755},{"city":"Arcos","state":"Braga","population":6805,"lat":41.52185,"lng":-8.42151},{"city":"Massarelos","state":"Porto","population":6789,"lat":41.14819,"lng":-8.63271},{"city":"Paços de Ferreira","state":"Porto","population":6782,"lat":41.27657,"lng":-8.37617},{"city":"Amarante","state":"Porto","population":6782,"lat":41.27271,"lng":-8.08245},{"city":"São João","state":"Aveiro","population":6762,"lat":40.86802,"lng":-8.60672},{"city":"Gualtar","state":"Braga","population":6761,"lat":41.56502,"lng":-8.38549},{"city":"Arcos","state":"Aveiro","population":6725,"lat":40.44779,"lng":-8.44171},{"city":"Sobrado","state":"Porto","population":6703,"lat":41.21041,"lng":-8.45488},{"city":"Aveleda","state":"Braga","population":6671,"lat":41.52113,"lng":-8.46682},{"city":"Negrelos","state":"Porto","population":6664,"lat":41.34946,"lng":-8.40145},{"city":"Fazendas de Almeirim","state":"Santarém","population":6635,"lat":39.17553,"lng":-8.56927},{"city":"A dos Cunhados","state":"Lisbon","population":6594,"lat":39.15237,"lng":-9.2972},{"city":"Serpa","state":"Beja","population":6586,"lat":37.94581,"lng":-7.59754},{"city":"Macedo de Cavaleiros","state":"Bragança","population":6566,"lat":41.53816,"lng":-6.9611},{"city":"Avanca","state":"Aveiro","population":6540,"lat":40.80771,"lng":-8.5722},{"city":"Pereiro","state":"Porto","population":6501,"lat":41.17376,"lng":-8.65476},{"city":"São Romão","state":"Guarda","population":6500,"lat":40.40118,"lng":-7.71464},{"city":"Prior Velho","state":"Lisbon","population":6500,"lat":38.79174,"lng":-9.12119},{"city":"Cacilhas","state":"Setúbal","population":6494,"lat":38.68638,"lng":-9.14938},{"city":"Sandim","state":"Porto","population":6449,"lat":41.03508,"lng":-8.507},{"city":"Carrazeda de Anciães","state":"Bragança","population":6373,"lat":41.24247,"lng":-7.30721},{"city":"São Sebastião da Pedreira","state":"Lisbon","population":6362,"lat":38.7344,"lng":-9.15389},{"city":"Sabrosa","state":"Vila Real","population":6361,"lat":41.26702,"lng":-7.57601},{"city":"Tabuaço","state":"Viseu","population":6350,"lat":41.11615,"lng":-7.56793},{"city":"Foz do Sousa","state":"Porto","population":6315,"lat":41.09668,"lng":-8.50184},{"city":"Lagoa","state":"Faro","population":6301,"lat":37.13535,"lng":-8.45319},{"city":"Pedras Rubras","state":"Porto","population":6300,"lat":41.24356,"lng":-8.66726},{"city":"Perozinho","state":"Porto","population":6259,"lat":41.06513,"lng":-8.58531},{"city":"Oliveira do Bairro","state":"Aveiro","population":6239,"lat":40.5146,"lng":-8.49386},{"city":"Santa Cruz do Bispo","state":"Porto","population":6230,"lat":41.21462,"lng":-8.67406},{"city":"Oliveira","state":"Braga","population":6222,"lat":41.47819,"lng":-8.46965},{"city":"Eirol","state":"Aveiro","population":6190,"lat":40.61075,"lng":-8.53687},{"city":"Arruda dos Vinhos","state":"Lisbon","population":6170,"lat":38.98411,"lng":-9.07746},{"city":"Aljubarrota","state":"Leiria","population":6146,"lat":39.56715,"lng":-8.92925},{"city":"Noeda","state":"Porto","population":6100,"lat":41.15,"lng":-8.58333},{"city":"Vila Cova","state":"Porto","population":6081,"lat":41.32412,"lng":-8.15709},{"city":"Marinhas","state":"Braga","population":6052,"lat":41.55906,"lng":-8.78297},{"city":"Lobão","state":"Aveiro","population":6049,"lat":40.98664,"lng":-8.48566},{"city":"Gandra","state":"Porto","population":6034,"lat":41.20116,"lng":-8.43376},{"city":"Porto de Mós","state":"Leiria","population":6032,"lat":39.60191,"lng":-8.81839},{"city":"Vila Nova da Telha","state":"Porto","population":6004,"lat":41.25677,"lng":-8.66587},{"city":"Armação de Pêra","state":"Faro","population":6003,"lat":37.10256,"lng":-8.35695},{"city":"Fontanelas","state":"Lisbon","population":6001,"lat":38.84806,"lng":-9.43942},{"city":"Cova da Moura","state":"Lisbon","population":6000,"lat":39.05609,"lng":-9.34787},{"city":"Vila da Lixa","state":"Porto","population":6000,"lat":41.3228,"lng":-8.14735},{"city":"Eixo","state":"Aveiro","population":5978,"lat":40.62758,"lng":-8.56922},{"city":"Olival Basto","state":"Lisbon","population":5959,"lat":38.79079,"lng":-9.16621},{"city":"Milharado","state":"Lisbon","population":5935,"lat":38.94732,"lng":-9.19914},{"city":"Vidigueira","state":"Beja","population":5932,"lat":38.20995,"lng":-7.8005},{"city":"Arazede","state":"Coimbra","population":5906,"lat":40.28627,"lng":-8.64999},{"city":"Ribeira de Pena","state":"Vila Real","population":5887,"lat":41.52147,"lng":-7.80237},{"city":"Aljezur","state":"Faro","population":5884,"lat":37.31745,"lng":-8.80147},{"city":"Bombarral","state":"Leiria","population":5852,"lat":39.26723,"lng":-9.15795},{"city":"Vila Nova da Telha","state":"Porto","population":5848,"lat":41.0717,"lng":-8.64146},{"city":"Redondo","state":"Évora","population":5845,"lat":38.64872,"lng":-7.54708},{"city":"Odemira","state":"Beja","population":5830,"lat":37.59798,"lng":-8.63972},{"city":"Vieira de Leiria","state":"Leiria","population":5807,"lat":39.86945,"lng":-8.93238},{"city":"Marinhais","state":"Santarém","population":5788,"lat":39.0473,"lng":-8.70236},{"city":"Monte Real","state":"Leiria","population":5756,"lat":39.8521,"lng":-8.86349},{"city":"Boticas","state":"Vila Real","population":5750,"lat":41.68939,"lng":-7.66914},{"city":"Caldelas","state":"Braga","population":5724,"lat":41.67101,"lng":-8.38148},{"city":"Taipas","state":"Braga","population":5723,"lat":41.48465,"lng":-8.3485},{"city":"Oleiros","state":"Castelo Branco","population":5721,"lat":39.91893,"lng":-7.9137},{"city":"Vila do Bispo","state":"Faro","population":5717,"lat":37.08317,"lng":-8.91144},{"city":"Olival","state":"Porto","population":5715,"lat":41.05024,"lng":-8.54416},{"city":"Palmeira","state":"Braga","population":5700,"lat":41.5909,"lng":-8.42754},{"city":"Bairro do Loreto","state":"Coimbra","population":5699,"lat":40.23333,"lng":-8.45},{"city":"Sernancelhe","state":"Viseu","population":5671,"lat":40.89871,"lng":-7.49342},{"city":"Sertã","state":"Castelo Branco","population":5636,"lat":39.80205,"lng":-8.09589},{"city":"Branca","state":"Aveiro","population":5632,"lat":40.76653,"lng":-8.48262},{"city":"Lamas","state":"Aveiro","population":5628,"lat":40.98597,"lng":-8.56923},{"city":"Moreira de Conegos","state":"Braga","population":5607,"lat":41.3868,"lng":-8.3394},{"city":"Trafaria","state":"Setúbal","population":5603,"lat":38.67222,"lng":-9.23268},{"city":"Carregal do Sal","state":"Viseu","population":5600,"lat":40.43333,"lng":-8.0},{"city":"São Roque","state":"Aveiro","population":5575,"lat":40.87216,"lng":-8.47149},{"city":"Barrosas","state":"Porto","population":5573,"lat":41.35534,"lng":-8.29943},{"city":"Vilela","state":"Vila Real","population":5540,"lat":41.22511,"lng":-7.60338},{"city":"Poiares","state":"Coimbra","population":5514,"lat":40.21026,"lng":-8.25746},{"city":"Santa Maria de Avioso","state":"Porto","population":5513,"lat":41.2679,"lng":-8.60586},{"city":"Pataias","state":"Leiria","population":5510,"lat":39.66978,"lng":-8.9958},{"city":"Bairro Silva Braga","state":"Porto","population":5500,"lat":41.17494,"lng":-8.62681},{"city":"São Pedro do Sul","state":"Viseu","population":5497,"lat":40.75537,"lng":-8.07265},{"city":"Nogueira","state":"Porto","population":5473,"lat":41.24246,"lng":-8.58685},{"city":"Aguiar da Beira","state":"Guarda","population":5473,"lat":40.81726,"lng":-7.54431},{"city":"Riachos","state":"Santarém","population":5463,"lat":39.44472,"lng":-8.5142},{"city":"Urgeses","state":"Braga","population":5457,"lat":41.4272,"lng":-8.29796},{"city":"Monchique","state":"Faro","population":5421,"lat":37.31775,"lng":-8.55529},{"city":"São Mamede","state":"Lisbon","population":5420,"lat":38.7125,"lng":-9.14306},{"city":"São Miguel do Couto","state":"Porto","population":5416,"lat":41.33167,"lng":-8.46185},{"city":"Galegos","state":"Braga","population":5404,"lat":41.56268,"lng":-8.57204},{"city":"Intendente","state":"Lisbon","population":5392,"lat":38.72212,"lng":-9.13539},{"city":"Merelim","state":"Braga","population":5363,"lat":41.58568,"lng":-8.46555},{"city":"Miramar","state":"Porto","population":5360,"lat":41.06775,"lng":-8.65045},{"city":"Macieira de Cambra","state":"Aveiro","population":5348,"lat":40.85939,"lng":-8.37338},{"city":"Aljustrel","state":"Beja","population":5334,"lat":37.87759,"lng":-8.16516},{"city":"Nogueira da Regedoura","state":"Aveiro","population":5328,"lat":41.0053,"lng":-8.59195},{"city":"Cabo Ruivo","state":"Lisbon","population":5302,"lat":38.75604,"lng":-9.09671},{"city":"Assafarge","state":"Coimbra","population":5302,"lat":40.15895,"lng":-8.43167},{"city":"Vidago","state":"Vila Real","population":5300,"lat":41.64013,"lng":-7.57175},{"city":"Gemunde","state":"Porto","population":5284,"lat":41.26766,"lng":-8.64515},{"city":"Marco da Oliveirinha","state":"Aveiro","population":5273,"lat":40.6146,"lng":-8.61944},{"city":"Barro","state":"Aveiro","population":5273,"lat":40.62458,"lng":-8.62284},{"city":"Alvor","state":"Faro","population":5272,"lat":37.12994,"lng":-8.59174},{"city":"Caranguejeira","state":"Leiria","population":5248,"lat":39.74619,"lng":-8.7074},{"city":"Ventosa","state":"Lisbon","population":5215,"lat":39.12696,"lng":-9.08423},{"city":"Mêda","state":"Guarda","population":5202,"lat":40.96635,"lng":-7.26163},{"city":"Bela Vista","state":"Porto","population":5198,"lat":41.16045,"lng":-8.58521},{"city":"Árvore","state":"Porto","population":5196,"lat":41.33922,"lng":-8.71806},{"city":"Vila Nova de Paiva","state":"Viseu","population":5176,"lat":40.85291,"lng":-7.72791},{"city":"Salvaterra de Magos","state":"Santarém","population":5165,"lat":39.02788,"lng":-8.7935},{"city":"Quinta de Santo António","state":"Setúbal","population":5154,"lat":38.65314,"lng":-9.23542},{"city":"Cruz","state":"Porto","population":5123,"lat":41.16667,"lng":-8.58333},{"city":"Antanhol","state":"Coimbra","population":5108,"lat":40.16837,"lng":-8.46334},{"city":"Castro Marim","state":"Faro","population":5089,"lat":37.22068,"lng":-7.4435},{"city":"Louriçal","state":"Leiria","population":5085,"lat":40.0039,"lng":-8.73736},{"city":"Valongo","state":"Aveiro","population":5085,"lat":40.61667,"lng":-8.45},{"city":"Brito","state":"Braga","population":5051,"lat":41.45821,"lng":-8.36103},{"city":"Peso da Régua","state":"Vila Real","population":5048,"lat":41.16318,"lng":-7.78901},{"city":"Refojos de Basto","state":"Braga","population":5037,"lat":41.51318,"lng":-7.99517},{"city":"Angeiras","state":"Porto","population":5034,"lat":41.26713,"lng":-8.71081},{"city":"Alcanede","state":"Santarém","population":5020,"lat":39.41501,"lng":-8.82189},{"city":"Parchal","state":"Faro","population":5019,"lat":37.13827,"lng":-8.51703},{"city":"Nevogilde","state":"Porto","population":5018,"lat":41.16515,"lng":-8.67917},{"city":"Póvoa de Lanhoso","state":"Braga","population":5008,"lat":41.57599,"lng":-8.27008},{"city":"Azinhaga","state":"Lisbon","population":5001,"lat":39.05,"lng":-9.35},{"city":"Paços","state":"Porto","population":5001,"lat":41.16207,"lng":-8.67053},{"city":"Nine","state":"Braga","population":5001,"lat":41.45883,"lng":-8.54598},{"city":"Vila Meã","state":"Porto","population":5000,"lat":41.25116,"lng":-8.18397},{"city":"Vila Praia de Âncora","state":"Viana do Castelo","population":4987,"lat":41.81098,"lng":-8.85255},{"city":"Alcantarilha","state":"Faro","population":4972,"lat":37.13044,"lng":-8.34623},{"city":"Oliveirinha","state":"Aveiro","population":4971,"lat":40.60715,"lng":-8.59198},{"city":"São Teotónio","state":"Beja","population":4936,"lat":37.51282,"lng":-8.70708},{"city":"Baltar","state":"Porto","population":4929,"lat":41.19272,"lng":-8.38768},{"city":"Souto","state":"Aveiro","population":4922,"lat":40.98496,"lng":-8.62185},{"city":"Godim","state":"Vila Real","population":4919,"lat":41.17104,"lng":-7.80303},{"city":"Gafanha da Encarnação","state":"Aveiro","population":4914,"lat":40.61806,"lng":-8.73303},{"city":"Ronfe","state":"Braga","population":4888,"lat":41.44146,"lng":-8.38412},{"city":"São Miguel de Rio Torto","state":"Santarém","population":4881,"lat":39.43333,"lng":-8.21667},{"city":"Cuba","state":"Beja","population":4878,"lat":38.16544,"lng":-7.8924},{"city":"Amor","state":"Leiria","population":4870,"lat":39.80404,"lng":-8.85984},{"city":"Castro Verde","state":"Beja","population":4857,"lat":37.69828,"lng":-8.08581},{"city":"Recarei","state":"Porto","population":4856,"lat":41.15356,"lng":-8.41178},{"city":"Arões","state":"Braga","population":4855,"lat":41.45553,"lng":-8.21419},{"city":"Rio Meão","state":"Aveiro","population":4802,"lat":40.95775,"lng":-8.57818},{"city":"Pero Pinheiro","state":"Lisbon","population":4792,"lat":38.85783,"lng":-9.32352},{"city":"São João dos Montes","state":"Lisbon","population":4772,"lat":38.93944,"lng":-9.01892},{"city":"Alto da Maia","state":"Porto","population":4762,"lat":41.2106,"lng":-8.56561},{"city":"Castro Daire","state":"Viseu","population":4744,"lat":40.8984,"lng":-7.93381},{"city":"Oliveira do Hospital","state":"Coimbra","population":4704,"lat":40.3618,"lng":-7.86014},{"city":"Teixoso","state":"Castelo Branco","population":4703,"lat":40.31448,"lng":-7.45759},{"city":"Terrugem","state":"Lisbon","population":4693,"lat":38.70647,"lng":-9.28693},{"city":"Ferreira do Alentejo","state":"Beja","population":4689,"lat":38.05972,"lng":-8.11408},{"city":"Lustosa","state":"Porto","population":4686,"lat":41.34081,"lng":-8.31715},{"city":"Telões","state":"Porto","population":4675,"lat":41.31054,"lng":-8.11101},{"city":"Godim","state":"Porto","population":4667,"lat":41.15452,"lng":-8.58892},{"city":"Paços de Brandão","state":"Aveiro","population":4637,"lat":40.97541,"lng":-8.5835},{"city":"Areosa","state":"Viana do Castelo","population":4626,"lat":41.71779,"lng":-8.85707},{"city":"Alcains","state":"Castelo Branco","population":4616,"lat":39.91642,"lng":-7.45655},{"city":"Aveiras de Cima","state":"Lisbon","population":4615,"lat":39.13796,"lng":-8.89932},{"city":"Bucelas","state":"Lisbon","population":4614,"lat":38.90193,"lng":-9.11885},{"city":"Proença-a-Nova","state":"Castelo Branco","population":4590,"lat":39.7522,"lng":-7.9239},{"city":"Borba","state":"Évora","population":4586,"lat":38.80553,"lng":-7.45465},{"city":"Figueiró","state":"Porto","population":4579,"lat":41.29922,"lng":-8.16779},{"city":"Valpaços","state":"Vila Real","population":4573,"lat":41.60746,"lng":-7.31088},{"city":"Avis","state":"Portalegre","population":4571,"lat":39.05391,"lng":-7.89156},{"city":"Lordelo","state":"Braga","population":4560,"lat":41.37411,"lng":-8.38016},{"city":"Campo","state":"Viseu","population":4551,"lat":40.71086,"lng":-7.91445},{"city":"Vagos","state":"Aveiro","population":4529,"lat":40.556,"lng":-8.68175},{"city":"Aguçadoura","state":"Porto","population":4521,"lat":41.43116,"lng":-8.77844},{"city":"Prado","state":"Braga","population":4518,"lat":41.60246,"lng":-8.46297},{"city":"Sangalhos","state":"Aveiro","population":4516,"lat":40.48678,"lng":-8.46968},{"city":"Pampilhosa","state":"Aveiro","population":4512,"lat":40.3358,"lng":-8.42738},{"city":"Carvalhosa","state":"Porto","population":4502,"lat":41.30057,"lng":-8.3608},{"city":"Boliqueime","state":"Faro","population":4470,"lat":37.13718,"lng":-8.1582},{"city":"Monte Redondo","state":"Leiria","population":4463,"lat":39.8993,"lng":-8.83171},{"city":"Sobralinho","state":"Lisbon","population":4453,"lat":38.91703,"lng":-9.02656},{"city":"São Pedro da Cadeira","state":"Lisbon","population":4452,"lat":39.06983,"lng":-9.37174},{"city":"Mealhada","state":"Aveiro","population":4443,"lat":40.37806,"lng":-8.44991},{"city":"Pontével","state":"Santarém","population":4435,"lat":39.14945,"lng":-8.8388},{"city":"Turquel","state":"Leiria","population":4434,"lat":39.46411,"lng":-8.97743},{"city":"Azueira","state":"Lisbon","population":4434,"lat":39.00698,"lng":-9.28875},{"city":"Mesão Frio","state":"Vila Real","population":4433,"lat":41.1598,"lng":-7.88954},{"city":"Meinedo","state":"Porto","population":4416,"lat":41.24827,"lng":-8.25807},{"city":"Alcanena","state":"Santarém","population":4408,"lat":39.459,"lng":-8.66892},{"city":"Santa Catarina da Serra","state":"Leiria","population":4405,"lat":39.6796,"lng":-8.68679},{"city":"Apúlia","state":"Braga","population":4394,"lat":41.48512,"lng":-8.76413},{"city":"Vila Nova de Milfontes","state":"Beja","population":4393,"lat":37.72377,"lng":-8.78278},{"city":"Vila Verde","state":"Braga","population":4389,"lat":41.64729,"lng":-8.43715},{"city":"Aguada de Cima","state":"Aveiro","population":4388,"lat":40.52291,"lng":-8.427},{"city":"Ponte da Barca","state":"Viana do Castelo","population":4372,"lat":41.80451,"lng":-8.41554},{"city":"Milheirós","state":"Porto","population":4342,"lat":41.21478,"lng":-8.58837},{"city":"Milheirós de Poiares","state":"Aveiro","population":4339,"lat":40.92163,"lng":-8.46788},{"city":"Frazão","state":"Porto","population":4314,"lat":41.25866,"lng":-8.40014},{"city":"Vila Chã","state":"Aveiro","population":4295,"lat":40.86667,"lng":-8.46667},{"city":"Monte Gordo","state":"Faro","population":4282,"lat":37.18192,"lng":-7.45225},{"city":"Poceirão","state":"Santarém","population":4225,"lat":38.83095,"lng":-8.79365},{"city":"Sobreira","state":"Vila Real","population":4219,"lat":41.52371,"lng":-7.80234},{"city":"Ferreira","state":"Porto","population":4205,"lat":41.26718,"lng":-8.34434},{"city":"Alvide","state":"Lisbon","population":4204,"lat":38.71497,"lng":-9.42366},{"city":"Corujeira","state":"Porto","population":4200,"lat":41.1579,"lng":-8.58255},{"city":"Nelas","state":"Viseu","population":4190,"lat":40.53216,"lng":-7.85152},{"city":"Vilarinho","state":"Porto","population":4177,"lat":41.35955,"lng":-8.33123},{"city":"Guia","state":"Faro","population":4173,"lat":37.12959,"lng":-8.29963},{"city":"Pardilhó","state":"Aveiro","population":4169,"lat":40.79925,"lng":-8.62598},{"city":"Lavos","state":"Coimbra","population":4164,"lat":40.09363,"lng":-8.82826},{"city":"Lorvão","state":"Coimbra","population":4158,"lat":40.25938,"lng":-8.31683},{"city":"Santo Antão do Tojal","state":"Lisbon","population":4156,"lat":38.85151,"lng":-9.13975},{"city":"Salreu","state":"Aveiro","population":4141,"lat":40.73971,"lng":-8.5572},{"city":"Cortegaça","state":"Aveiro","population":4139,"lat":40.94883,"lng":-8.6213},{"city":"Gavião","state":"Portalegre","population":4132,"lat":39.46443,"lng":-7.93449},{"city":"Souto da Carpalhosa","state":"Leiria","population":4130,"lat":39.84867,"lng":-8.83506},{"city":"Santa Bárbara de Nexe","state":"Faro","population":4087,"lat":37.10619,"lng":-7.96648},{"city":"Vizela","state":"Porto","population":4066,"lat":41.38242,"lng":-8.24887},{"city":"Aldeia Nova","state":"Beja","population":4040,"lat":37.92603,"lng":-7.40804},{"city":"Seroa","state":"Porto","population":4040,"lat":41.26511,"lng":-8.42892},{"city":"Sátão","state":"Viseu","population":4034,"lat":40.74177,"lng":-7.73285},{"city":"Mexilhoeira Grande","state":"Faro","population":4029,"lat":37.15858,"lng":-8.61487},{"city":"Serzedelo","state":"Braga","population":4020,"lat":41.40128,"lng":-8.36888},{"city":"Vila Frescainha","state":"Braga","population":4018,"lat":41.53846,"lng":-8.63971},{"city":"Santos-o-Velho","state":"Lisbon","population":4013,"lat":38.7069,"lng":-9.15611},{"city":"Tocha","state":"Coimbra","population":3992,"lat":40.31308,"lng":-8.75339},{"city":"Sardoal","state":"Santarém","population":3939,"lat":39.53449,"lng":-8.16119},{"city":"Mogadouro","state":"Bragança","population":3936,"lat":41.34034,"lng":-6.71187},{"city":"Alcoentre","state":"Lisbon","population":3923,"lat":39.20857,"lng":-8.95953},{"city":"Pedrógão Grande","state":"Leiria","population":3915,"lat":39.91835,"lng":-8.1459},{"city":"Vila Nova De Cacela","state":"Faro","population":3902,"lat":37.17391,"lng":-7.53169},{"city":"Manteigas","state":"Guarda","population":3900,"lat":40.4028,"lng":-7.53977},{"city":"Candoso","state":"Braga","population":3893,"lat":41.42768,"lng":-8.32166},{"city":"Alfeizerão","state":"Leiria","population":3854,"lat":39.49971,"lng":-9.10341},{"city":"Adaúfe","state":"Braga","population":3850,"lat":41.58732,"lng":-8.39817},{"city":"São Julião do Tojal","state":"Lisbon","population":3837,"lat":38.86032,"lng":-9.12773},{"city":"Golegã","state":"Santarém","population":3830,"lat":39.40474,"lng":-8.48625},{"city":"Tramagal","state":"Santarém","population":3821,"lat":39.45,"lng":-8.25},{"city":"Santo Isidoro","state":"Lisbon","population":3814,"lat":38.99593,"lng":-9.3994},{"city":"Castelo de Vide","state":"Portalegre","population":3780,"lat":39.41624,"lng":-7.4568},{"city":"Freixo de Espada à Cinta","state":"Bragança","population":3780,"lat":41.09033,"lng":-6.80648},{"city":"Mira","state":"Leiria","population":3775,"lat":39.54315,"lng":-8.71505},{"city":"Cercal","state":"Setúbal","population":3772,"lat":37.80129,"lng":-8.674},{"city":"Alhadas","state":"Coimbra","population":3768,"lat":40.18607,"lng":-8.79057},{"city":"Marvão","state":"Portalegre","population":3739,"lat":39.39377,"lng":-7.37663},{"city":"Frossos","state":"Braga","population":3726,"lat":41.5659,"lng":-8.45134},{"city":"Campelos","state":"Lisbon","population":3667,"lat":39.19678,"lng":-9.23519},{"city":"Alferrarede","state":"Santarém","population":3654,"lat":39.48333,"lng":-8.16667},{"city":"Luz","state":"Faro","population":3627,"lat":37.09216,"lng":-7.70433},{"city":"Senhora da Luz","state":"Faro","population":3545,"lat":37.08771,"lng":-8.72649},{"city":"Vila Velha de Ródão","state":"Castelo Branco","population":3521,"lat":39.65646,"lng":-7.6767},{"city":"Canas de Senhorim","state":"Viseu","population":3509,"lat":40.50012,"lng":-7.89874},{"city":"Mindelo","state":"Porto","population":3491,"lat":41.31527,"lng":-8.72124},{"city":"Madalena","state":"Santarém","population":3466,"lat":39.57133,"lng":-8.44635},{"city":"Vila de Rei","state":"Castelo Branco","population":3452,"lat":39.67604,"lng":-8.14577},{"city":"Santa Cruz","state":"Vila Real","population":3430,"lat":41.76007,"lng":-7.46834},{"city":"Riba de Ave","state":"Braga","population":3425,"lat":41.39648,"lng":-8.38685},{"city":"Abrigada","state":"Lisbon","population":3416,"lat":39.14416,"lng":-9.01853},{"city":"Fronteira","state":"Portalegre","population":3410,"lat":39.05629,"lng":-7.64868},{"city":"Sobral de Monte Agraço","state":"Lisbon","population":3406,"lat":39.01958,"lng":-9.15081},{"city":"Bairro do Alto da Boavista","state":"Lisbon","population":3400,"lat":38.73506,"lng":-9.20628},{"city":"Tarouca","state":"Viseu","population":3400,"lat":41.01763,"lng":-7.77547},{"city":"Rebordões","state":"Porto","population":3368,"lat":41.35509,"lng":-8.42355},{"city":"Castanheira de Pera","state":"Leiria","population":3331,"lat":40.00717,"lng":-8.21048},{"city":"Monforte","state":"Portalegre","population":3329,"lat":39.05318,"lng":-7.43689},{"city":"Paderne","state":"Faro","population":3304,"lat":37.17935,"lng":-8.2015},{"city":"Minde","state":"Santarém","population":3293,"lat":39.51631,"lng":-8.68799},{"city":"Cela","state":"Leiria","population":3264,"lat":39.54075,"lng":-9.03449},{"city":"Penacova","state":"Coimbra","population":3254,"lat":40.26884,"lng":-8.28237},{"city":"Beiriz de Baixo","state":"Porto","population":3229,"lat":41.39727,"lng":-8.72385},{"city":"Ferreiros","state":"Braga","population":3212,"lat":41.631,"lng":-8.36363},{"city":"Resende","state":"Viseu","population":3166,"lat":41.10582,"lng":-7.9665},{"city":"Arronches","state":"Portalegre","population":3165,"lat":39.12242,"lng":-7.28619},{"city":"Montemor-o-Velho","state":"Coimbra","population":3154,"lat":40.17287,"lng":-8.68616},{"city":"Samouco","state":"Setúbal","population":3143,"lat":38.72035,"lng":-9.00471},{"city":"Valado de Frades","state":"Leiria","population":3109,"lat":39.58432,"lng":-9.0229},{"city":"Bemfica","state":"Santarém","population":3067,"lat":39.14325,"lng":-8.68717},{"city":"Alvorninha","state":"Leiria","population":2987,"lat":39.38224,"lng":-9.03674},{"city":"Penedono","state":"Viseu","population":2952,"lat":40.98875,"lng":-7.39386},{"city":"Algoz","state":"Faro","population":2946,"lat":37.16301,"lng":-8.30359},{"city":"Vale de Santarém","state":"Santarém","population":2920,"lat":39.19052,"lng":-8.72735},{"city":"São Vicente do Paul","state":"Santarém","population":2917,"lat":39.34946,"lng":-8.62221},{"city":"Carapinheira","state":"Coimbra","population":2898,"lat":40.2062,"lng":-8.6481},{"city":"São Martinho do Porto","state":"Leiria","population":2868,"lat":39.51444,"lng":-9.13111},{"city":"Amorim","state":"Porto","population":2856,"lat":41.40503,"lng":-8.75046},{"city":"Vilamoura","state":"Faro","population":2819,"lat":37.08728,"lng":-8.11701},{"city":"Lever","state":"Porto","population":2794,"lat":41.06681,"lng":-8.47575},{"city":"Seixal","state":"Setúbal","population":2776,"lat":38.64008,"lng":-9.10141},{"city":"Vila Chã de Ourique","state":"Santarém","population":2771,"lat":39.17219,"lng":-8.76658},{"city":"São Paulo","state":"Lisbon","population":2728,"lat":38.7125,"lng":-9.14306},{"city":"Rio Mau","state":"Porto","population":2681,"lat":41.40422,"lng":-8.67994},{"city":"Palhaça","state":"Aveiro","population":2664,"lat":40.52633,"lng":-8.59985},{"city":"Ferrel","state":"Leiria","population":2649,"lat":39.36398,"lng":-9.31541},{"city":"Vairão","state":"Porto","population":2643,"lat":41.3329,"lng":-8.66657},{"city":"Fanhões","state":"Lisbon","population":2639,"lat":38.88151,"lng":-9.15283},{"city":"Ançã","state":"Coimbra","population":2625,"lat":40.27161,"lng":-8.5209},{"city":"Crestuma","state":"Porto","population":2621,"lat":41.06561,"lng":-8.50049},{"city":"Alter do Chão","state":"Portalegre","population":2600,"lat":39.19741,"lng":-7.65893},{"city":"Paialvo","state":"Santarém","population":2599,"lat":39.56399,"lng":-8.46835},{"city":"Luso","state":"Aveiro","population":2593,"lat":40.38429,"lng":-8.37845},{"city":"Salir de Matos","state":"Leiria","population":2583,"lat":39.43186,"lng":-9.09479},{"city":"Gueral","state":"Braga","population":2568,"lat":41.45859,"lng":-8.62946},{"city":"Vila Cova","state":"Braga","population":2564,"lat":41.55107,"lng":-8.71645},{"city":"Alcoitão","state":"Lisbon","population":2563,"lat":38.73405,"lng":-9.39228},{"city":"Balazar","state":"Porto","population":2543,"lat":41.40435,"lng":-8.62386},{"city":"Arranhó","state":"Lisbon","population":2531,"lat":38.95378,"lng":-9.13465},{"city":"Conceição","state":"Faro","population":2519,"lat":37.14789,"lng":-7.60426},{"city":"Alvito","state":"Beja","population":2504,"lat":38.25611,"lng":-7.99158},{"city":"Minas de São Domingos","state":"Beja","population":2500,"lat":37.67322,"lng":-7.49765},{"city":"Falcão","state":"Porto","population":2500,"lat":41.16024,"lng":-8.57627},{"city":"Macieira da Maia","state":"Porto","population":2491,"lat":41.34161,"lng":-8.66516},{"city":"Alfama","state":"Lisbon","population":2471,"lat":38.7112,"lng":-9.12772},{"city":"Pego","state":"Santarém","population":2431,"lat":39.46146,"lng":-8.14955},{"city":"Rosairinho","state":"Setúbal","population":2377,"lat":38.67734,"lng":-9.00836},{"city":"Negreiros","state":"Braga","population":2364,"lat":41.43552,"lng":-8.61398},{"city":"Chavão","state":"Braga","population":2364,"lat":41.45235,"lng":-8.60194},{"city":"Gaeiras","state":"Leiria","population":2363,"lat":39.37356,"lng":-9.1287},{"city":"Mire de Tibães","state":"Braga","population":2344,"lat":41.55602,"lng":-8.47902},{"city":"Neiral","state":"Porto","population":2341,"lat":41.15,"lng":-8.58333},{"city":"Montargil","state":"Portalegre","population":2316,"lat":39.07771,"lng":-8.17044},{"city":"Estela","state":"Porto","population":2307,"lat":41.44944,"lng":-8.75166},{"city":"Azoia","state":"Lisbon","population":2276,"lat":38.77586,"lng":-9.47664},{"city":"Água Longa","state":"Porto","population":2207,"lat":41.24972,"lng":-8.49285},{"city":"Altura","state":"Faro","population":2195,"lat":37.1756,"lng":-7.50064},{"city":"Argivai","state":"Porto","population":2187,"lat":41.37744,"lng":-8.72987},{"city":"Góis","state":"Coimbra","population":2171,"lat":40.15735,"lng":-8.11007},{"city":"Lousada","state":"Porto","population":2166,"lat":41.27822,"lng":-8.27993},{"city":"Macieira de Rates","state":"Braga","population":2083,"lat":41.44092,"lng":-8.63426},{"city":"Vilar de Figos","state":"Braga","population":2066,"lat":41.47555,"lng":-8.65382},{"city":"Faria","state":"Braga","population":2066,"lat":41.48298,"lng":-8.67152},{"city":"Sarilhos Pequenos","state":"Setúbal","population":2049,"lat":38.68176,"lng":-8.98231},{"city":"Mosteirô","state":"Aveiro","population":2043,"lat":40.89843,"lng":-8.53196},{"city":"Zambujeira do Mar","state":"Beja","population":2011,"lat":37.52799,"lng":-8.78483},{"city":"Porches","state":"Faro","population":2011,"lat":37.12665,"lng":-8.40162},{"city":"Bensafrim","state":"Faro","population":2004,"lat":37.15583,"lng":-8.7352},{"city":"Vale de Figueira","state":"Santarém","population":2000,"lat":39.30569,"lng":-8.62876},{"city":"Ferragudo","state":"Faro","population":1973,"lat":37.12474,"lng":-8.51915},{"city":"Sanfins","state":"Aveiro","population":1970,"lat":40.92979,"lng":-8.52563},{"city":"Barqueiros","state":"Braga","population":1957,"lat":41.49111,"lng":-8.73192},{"city":"Pêra","state":"Faro","population":1951,"lat":37.12296,"lng":-8.34115},{"city":"Sagres","state":"Faro","population":1939,"lat":37.00864,"lng":-8.94311},{"city":"São João de Areias","state":"Viseu","population":1939,"lat":40.38722,"lng":-8.06783},{"city":"Lago","state":"Braga","population":1910,"lat":41.62148,"lng":-8.41258},{"city":"Nadadouro","state":"Leiria","population":1904,"lat":39.41927,"lng":-9.19091},{"city":"Várzea","state":"Braga","population":1904,"lat":41.51512,"lng":-8.584},{"city":"Cristelo","state":"Braga","population":1875,"lat":41.47964,"lng":-8.69785},{"city":"Amiães de Baixo","state":"Santarém","population":1851,"lat":39.44296,"lng":-8.73358},{"city":"São Pedro de Alva","state":"Coimbra","population":1818,"lat":40.30044,"lng":-8.16623},{"city":"Olhalvo","state":"Lisbon","population":1806,"lat":39.09893,"lng":-9.06545},{"city":"Santa Margarida da Coutada","state":"Santarém","population":1788,"lat":39.45,"lng":-8.31667},{"city":"Perelhal","state":"Braga","population":1749,"lat":41.53075,"lng":-8.68982},{"city":"Neves","state":"Beja","population":1747,"lat":38.0227,"lng":-7.81344},{"city":"Atalaia","state":"Portalegre","population":1747,"lat":39.45551,"lng":-7.87295},{"city":"Famalicão","state":"Leiria","population":1740,"lat":39.53642,"lng":-9.08308},{"city":"Moita dos Ferreiros","state":"Lisbon","population":1734,"lat":39.24825,"lng":-9.22355},{"city":"Meca","state":"Lisbon","population":1719,"lat":39.08178,"lng":-9.03459},{"city":"Seixezelo","state":"Porto","population":1712,"lat":41.03349,"lng":-8.54972},{"city":"Esporões","state":"Braga","population":1709,"lat":41.51006,"lng":-8.41729},{"city":"Praia do Ribatejo","state":"Santarém","population":1702,"lat":39.46667,"lng":-8.35},{"city":"A dos Francos","state":"Leiria","population":1701,"lat":39.32272,"lng":-9.04743},{"city":"Cadafais","state":"Lisbon","population":1687,"lat":39.00461,"lng":-9.00419},{"city":"Vieira do Minho","state":"Braga","population":1687,"lat":41.63292,"lng":-8.14252},{"city":"Meia Via","state":"Santarém","population":1667,"lat":39.47465,"lng":-8.49887},{"city":"Boavista dos Pinheiros","state":"Beja","population":1633,"lat":37.58058,"lng":-8.66441},{"city":"Azinhaga","state":"Santarém","population":1620,"lat":39.34877,"lng":-8.53005},{"city":"Vilaça","state":"Braga","population":1580,"lat":41.51787,"lng":-8.48357},{"city":"Fradelos","state":"Braga","population":1580,"lat":41.36846,"lng":-8.59887},{"city":"Figueiró dos Vinhos","state":"Leiria","population":1550,"lat":39.90413,"lng":-8.27511},{"city":"Cabanas de Viriato","state":"Viseu","population":1533,"lat":40.47662,"lng":-7.97445},{"city":"Santo Izidoro","state":"Porto","population":1495,"lat":41.21083,"lng":-8.14224},{"city":"Linhó","state":"Lisbon","population":1487,"lat":38.76603,"lng":-9.38289},{"city":"Sendim","state":"Bragança","population":1487,"lat":41.38739,"lng":-6.42625},{"city":"Campo de Besteiros","state":"Viseu","population":1474,"lat":40.55655,"lng":-8.13432},{"city":"Vimeiro","state":"Lisbon","population":1470,"lat":39.17768,"lng":-9.31702},{"city":"Alcanhões","state":"Santarém","population":1469,"lat":39.29603,"lng":-8.65847},{"city":"Avelar","state":"Leiria","population":1458,"lat":39.92373,"lng":-8.3583},{"city":"Santa Luzia","state":"Faro","population":1455,"lat":37.10224,"lng":-7.66202},{"city":"Alfarelos","state":"Coimbra","population":1439,"lat":40.15057,"lng":-8.65326},{"city":"Juncal","state":"Leiria","population":1425,"lat":39.60243,"lng":-8.89928},{"city":"Nariz","state":"Aveiro","population":1418,"lat":40.5392,"lng":-8.59093},{"city":"Rio Mau","state":"Porto","population":1407,"lat":41.05542,"lng":-8.36891},{"city":"Serra de El-Rei","state":"Leiria","population":1401,"lat":39.33291,"lng":-9.26843},{"city":"Ulgueira","state":"Lisbon","population":1401,"lat":38.78642,"lng":-9.47594},{"city":"Porto Covo","state":"Setúbal","population":1400,"lat":37.85256,"lng":-8.79018},{"city":"Pampilhosa da Serra","state":"Coimbra","population":1389,"lat":40.0462,"lng":-7.95182},{"city":"Cabeça Gorda","state":"Beja","population":1386,"lat":37.92401,"lng":-7.7929},{"city":"Sermonde","state":"Porto","population":1360,"lat":41.04712,"lng":-8.58449},{"city":"Ansião","state":"Leiria","population":1357,"lat":39.91177,"lng":-8.43568},{"city":"Almograve","state":"Beja","population":1356,"lat":37.65665,"lng":-8.79214},{"city":"São Marcos da Serra","state":"Faro","population":1352,"lat":37.361,"lng":-8.37764},{"city":"Salvada","state":"Beja","population":1352,"lat":37.93771,"lng":-7.77448},{"city":"Cobre","state":"Lisbon","population":1344,"lat":38.71281,"lng":-9.43541},{"city":"Foz do Arelho","state":"Leiria","population":1339,"lat":39.43672,"lng":-9.21374},{"city":"Aldeia de Joanes","state":"Castelo Branco","population":1333,"lat":40.13905,"lng":-7.51694},{"city":"Gandra","state":"Braga","population":1323,"lat":41.52185,"lng":-8.76185},{"city":"Espargo","state":"Aveiro","population":1309,"lat":40.92462,"lng":-8.57495},{"city":"Beringel","state":"Beja","population":1301,"lat":38.05656,"lng":-7.98427},{"city":"Ervedosa do Douro","state":"Viseu","population":1294,"lat":41.16626,"lng":-7.47305},{"city":"Ota","state":"Lisbon","population":1289,"lat":39.11199,"lng":-8.99105},{"city":"Montalvo","state":"Santarém","population":1275,"lat":39.48333,"lng":-8.3},{"city":"Montalvinho","state":"Santarém","population":1275,"lat":39.48423,"lng":-8.30685},{"city":"Comporta","state":"Setúbal","population":1268,"lat":38.38059,"lng":-8.78608},{"city":"Tadim","state":"Braga","population":1267,"lat":41.50727,"lng":-8.48964},{"city":"Sobreposta","state":"Braga","population":1267,"lat":41.55348,"lng":-8.33604},{"city":"Vestiaria","state":"Leiria","population":1258,"lat":39.55271,"lng":-8.9979},{"city":"Samil","state":"Bragança","population":1246,"lat":41.77632,"lng":-6.75698},{"city":"Alqueidão da Serra","state":"Leiria","population":1208,"lat":39.61539,"lng":-8.7826},{"city":"Mariz","state":"Braga","population":1208,"lat":41.52823,"lng":-8.67081},{"city":"Manta Rota","state":"Faro","population":1200,"lat":37.16849,"lng":-7.51804},{"city":"Campinas","state":"Porto","population":1200,"lat":41.16667,"lng":-8.65},{"city":"Vila Seca","state":"Braga","population":1197,"lat":41.50031,"lng":-8.68525},{"city":"Cabanas de Tavira","state":"Faro","population":1181,"lat":37.13521,"lng":-7.60048},{"city":"Boa Vista","state":"Leiria","population":1168,"lat":39.78413,"lng":-8.75225},{"city":"Penedo Gordo","state":"Beja","population":1167,"lat":37.98477,"lng":-7.91651},{"city":"Vila Verde","state":"Lisbon","population":1162,"lat":39.15489,"lng":-9.11512},{"city":"Carreira","state":"Leiria","population":1159,"lat":39.86802,"lng":-8.85415},{"city":"Olho Marinho","state":"Leiria","population":1158,"lat":39.32791,"lng":-9.23179},{"city":"Vidais","state":"Leiria","population":1155,"lat":39.36886,"lng":-9.04916},{"city":"Tebosa","state":"Braga","population":1129,"lat":41.48253,"lng":-8.48399},{"city":"Rendufe","state":"Braga","population":1124,"lat":41.62898,"lng":-8.40858},{"city":"Treixedo","state":"Viseu","population":1104,"lat":40.43246,"lng":-8.09428},{"city":"Belver","state":"Bragança","population":1100,"lat":41.24696,"lng":-7.27594},{"city":"Maceirinha","state":"Leiria","population":1089,"lat":39.67328,"lng":-8.90136},{"city":"Marmelete","state":"Faro","population":1087,"lat":37.31014,"lng":-8.66813},{"city":"Travanca","state":"Coimbra","population":1079,"lat":40.32357,"lng":-8.18687},{"city":"Oliveira do Mondego","state":"Coimbra","population":1079,"lat":40.32305,"lng":-8.22367},{"city":"Favaios","state":"Vila Real","population":1064,"lat":41.26876,"lng":-7.50465},{"city":"Cano","state":"Portalegre","population":1057,"lat":38.96234,"lng":-7.75896},{"city":"Espinho","state":"Braga","population":1057,"lat":41.54802,"lng":-8.36195},{"city":"Loriga","state":"Guarda","population":1053,"lat":40.32513,"lng":-7.68952},{"city":"Guisande","state":"Braga","population":1053,"lat":41.48264,"lng":-8.44564},{"city":"Pinheiro Grande","state":"Santarém","population":1051,"lat":39.39212,"lng":-8.4341},{"city":"São Bartolomeu","state":"Lisbon","population":1041,"lat":39.27511,"lng":-9.27885},{"city":"Loureira","state":"Leiria","population":1024,"lat":39.65997,"lng":-8.68787},{"city":"Cabanas de Torres","state":"Lisbon","population":1018,"lat":39.15581,"lng":-9.06588},{"city":"Granja","state":"Porto","population":1009,"lat":41.15,"lng":-8.56667},{"city":"São Luis","state":"Beja","population":1006,"lat":37.71556,"lng":-8.66472},{"city":"Milagres","state":"Leiria","population":1006,"lat":39.79002,"lng":-8.79351},{"city":"Constância","state":"Santarém","population":993,"lat":39.47796,"lng":-8.33636},{"city":"São Jacinto","state":"Aveiro","population":993,"lat":40.66268,"lng":-8.72948},{"city":"Aboim da Nóbrega","state":"Braga","population":987,"lat":41.74892,"lng":-8.39208},{"city":"Santa Vitória","state":"Beja","population":981,"lat":37.96891,"lng":-8.02664},{"city":"Mombeja","state":"Beja","population":981,"lat":38.02405,"lng":-8.03778},{"city":"Alvito","state":"Braga","population":963,"lat":41.49872,"lng":-8.00386},{"city":"Odeceixe","state":"Faro","population":961,"lat":37.43289,"lng":-8.77065},{"city":"Vale do Paraíso","state":"Lisbon","population":955,"lat":39.11529,"lng":-8.88575},{"city":"Mesquitela","state":"Viseu","population":954,"lat":40.58564,"lng":-7.74658},{"city":"Lamelas","state":"Porto","population":953,"lat":41.28742,"lng":-8.47458},{"city":"Santa Ovaia","state":"Coimbra","population":952,"lat":40.31393,"lng":-7.88545},{"city":"Britiande","state":"Viseu","population":934,"lat":41.06287,"lng":-7.79245},{"city":"Vila Nova de Ceira","state":"Coimbra","population":929,"lat":40.18165,"lng":-8.15143},{"city":"Calvaria de Cima","state":"Leiria","population":918,"lat":39.64359,"lng":-8.86407},{"city":"Colmeias","state":"Leiria","population":913,"lat":39.80077,"lng":-8.71081},{"city":"Barão de São João","state":"Faro","population":895,"lat":37.1388,"lng":-8.77757},{"city":"Alburitel","state":"Santarém","population":894,"lat":39.64887,"lng":-8.51951},{"city":"Comenda","state":"Portalegre","population":890,"lat":39.39997,"lng":-7.78112},{"city":"Barco","state":"Castelo Branco","population":879,"lat":40.1741,"lng":-7.60813},{"city":"Friumes","state":"Coimbra","population":870,"lat":40.27226,"lng":-8.21572},{"city":"Moitas Venda","state":"Santarém","population":866,"lat":39.49274,"lng":-8.66024},{"city":"Santa Clara de Louredo","state":"Beja","population":864,"lat":37.97106,"lng":-7.872},{"city":"Gáfete","state":"Portalegre","population":856,"lat":39.4108,"lng":-7.68365},{"city":"Nadrupe","state":"Lisbon","population":850,"lat":39.23803,"lng":-9.28238},{"city":"Corredoura","state":"Leiria","population":850,"lat":39.60092,"lng":-8.83183},{"city":"Paradela","state":"Braga","population":850,"lat":41.46216,"lng":-8.68038},{"city":"Azoia","state":"Leiria","population":845,"lat":39.71393,"lng":-8.83066},{"city":"Lamas","state":"Braga","population":842,"lat":41.50265,"lng":-8.4345},{"city":"Alguber","state":"Lisbon","population":833,"lat":39.27727,"lng":-9.02186},{"city":"Monsanto","state":"Castelo Branco","population":828,"lat":40.03921,"lng":-7.11477},{"city":"Arcos","state":"Porto","population":819,"lat":41.39629,"lng":-8.66685},{"city":"Fornelos","state":"Braga","population":803,"lat":41.51792,"lng":-8.67708},{"city":"Carvide","state":"Leiria","population":800,"lat":39.86309,"lng":-8.8944},{"city":"Azenhas do Mar","state":"Lisbon","population":800,"lat":38.84119,"lng":-9.4583},{"city":"Salir do Porto","state":"Leiria","population":797,"lat":39.4953,"lng":-9.15625},{"city":"Carvoeiro","state":"Santarém","population":794,"lat":39.62472,"lng":-7.92325},{"city":"Coimbrão","state":"Leiria","population":788,"lat":39.89808,"lng":-8.88435},{"city":"Cortes","state":"Leiria","population":786,"lat":39.70112,"lng":-8.78616},{"city":"Mondim da Beira","state":"Viseu","population":786,"lat":41.01946,"lng":-7.74547},{"city":"Chainça","state":"Leiria","population":772,"lat":39.6666,"lng":-8.70964},{"city":"Vide","state":"Guarda","population":761,"lat":40.29528,"lng":-7.78401},{"city":"Lapa do Lobo","state":"Viseu","population":756,"lat":40.4762,"lng":-7.91793},{"city":"Parada de Gonta","state":"Viseu","population":754,"lat":40.58382,"lng":-7.99408},{"city":"Lagoa do Furadouro","state":"Santarém","population":729,"lat":39.6171,"lng":-8.55061},{"city":"Carvoeira","state":"Santarém","population":729,"lat":39.71561,"lng":-8.54475},{"city":"Lalim","state":"Viseu","population":729,"lat":41.03945,"lng":-7.81605},{"city":"Moinhos","state":"Leiria","population":722,"lat":39.85012,"lng":-8.90844},{"city":"Barreiros","state":"Leiria","population":719,"lat":39.78633,"lng":-8.84738},{"city":"Reixida","state":"Leiria","population":712,"lat":39.68312,"lng":-8.77934},{"city":"Pedrógão","state":"Santarém","population":708,"lat":39.52218,"lng":-8.59217},{"city":"Serra do Bouro","state":"Leiria","population":703,"lat":39.45461,"lng":-9.17819},{"city":"São Jorge da Beira","state":"Castelo Branco","population":694,"lat":40.16971,"lng":-7.76302},{"city":"Bairro","state":"Santarém","population":691,"lat":39.57718,"lng":-8.59209},{"city":"Moleanos","state":"Leiria","population":687,"lat":39.50349,"lng":-8.77788},{"city":"Vales do Rio","state":"Castelo Branco","population":674,"lat":40.20171,"lng":-7.54547},{"city":"Porto Carro","state":"Leiria","population":654,"lat":39.64391,"lng":-8.89396},{"city":"Pinhão","state":"Vila Real","population":648,"lat":41.19063,"lng":-7.54504},{"city":"Cunha","state":"Braga","population":646,"lat":41.49061,"lng":-8.5107},{"city":"Fontelo","state":"Viseu","population":641,"lat":41.11968,"lng":-7.73009},{"city":"Unhais-o-Velho","state":"Coimbra","population":640,"lat":40.13115,"lng":-7.81019},{"city":"Cavalinhos","state":"Leiria","population":638,"lat":39.70963,"lng":-8.87528},{"city":"Fontes","state":"Santarém","population":627,"lat":39.60674,"lng":-8.23137},{"city":"Caldelas","state":"Leiria","population":625,"lat":39.73188,"lng":-8.70298},{"city":"Soutocico","state":"Leiria","population":619,"lat":39.70042,"lng":-8.74002},{"city":"Lagoaça","state":"Bragança","population":617,"lat":41.19242,"lng":-6.72689},{"city":"Jardoeira","state":"Leiria","population":615,"lat":39.66623,"lng":-8.83243},{"city":"Famalicão","state":"Guarda","population":615,"lat":40.44318,"lng":-7.37752},{"city":"Cruz da Légua","state":"Leiria","population":614,"lat":39.60098,"lng":-8.87582},{"city":"Freixo de Numão","state":"Guarda","population":609,"lat":41.06707,"lng":-7.22124},{"city":"Martinchel","state":"Santarém","population":604,"lat":39.53622,"lng":-8.3118},{"city":"Golpilheira","state":"Leiria","population":602,"lat":39.69217,"lng":-8.81999},{"city":"Rua","state":"Viseu","population":601,"lat":40.94722,"lng":-7.57548},{"city":"Barroca Grande","state":"Castelo Branco","population":600,"lat":40.1539,"lng":-7.74897},{"city":"Belazaima do Chão","state":"Aveiro","population":599,"lat":40.53215,"lng":-8.36572},{"city":"Mata","state":"Leiria","population":596,"lat":39.80764,"lng":-8.76937},{"city":"Avô","state":"Coimbra","population":595,"lat":40.29273,"lng":-7.90288},{"city":"Brancas de Cima","state":"Leiria","population":593,"lat":39.64677,"lng":-8.81757},{"city":"Zibreira","state":"Santarém","population":592,"lat":39.48257,"lng":-8.60994},{"city":"Pereiro da Palhacana","state":"Lisbon","population":591,"lat":39.04345,"lng":-9.11099},{"city":"Faro do Alentejo","state":"Beja","population":591,"lat":38.14888,"lng":-7.94173},{"city":"Reguengo do Fetal","state":"Leiria","population":586,"lat":39.64066,"lng":-8.76367},{"city":"Sismaria","state":"Leiria","population":584,"lat":39.88059,"lng":-8.8654},{"city":"Lamarosa","state":"Santarém","population":575,"lat":39.52205,"lng":-8.47032},{"city":"Trigaches","state":"Beja","population":572,"lat":38.09064,"lng":-7.97196},{"city":"São Brissos","state":"Beja","population":572,"lat":38.07203,"lng":-7.9465},{"city":"São Matias","state":"Beja","population":569,"lat":38.10932,"lng":-7.85638},{"city":"Faniqueira","state":"Leiria","population":569,"lat":39.67644,"lng":-8.83266},{"city":"São Jorge","state":"Leiria","population":566,"lat":39.63518,"lng":-8.84661},{"city":"Évora","state":"Leiria","population":564,"lat":39.51595,"lng":-8.97095},{"city":"Lamas","state":"Porto","population":562,"lat":41.15,"lng":-8.56667},{"city":"Telheiro","state":"Leiria","population":561,"lat":39.71082,"lng":-8.91181},{"city":"Goães","state":"Braga","population":557,"lat":41.65893,"lng":-8.3094},{"city":"Ulmeiro","state":"Leiria","population":549,"lat":39.67401,"lng":-8.65882},{"city":"Rubiãis","state":"Viana do Castelo","population":548,"lat":41.89614,"lng":-8.6253},{"city":"Fontainhas","state":"Santarém","population":543,"lat":39.66421,"lng":-8.5133},{"city":"Trevões","state":"Viseu","population":540,"lat":41.08125,"lng":-7.43512},{"city":"Moinhos","state":"Leiria","population":531,"lat":39.75094,"lng":-8.84291},{"city":"Arrimal","state":"Leiria","population":519,"lat":39.49168,"lng":-8.87973},{"city":"Évora Monte","state":"Évora","population":506,"lat":38.76484,"lng":-7.71686},{"city":"Famalicão","state":"Leiria","population":505,"lat":39.70656,"lng":-8.7749},{"city":"Vila Flor","state":"Bragança","population":0,"lat":41.30904,"lng":-7.15378},{"city":"Viana do Alentejo","state":"Évora","population":0,"lat":38.33458,"lng":-8.0044},{"city":"Urra","state":"Portalegre","population":0,"lat":39.2283,"lng":-7.39856},{"city":"São Julião","state":"Portalegre","population":0,"lat":39.32268,"lng":-7.31106},{"city":"Reguengo","state":"Portalegre","population":0,"lat":39.29801,"lng":-7.39234},{"city":"Póvoa e Meadas","state":"Portalegre","population":0,"lat":39.51046,"lng":-7.51765},{"city":"Portel","state":"Évora","population":0,"lat":38.30697,"lng":-7.70244},{"city":"Ourique","state":"Beja","population":0,"lat":37.6539,"lng":-8.22569},{"city":"Mourão","state":"Évora","population":0,"lat":38.38356,"lng":-7.34189},{"city":"Mora","state":"Évora","population":0,"lat":38.94351,"lng":-8.16434},{"city":"Mação","state":"Santarém","population":0,"lat":39.55573,"lng":-7.99421},{"city":"Idanha-a-Nova","state":"Castelo Branco","population":0,"lat":39.92316,"lng":-7.24082},{"city":"Fortios","state":"Portalegre","population":0,"lat":39.32494,"lng":-7.50057},{"city":"Ferreira do Zêzere","state":"Santarém","population":0,"lat":39.69406,"lng":-8.29213},{"city":"Barrancos","state":"Beja","population":0,"lat":38.13446,"lng":-6.97604},{"city":"Arraiolos","state":"Évora","population":0,"lat":38.72363,"lng":-7.98478},{"city":"Alvaiázere","state":"Leiria","population":0,"lat":39.82256,"lng":-8.37999},{"city":"Alegrete","state":"Portalegre","population":0,"lat":39.23983,"lng":-7.32342},{"city":"Alcoutim","state":"Faro","population":0,"lat":37.47432,"lng":-7.47228},{"city":"Alandroal","state":"Évora","population":0,"lat":38.702,"lng":-7.40309},{"city":"Alagoa","state":"Portalegre","population":0,"lat":39.36125,"lng":-7.53894},{"city":"Vouzela","state":"Viseu","population":0,"lat":40.72361,"lng":-8.11283},{"city":"Vizela","state":"Braga","population":0,"lat":41.39096,"lng":-8.26389},{"city":"Vimioso","state":"Bragança","population":0,"lat":41.58473,"lng":-6.52767},{"city":"Vila Pouca de Aguiar","state":"Vila Real","population":0,"lat":41.50018,"lng":-7.64383},{"city":"Vila Nova de Cerveira","state":"Viana do Castelo","population":0,"lat":41.94118,"lng":-8.7423},{"city":"Valença","state":"Viana do Castelo","population":0,"lat":42.03104,"lng":-8.64595},{"city":"Trancoso","state":"Guarda","population":0,"lat":40.78329,"lng":-7.35016},{"city":"Terras de Bouro","state":"Braga","population":0,"lat":41.71769,"lng":-8.30888},{"city":"Cinfães","state":"Viseu","population":0,"lat":41.07197,"lng":-8.08999},{"city":"Sever do Vouga","state":"Aveiro","population":0,"lat":40.73459,"lng":-8.36722},{"city":"Santa Marta de Penaguião","state":"Vila Real","population":0,"lat":41.20991,"lng":-7.78386},{"city":"Sabugal","state":"Guarda","population":0,"lat":40.35127,"lng":-7.09104},{"city":"Pinhel","state":"Guarda","population":0,"lat":40.77403,"lng":-7.06675},{"city":"Penela","state":"Coimbra","population":0,"lat":40.03333,"lng":-8.38333},{"city":"Penamacor","state":"Castelo Branco","population":0,"lat":40.16895,"lng":-7.16987},{"city":"Paredes de Coura","state":"Viana do Castelo","population":0,"lat":41.91013,"lng":-8.56094},{"city":"Oliveira de Frades","state":"Viseu","population":0,"lat":40.73357,"lng":-8.17481},{"city":"Murça","state":"Vila Real","population":0,"lat":41.406,"lng":-7.45485},{"city":"Mortágua","state":"Viseu","population":0,"lat":40.39675,"lng":-8.23234},{"city":"Montalegre","state":"Vila Real","population":0,"lat":41.82357,"lng":-7.78971},{"city":"Fornos de Algodres","state":"Guarda","population":0,"lat":40.62807,"lng":-7.54064},{"city":"Figueira de Castelo Rodrigo","state":"Guarda","population":0,"lat":40.89262,"lng":-6.9635},{"city":"Estarreja","state":"Aveiro","population":0,"lat":40.75648,"lng":-8.57207},{"city":"Celorico de Basto","state":"Braga","population":0,"lat":41.38714,"lng":-8.00101},{"city":"Celorico da Beira","state":"Guarda","population":0,"lat":40.63723,"lng":-7.39037},{"city":"Castelo de Paiva","state":"Aveiro","population":0,"lat":41.06301,"lng":-8.2647},{"city":"Belmonte","state":"Castelo Branco","population":0,"lat":40.3593,"lng":-7.34869},{"city":"Armamar","state":"Viseu","population":0,"lat":41.10765,"lng":-7.69139},{"city":"Anadia","state":"Aveiro","population":0,"lat":40.43841,"lng":-8.43352},{"city":"Amares","state":"Braga","population":0,"lat":41.63091,"lng":-8.35117},{"city":"Alfândega da Fé","state":"Bragança","population":0,"lat":41.34315,"lng":-6.96112},{"city":"Vila","state":"Viana do Castelo","population":0,"lat":42.0304,"lng":-8.1588}]}}