{"timezone":"Pacific/Fiji","countries":{"Fiji":[{"city":"Nasinu","state":"Central","population":92043,"lat":-18.07051,"lng":178.51313},{"city":"Suva","state":"Central","population":77366,"lat":-18.13683,"lng":178.42531},{"city":"Lautoka","state":"Western","population":52500,"lat":-17.61686,"lng":177.45049},{"city":"Nadi","state":"Western","population":42284,"lat":-17.80309,"lng":177.41617},{"city":"Labasa","state":"Northern","population":27949,"lat":-16.4332,"lng":179.36451},{"city":"Lami","state":"Central","population":24639,"lat":-18.11094,"lng":178.40943},{"city":"Sigatoka","state":"Western","population":17622,"lat":-18.14307,"lng":177.50691},{"city":"Ba","state":"Western","population":14596,"lat":-17.5343,"lng":177.67407},{"city":"Tavua","state":"Western","population":8810,"lat":-17.44221,"lng":177.86221},{"city":"Levuka","state":"Eastern","population":8360,"lat":-18.06667,"lng":179.31667},{"city":"Savusavu","state":"Northern","population":6833,"lat":-16.77942,"lng":179.33564},{"city":"Vaileka","state":"Western","population":5964,"lat":-17.37894,"lng":178.15329},{"city":"Navua","state":"Central","population":5812,"lat":-18.22271,"lng":178.17002},{"city":"Vatukoula","state":"Western","population":5580,"lat":-17.50136,"lng":177.84983},{"city":"Ahau","state":"Rotuma","population":0,"lat":-12.5,"lng":177.05},{"city":"Tubou","state":"Eastern","population":0,"lat":-18.23652,"lng":-178.81232}]}}