{"timezone":"Pacific/Pago_Pago","countries":{"American Samoa":[{"city":"Pago Pago","state":"Eastern District","population":11500,"lat":-14.27806,"lng":-170.7025},{"city":"Tāfuna","state":"Western District","population":7988,"lat":-14.33583,"lng":-170.72},{"city":"Nu‘uuli","state":"Eastern District","population":5000,"lat":-14.31583,"lng":-170.6975},{"city":"Leone","state":"Western District","population":4050,"lat":-14.34389,"lng":-170.785},{"city":"Faleniu","state":"Western District","population":3200,"lat":-14.3325,"lng":-170.74444},{"city":"Ili‘ili","state":"Western District","population":3073,"lat":-14.35167,"lng":-170.74694},{"city":"Aūa","state":"Eastern District","population":2124,"lat":-14.27032,"lng":-170.66528},{"city":"Mapusagafou","state":"Western District","population":2052,"lat":-14.323,"lng":-170.754},{"city":"Fagatogo","state":"Eastern District","population":1868,"lat":-14.2825,"lng":-170.69},{"city":"Mapusaga","state":"Western District","population":1772,"lat":-14.323,"lng":-170.7553},{"city":"Vaitogi","state":"Western District","population":1436,"lat":-14.35259,"lng":-170.73796},{"city":"Malaeimi","state":"Western District","population":1261,"lat":-14.32278,"lng":-170.73389},{"city":"Vailoatai","state":"Western District","population":1144,"lat":-14.3534,"lng":-170.7808},{"city":"Aoloau","state":"Western District","population":966,"lat":-14.31972,"lng":-170.77},{"city":"Ta`ū","state":"Manu'a","population":873,"lat":-14.23361,"lng":-169.51444},{"city":"Taputimu","state":"Western District","population":741,"lat":-14.36028,"lng":-170.77306},{"city":"Faga‘alu","state":"Eastern District","population":731,"lat":-14.29639,"lng":-170.68361},{"city":"Malaeloa/Ituau","state":"Western District","population":717,"lat":-14.34722,"lng":-170.76722},{"city":"Utulei","state":"Eastern District","population":683,"lat":-14.28694,"lng":-170.68306},{"city":"Futiga","state":"Western District","population":682,"lat":-14.35333,"lng":-170.75417},{"city":"Malaeloa/Aitulagi","state":"Western District","population":633,"lat":-14.33861,"lng":-170.76784},{"city":"Mesepa","state":"Western District","population":552,"lat":-14.3233,"lng":-170.7471},{"city":"Leloaloa","state":"Eastern District","population":546,"lat":-14.26736,"lng":-170.67832},{"city":"Āfono","state":"Eastern District","population":527,"lat":-14.26417,"lng":-170.65083},{"city":"Alao","state":"Eastern District","population":508,"lat":-14.2675,"lng":-170.56361},{"city":"Ofu","state":"Manu'a","population":254,"lat":-14.17117,"lng":-169.67851},{"city":"Taulaga","state":"Swains Island","population":37,"lat":-11.05528,"lng":-171.08833},{"city":"Faleāsao","state":"Manu'a","population":0,"lat":-14.2222,"lng":-169.51278}]}}